{
    "brightness": [
        86, 
        87, 
        89, 
        91, 
        91, 
        92, 
        91, 
        91, 
        91, 
        91, 
        91, 
        91, 
        92, 
        92, 
        93, 
        92
    ], 
    "horizontal_movement": [
        [
            -12.5, 
            -16.153846153846153, 
            -12.62962962962963, 
            -7.9411764705882355, 
            -2.7027027027027026, 
            0.71794871794871795, 
            -0.25641025641025639, 
            -0.82051282051282048, 
            -2.763157894736842, 
            -3.2972972972972974, 
            -3.5555555555555554, 
            -5.1111111111111107, 
            -4.46875, 
            -2.0555555555555554, 
            0.052631578947368418
        ], 
        [
            0.0, 
            -0.025000000000000001, 
            -0.82499999999999996, 
            -0.94999999999999996, 
            -1.05, 
            0.025000000000000001, 
            -1.075, 
            -1.0, 
            -0.90000000000000002, 
            0.69999999999999996, 
            1.0249999999999999, 
            -0.050000000000000003, 
            0.10000000000000001, 
            0.84999999999999998, 
            0.67500000000000004
        ], 
        [
            0.0, 
            0.02564102564102564, 
            -0.89743589743589747, 
            -0.84615384615384615, 
            -0.89743589743589747, 
            -0.076923076923076927, 
            -1.0512820512820513, 
            -0.84615384615384615, 
            -1.0512820512820513, 
            0.33333333333333331, 
            0.87179487179487181, 
            -0.02564102564102564, 
            -0.23076923076923078, 
            0.076923076923076927, 
            0.48717948717948717
        ], 
        [
            -6.2285714285714286, 
            -8.32258064516129, 
            -7.21875, 
            -5.0526315789473681, 
            -2.2000000000000002, 
            0.11627906976744186, 
            -0.29545454545454547, 
            -0.97619047619047616, 
            -2.1904761904761907, 
            -1.6666666666666667, 
            -2.5609756097560976, 
            -3.8974358974358974, 
            -3.3888888888888888, 
            -1.7906976744186047, 
            -0.021276595744680851
        ], 
        [
            -0.27906976744186046, 
            -0.30232558139534882, 
            -1.1363636363636365, 
            -1.1304347826086956, 
            -1.1304347826086956, 
            -0.14893617021276595, 
            -1.0425531914893618, 
            -1.173913043478261, 
            -0.5714285714285714, 
            0.54761904761904767, 
            0.47368421052631576, 
            -0.42857142857142855, 
            -0.30769230769230771, 
            -0.34883720930232559, 
            -0.31707317073170732
        ], 
        [
            -0.021739130434782608, 
            0.0, 
            -0.8125, 
            -0.78260869565217395, 
            -1.0227272727272727, 
            -0.043478260869565216, 
            -1.0416666666666667, 
            -1.125, 
            -0.66666666666666663, 
            0.72916666666666663, 
            0.89583333333333337, 
            -0.22916666666666666, 
            -0.0625, 
            -0.54166666666666663, 
            -0.14583333333333334
        ], 
        [
            -0.625, 
            -0.75, 
            -1.325, 
            -1.3500000000000001, 
            -1.2972972972972974, 
            -0.55882352941176472, 
            -1.0571428571428572, 
            -1.3428571428571427, 
            -0.61111111111111116, 
            0.76315789473684215, 
            0.33333333333333331, 
            -0.80000000000000004, 
            0.125, 
            -0.69999999999999996, 
            -0.42499999999999999
        ], 
        [
            -0.84615384615384615, 
            -0.71794871794871795, 
            -1.368421052631579, 
            -1.641025641025641, 
            -1.6578947368421053, 
            -0.59999999999999998, 
            -1.55, 
            -1.5249999999999999, 
            -0.75, 
            0.55000000000000004, 
            0.050000000000000003, 
            -0.625, 
            -0.025000000000000001, 
            -0.875, 
            -0.5
        ], 
        [
            -0.076923076923076927, 
            0.0, 
            -0.59999999999999998, 
            -0.75, 
            -0.71794871794871795, 
            -0.025000000000000001, 
            -0.72499999999999998, 
            -0.90000000000000002, 
            -0.23076923076923078, 
            1.0256410256410255, 
            0.20512820512820512, 
            -0.34999999999999998, 
            0.074999999999999997, 
            -0.34210526315789475, 
            -0.02564102564102564
        ]
    ],