{
    "brightness": [
        134, 
        133, 
        131, 
        129, 
        128, 
        127, 
        126, 
        125, 
        121, 
        120, 
        118, 
        117
    ], 
    "horizontal_movement": [
        [
            -0.77500000000000002, 
            -0.31428571428571428, 
            1.1081081081081081, 
            0.875, 
            0.42499999999999999, 
            1.2749999999999999, 
            0.20000000000000001, 
            1.8421052631578947, 
            0.050000000000000003, 
            0.22500000000000001, 
            0.32500000000000001
        ], 
        [
            -1.0555555555555556, 
            -0.90909090909090906, 
            0.41176470588235292, 
            0.47222222222222221, 
            0.0, 
            0.61111111111111116, 
            -0.1388888888888889, 
            1.3888888888888888, 
            -0.054054054054054057, 
            0.028571428571428571, 
            0.0
        ], 
        [
            -0.45000000000000001, 
            0.10000000000000001, 
            1.3500000000000001, 
            1.8, 
            0.94999999999999996, 
            1.0, 
            0.34999999999999998, 
            1.95, 
            -0.025000000000000001, 
            0.60526315789473684, 
            0.22500000000000001
        ], 
        [
            0.25531914893617019, 
            1.2790697674418605, 
            2.1428571428571428, 
            1.0869565217391304, 
            0.91666666666666663, 
            1.3191489361702127, 
            0.58333333333333337, 
            1.2790697674418605, 
            0.625, 
            1.0217391304347827, 
            0.875
        ], 
        [
            -1.9444444444444444, 
            -0.77777777777777779, 
            -0.41176470588235292, 
            -1.6944444444444444, 
            -2.4545454545454546, 
            -2.3333333333333335, 
            -2.8999999999999999, 
            -1.2580645161290323, 
            -1.6176470588235294, 
            -1.7666666666666666, 
            -2.1785714285714284
        ], 
        [
            0.33333333333333331, 
            1.5416666666666667, 
            2.0, 
            1.0833333333333333, 
            0.97916666666666663, 
            1.0625, 
            0.625, 
            1.4791666666666667, 
            0.64583333333333337, 
            1.0, 
            0.875
        ], 
        [
            2.4838709677419355, 
            3.7727272727272729, 
            4.75, 
            1.7916666666666667, 
            2.0810810810810811, 
            1.8421052631578947, 
            1.263157894736842, 
            1.1515151515151516, 
            1.0810810810810811, 
            1.5135135135135136, 
            1.0833333333333333
        ], 
        [
            0.58333333333333337, 
            2.0, 
            2.3181818181818183, 
            0.0, 
            0.86206896551724133, 
            0.82758620689655171, 
            0.071428571428571425, 
            0.6785714285714286, 
            0.9642857142857143, 
            1.3600000000000001, 
            0.8928571428571429
        ], 
        [
            1.25, 
            2.6111111111111112, 
            2.7027027027027026, 
            0.24324324324324326, 
            1.05, 
            1.2749999999999999, 
            0.82499999999999996, 
            1.2105263157894737, 
            1.0, 
            1.641025641025641, 
            1.125
        ]
    ], 
    "mean_vector_length": [
        [
            1.1096194077712558, 
            1.2408443795496493, 
            2.6406765025173042, 
            1.1035533905932735, 
            1.4010407640085654, 
            1.4272150459088937, 
            0.50606601717798205, 
            1.9337657176281666, 
            0.41035533905932742, 
            0.36642135623730948, 
            1.3623512096620929
        ], 
        [
            1.6565459946492871, 
            1.8034021376278533, 
            0.82057338048857853, 
            1.5350048531002645, 
            1.9902855983298022, 
            0.66190075346517196, 
            1.1293570624858995, 
            1.6913232894043793, 
            0.35135135135135137, 
            1.0404061017820883, 
            0.22857142857142856
        ], 
        [
            2.6993243152912809, 
            3.8930040053802237, 
            2.2585615661578502, 
            2.7889526201683297, 
            2.4999240177909146, 
            1.4113415004586869, 
            2.0691399530571388, 
            2.2646822724840083, 
            1.0016123775561492, 
            2.2180715498934114, 
            0.83445509003076856
        ], 
        [
            0.91549968385326852, 
            1.6508237436390714, 
            2.5470455049789824, 
            1.4040181375479919, 
            1.4051733188057696, 
            1.3380074365398442, 
            1.0215637052233983, 
            1.2887026409854208, 
            0.65446278254943946, 
            1.1709453255536808, 
            1.3192896209959268
        ], 
        [
            2.2247208403211349, 
            2.6956621347592811, 
            2.4405299751460845, 
            2.5867572927072415, 
            3.4680989030078786, 
            3.4405790034725579, 
            3.5594852106134902, 
            2.5894279410940291, 
            2.6705837311890135, 
            3.1824699839758024, 
            4.2608609847169756
        ], 
        [
            1.9950922338142958, 
            3.5534516412101422, 
            2.7247692809691593, 
            1.6257562508943646, 
            1.656288818506449, 
            1.1901872959269157, 
            2.1475424859373669, 
            1.5342329297377724, 
            1.6456310640748546, 
            1.9508799732344004, 
            1.0856812160876679
        ], 
        [
            2.6766132006531085, 
            3.8867212041360024, 
            5.0886199841858266, 
            2.3302091875243662, 
            2.3521359610577042, 
            1.8421052631578947, 
            2.004119032504641, 
            1.3051838730868326, 
            1.2490054982593626, 
            1.8110192055828251, 
            1.37753908435631
        ], 
        [
            1.1963355890272056, 
            2.4711245305141278, 
            2.7568453297762301, 
            0.82608695652173914, 
            1.3368018628901202, 
            0.88449246689216843, 
            1.9030690039539719, 
            1.0521470798017221, 
            1.6379627418796072, 
            1.7665380827133836, 
            1.1094462536516423
        ], 
        [
            2.0302516805202235, 
            3.4600340624195312, 
            3.3939498265187846, 
            0.62336473249313462, 
            1.1017766952966368, 
            1.2749999999999999, 
            2.114731741035937, 
            1.3039414862232774, 
            2.2155216171216203, 
            1.9593146576977238, 
            1.1368033988749893
        ]
    ],