{
    "brightness": [
        50, 
        47, 
        48, 
        48, 
        49, 
        50, 
        52, 
        52, 
        52, 
        53, 
        53, 
        54, 
        58, 
        56, 
        56, 
        57, 
        58, 
        59, 
        61, 
        62, 
        64, 
        65
    ], 
    "horizontal_movement": [
        [
            -12.545454545454545, 
            -2.5789473684210527, 
            -7.6521739130434785, 
            -5.0740740740740744, 
            -6.3888888888888893, 
            -5.1739130434782608, 
            -5.5199999999999996, 
            -4.7727272727272725, 
            -2.65625, 
            -1.096774193548387, 
            -2.4411764705882355, 
            -1.6470588235294117, 
            -1.0, 
            0.12121212121212122, 
            0.0, 
            -0.07407407407407407, 
            -1.0, 
            -0.65625, 
            0.0, 
            -1.0, 
            -0.10810810810810811
        ], 
        [
            -0.76923076923076927, 
            0.82857142857142863, 
            1.8108108108108107, 
            0.81081081081081086, 
            0.38235294117647056, 
            -0.26315789473684209, 
            -0.41176470588235292, 
            0.0, 
            0.34615384615384615, 
            0.65517241379310343, 
            -0.86486486486486491, 
            -0.82608695652173914, 
            -1.9565217391304348, 
            -0.70588235294117652, 
            -0.6470588235294118, 
            0.4642857142857143, 
            -1.0, 
            -1.393939393939394, 
            -0.94117647058823528, 
            -1.7837837837837838, 
            -0.80000000000000004
        ], 
        [
            -0.88, 
            0.74358974358974361, 
            1.3, 
            0.47499999999999998, 
            -0.02564102564102564, 
            -0.65000000000000002, 
            -0.92500000000000004, 
            -0.30769230769230771, 
            0.0, 
            0.44444444444444442, 
            -1.0, 
            -1.04, 
            -0.95999999999999996, 
            0.10000000000000001, 
            0.0, 
            -0.027027027027027029, 
            -0.97499999999999998, 
            -0.97499999999999998, 
            0.0, 
            -1.0, 
            -0.14999999999999999
        ], 
        [
            -26.739130434782609, 
            -12.35483870967742, 
            -14.129032258064516, 
            -14.53125, 
            -14.911764705882353, 
            -14.375, 
            -13.84375, 
            -13.275862068965518, 
            -10.45945945945946, 
            -9.2121212121212128, 
            -8.7941176470588243, 
            -6.0714285714285712, 
            -3.8214285714285716, 
            -2.5185185185185186, 
            -2.9310344827586206, 
            -2.8571428571428572, 
            -2.7058823529411766, 
            -2.193548387096774, 
            -1.3636363636363635, 
            -1.8529411764705883, 
            -1.3055555555555556
        ], 
        [
            -0.76470588235294112, 
            0.10526315789473684, 
            0.30555555555555558, 
            -0.69696969696969702, 
            -1.2692307692307692, 
            -1.2857142857142858, 
            -0.88461538461538458, 
            -1.1428571428571428, 
            -1.72, 
            -2.4230769230769229, 
            -3.8148148148148149, 
            -4.34375, 
            -4.0666666666666664, 
            -3.5249999999999999, 
            -4.3428571428571425, 
            -4.0999999999999996, 
            -4.2941176470588234, 
            -4.1428571428571432, 
            -3.4166666666666665, 
            -3.3823529411764706, 
            -3.5294117647058822
        ], 
        [
            -0.20689655172413793, 
            0.34999999999999998, 
            0.68292682926829273, 
            -0.093023255813953487, 
            -1.0, 
            -0.97560975609756095, 
            -0.375, 
            -0.068181818181818177, 
            -0.068181818181818177, 
            -0.67500000000000004, 
            -0.79545454545454541, 
            -0.29032258064516131, 
            -0.51428571428571423, 
            0.21052631578947367, 
            -0.027777777777777776, 
            -0.35714285714285715, 
            -0.96875, 
            -0.6875, 
            -0.28125, 
            -0.90476190476190477, 
            -0.29999999999999999
        ], 
        [
            -24.722222222222221, 
            -11.32, 
            -8.9230769230769234, 
            -5.1875, 
            -10.863636363636363, 
            -8.0625, 
            -11.347826086956522, 
            -11.142857142857142, 
            -11.535714285714286, 
            -9.4444444444444446, 
            -7.791666666666667, 
            -5.041666666666667, 
            -4.5862068965517242, 
            -3.0555555555555554, 
            -3.6578947368421053, 
            -3.2777777777777777, 
            -2.1714285714285713, 
            -1.8484848484848484, 
            -1.15625, 
            -2.4166666666666665, 
            -1.6842105263157894
        ], 
        [
            -0.7407407407407407, 
            -0.67647058823529416, 
            -1.2727272727272727, 
            -1.7352941176470589, 
            -2.8333333333333335, 
            -2.5, 
            -2.0666666666666669, 
            -3.0333333333333332, 
            -5.2692307692307692, 
            -4.9642857142857144, 
            -4.1200000000000001, 
            -5.0714285714285712, 
            -4.7407407407407405, 
            -4.8620689655172411, 
            -4.1724137931034484, 
            -5.1923076923076925, 
            -6.0357142857142856, 
            -3.4444444444444446, 
            -1.5384615384615385, 
            -3.0, 
            -1.9428571428571428
        ], 
        [
            -0.10344827586206896, 
            -1.7586206896551724, 
            -3.8571428571428572, 
            -1.1428571428571428, 
            -0.31578947368421051, 
            1.8, 
            0.72499999999999998, 
            0.68421052631578949, 
            -0.15789473684210525, 
            0.1111111111111111, 
            0.61111111111111116, 
            -1.7837837837837838, 
            -0.18421052631578946, 
            0.1111111111111111, 
            -1.8857142857142857, 
            0.30769230769230771, 
            -0.375, 
            -1.6923076923076923, 
            -0.21621621621621623, 
            -0.89189189189189189, 
            -2.1666666666666665
        ]
    ],