{
    "brightness": [
        57, 
        57, 
        58, 
        58, 
        59, 
        59, 
        59, 
        60, 
        61, 
        63, 
        64, 
        65, 
        65, 
        65, 
        65, 
        65, 
        65, 
        64, 
        64
    ], 
    "horizontal_movement": [
        [
            0.18518518518518517, 
            -2.0, 
            -1.9090909090909092, 
            -0.37142857142857144, 
            -0.5, 
            2.0499999999999998, 
            1.9750000000000001, 
            2.4249999999999998, 
            3.6153846153846154, 
            5.6578947368421053, 
            3.5135135135135136, 
            2.3250000000000002, 
            1.2564102564102564, 
            0.80000000000000004, 
            -0.33333333333333331, 
            -4.384615384615385, 
            -6.4857142857142858, 
            -3.0499999999999998
        ], 
        [
            0.69230769230769229, 
            1.1499999999999999, 
            1.325, 
            0.94999999999999996, 
            1.175, 
            1.8, 
            0.78947368421052633, 
            0.22500000000000001, 
            -0.22222222222222221, 
            -0.10000000000000001, 
            -0.34999999999999998, 
            -1.3055555555555556, 
            0.14999999999999999, 
            -0.40000000000000002, 
            -1.3500000000000001, 
            -1.1764705882352942, 
            5.9000000000000004, 
            11.054054054054054
        ], 
        [
            0.89473684210526316, 
            1.2051282051282051, 
            1.875, 
            1.1499999999999999, 
            1.675, 
            2.1000000000000001, 
            0.97499999999999998, 
            0.27500000000000002, 
            -0.37037037037037035, 
            -0.27272727272727271, 
            0.10000000000000001, 
            -1.3870967741935485, 
            0.40000000000000002, 
            -0.17499999999999999, 
            -1.075, 
            0.80000000000000004, 
            27.800000000000001, 
            24.0
        ], 
        [
            2.9736842105263159, 
            0.39130434782608697, 
            -0.086956521739130432, 
            -0.36170212765957449, 
            -0.52083333333333337, 
            0.45833333333333331, 
            -0.125, 
            -0.34090909090909088, 
            0.022727272727272728, 
            -0.22916666666666666, 
            -0.0625, 
            -0.26829268292682928, 
            0.20833333333333334, 
            -1.0625, 
            -1.0416666666666667, 
            -5.0, 
            -6.2051282051282053, 
            -3.3636363636363638
        ], 
        [
            0.1276595744680851, 
            0.39583333333333331, 
            0.3125, 
            0.14583333333333334, 
            0.1875, 
            0.8125, 
            -0.10416666666666667, 
            -0.45833333333333331, 
            -0.72727272727272729, 
            -0.27083333333333331, 
            -0.20833333333333334, 
            -0.26666666666666666, 
            -0.13043478260869565, 
            -0.89583333333333337, 
            -0.95833333333333337, 
            -0.15789473684210525, 
            8.0, 
            10.272727272727273
        ], 
        [
            -0.042553191489361701, 
            0.25, 
            0.62222222222222223, 
            0.25, 
            0.4375, 
            1.1666666666666667, 
            0.29166666666666669, 
            -0.39583333333333331, 
            -0.41463414634146339, 
            -0.2978723404255319, 
            -0.041666666666666664, 
            -0.28888888888888886, 
            0.16666666666666666, 
            -0.5625, 
            -0.54166666666666663, 
            3.0909090909090908, 
            17.75, 
            16.967741935483872
        ], 
        [
            0.14705882352941177, 
            -0.31428571428571428, 
            -0.42105263157894735, 
            -0.22222222222222221, 
            -0.97499999999999998, 
            0.15384615384615385, 
            -0.02564102564102564, 
            1.3142857142857143, 
            1.7297297297297298, 
            2.6499999999999999, 
            1.5384615384615385, 
            0.5, 
            -0.67500000000000004, 
            -1.575, 
            -2.0512820512820511, 
            -6.6052631578947372, 
            -7.5666666666666664, 
            -5.0
        ], 
        [
            -0.15384615384615385, 
            -0.24324324324324326, 
            -0.94999999999999996, 
            -1.0, 
            -1.1499999999999999, 
            -0.5, 
            -0.94999999999999996, 
            -1.0249999999999999, 
            -1.1538461538461537, 
            -0.94999999999999996, 
            -0.41025641025641024, 
            0.48648648648648651, 
            -0.09375, 
            -0.057142857142857141, 
            -0.083333333333333329, 
            -0.18181818181818182, 
            5.2999999999999998, 
            9.1818181818181817
        ], 
        [
            -0.45000000000000001, 
            -0.47499999999999998, 
            -0.69999999999999996, 
            -0.625, 
            -0.59999999999999998, 
            0.074999999999999997, 
            -0.42499999999999999, 
            -0.69999999999999996, 
            -1.0277777777777777, 
            -0.081081081081081086, 
            -0.078947368421052627, 
            0.21621621621621623, 
            0.0, 
            -0.4358974358974359, 
            0.025000000000000001, 
            8.625, 
            24.111111111111111, 
            20.076923076923077
        ]
    ],