{
    "brightness": [
        107, 
        106, 
        105, 
        105, 
        105, 
        104, 
        104, 
        105, 
        105, 
        105, 
        104
    ], 
    "horizontal_movement": [
        [
            -0.62962962962962965, 
            -0.34615384615384615, 
            0.0, 
            -0.88888888888888884, 
            -1.6666666666666667, 
            0.0, 
            -0.34782608695652173, 
            0.0, 
            -1.0416666666666667, 
            -0.95454545454545459
        ], 
        [
            1.7142857142857142, 
            0.13043478260869565, 
            0.0, 
            0.68421052631578949, 
            -0.78947368421052633, 
            0.0, 
            0.36666666666666664, 
            0.0, 
            -0.16666666666666666, 
            -0.10714285714285714
        ], 
        [
            -0.03125, 
            -0.027777777777777776, 
            0.0, 
            0.064516129032258063, 
            -1.0294117647058822, 
            0.0, 
            0.0, 
            0.0, 
            -0.3235294117647059, 
            0.0
        ], 
        [
            -1.8484848484848484, 
            -1.6388888888888888, 
            0.0, 
            -3.1428571428571428, 
            -4.666666666666667, 
            0.0, 
            -2.7435897435897436, 
            0.0, 
            -4.67741935483871, 
            0.55882352941176472
        ], 
        [
            -0.18181818181818182, 
            -0.23999999999999999, 
            0.0, 
            -0.59999999999999998, 
            -1.6538461538461537, 
            0.0, 
            -0.20000000000000001, 
            0.0, 
            -0.23076923076923078, 
            -0.34375
        ], 
        [
            -0.042553191489361701, 
            0.0, 
            0.0, 
            -0.13043478260869565, 
            -1.125, 
            0.0, 
            0.0, 
            0.0, 
            -0.59999999999999998, 
            -0.083333333333333329
        ], 
        [
            -0.375, 
            -0.050000000000000003, 
            0.0, 
            -0.36842105263157893, 
            -1.3500000000000001, 
            0.0, 
            -0.050000000000000003, 
            0.025000000000000001, 
            -0.79487179487179482, 
            -0.21875
        ], 
        [
            0.055555555555555552, 
            -0.10526315789473684, 
            0.0, 
            -0.21621621621621623, 
            -1.0, 
            0.0, 
            -0.052631578947368418, 
            0.0, 
            -0.026315789473684209, 
            0.13157894736842105
        ], 
        [
            -0.02564102564102564, 
            0.02564102564102564, 
            0.0, 
            -0.52631578947368418, 
            -1.1000000000000001, 
            0.0, 
            0.0, 
            0.0, 
            -0.45000000000000001, 
            -0.125
        ]
    ], 
    "mean_vector_length": [
        [
            1.1685102398697984, 
            1.095587745163022, 
            0.0, 
            1.4915662201435156, 
            2.0160169414377469, 
            0.0, 
            0.42732291846722564, 
            0.0, 
            1.1168026660398263, 
            1.0856194096321246
        ], 
        [
            2.9865511962278646, 
            1.3032537765308541, 
            0.0, 
            1.0526315789473684, 
            0.78947368421052633, 
            0.0, 
            0.40820704170784405, 
            0.0, 
            0.45118446353109126, 
            0.83009431025426028
        ], 
        [
            0.79419417382415924, 
            1.0115059322881415, 
            0.0, 
            0.29032258064516131, 
            1.2608840495614351, 
            0.0, 
            0.0, 
            0.0, 
            0.3235294117647059, 
            0.97222222222222221
        ], 
        [
            2.1131358727176632, 
            2.0199716760738666, 
            0.0, 
            3.475402129174384, 
            4.872965591256837, 
            0.0, 
            2.9215741368012353, 
            0.0, 
            4.9898828752070576, 
            3.1740723729359335
        ], 
        [
            1.3089405125152882, 
            1.1125023680016506, 
            0.0, 
            1.1267196851649064, 
            1.6737880910499432, 
            0.0, 
            0.39375197333470885, 
            0.0, 
            0.25050896446022614, 
            1.1748512993942888
        ], 
        [
            0.86868993882438694, 
            0.72916666666666663, 
            0.0, 
            0.80589277851881469, 
            1.2605665376192225, 
            0.0, 
            0.0, 
            0.0, 
            0.67745069720530171, 
            0.96338834764831838
        ], 
        [
            1.2053300858899103, 
            0.90000000000000002, 
            0.0, 
            1.0672723470027381, 
            1.3618033988749896, 
            0.0, 
            0.18535533905932738, 
            0.025000000000000001, 
            0.81611351601913307, 
            0.44257117688026187
        ], 
        [
            1.0230118645762831, 
            0.87011829216436798, 
            0.0, 
            0.93185699093565078, 
            1.1084846709176961, 
            0.0, 
            0.052631578947368418, 
            0.0, 
            0.18421052631578946, 
            0.72466629442080943
        ], 
        [
            0.86921781888747862, 
            0.52344137339418195, 
            0.0, 
            0.8176596792596178, 
            1.273703052853818, 
            0.0, 
            0.125, 
            0.025000000000000001, 
            0.53535533905932742, 
            0.68535533905932744
        ]
    ],