{
    "brightness": [
        100, 
        100, 
        99, 
        99, 
        99, 
        99, 
        99, 
        98, 
        98, 
        97, 
        97, 
        97, 
        96, 
        95, 
        95, 
        94, 
        94, 
        93, 
        92
    ], 
    "horizontal_movement": [
        [
            0.0, 
            0.5641025641025641, 
            0.0, 
            -1.0526315789473684, 
            -1.7714285714285714, 
            0.0, 
            -0.52500000000000002, 
            0.0, 
            -3.4750000000000001, 
            -2.3142857142857145, 
            0.0, 
            0.20000000000000001, 
            -0.55882352941176472, 
            0.0, 
            -3.1538461538461537, 
            0.0, 
            -1.1000000000000001, 
            -1.4324324324324325
        ], 
        [
            0.0, 
            -1.2727272727272727, 
            0.0, 
            -2.09375, 
            -4.84375, 
            0.0, 
            -2.5882352941176472, 
            0.18181818181818182, 
            -6.354838709677419, 
            -5.96875, 
            -0.03125, 
            -0.25, 
            -1.1935483870967742, 
            0.0, 
            -5.8214285714285712, 
            0.0, 
            -3.3703703703703702, 
            -1.9285714285714286
        ], 
        [
            0.0, 
            -1.4615384615384615, 
            0.0, 
            -4.1025641025641022, 
            -6.2051282051282053, 
            0.025000000000000001, 
            -3.2999999999999998, 
            0.0, 
            -7.6500000000000004, 
            -5.9249999999999998, 
            0.025000000000000001, 
            -1.925, 
            -3.2999999999999998, 
            0.0, 
            -6.3499999999999996, 
            0.0, 
            -3.3999999999999999, 
            -2.4615384615384617
        ], 
        [
            0.0, 
            -0.31578947368421051, 
            0.0, 
            -1.3428571428571427, 
            -1.4166666666666667, 
            0.0, 
            -1.5476190476190477, 
            0.0, 
            -3.5675675675675675, 
            -3.0, 
            0.0, 
            -0.5, 
            -1.7560975609756098, 
            0.0, 
            -2.8421052631578947, 
            0.0, 
            -1.7441860465116279, 
            -3.4722222222222223
        ], 
        [
            0.0, 
            -0.14583333333333334, 
            0.0, 
            -0.97619047619047616, 
            -1.9318181818181819, 
            0.0, 
            -2.0, 
            0.10416666666666667, 
            -2.5681818181818183, 
            -2.5897435897435899, 
            0.083333333333333329, 
            -0.078947368421052627, 
            0.22857142857142856, 
            0.0, 
            0.047619047619047616, 
            0.020833333333333332, 
            -1.0681818181818181, 
            -0.80000000000000004
        ], 
        [
            0.0, 
            -0.78723404255319152, 
            0.0, 
            -2.0714285714285716, 
            -3.3157894736842106, 
            0.0, 
            -2.1489361702127661, 
            0.0, 
            -4.9749999999999996, 
            -4.7272727272727275, 
            0.0, 
            -1.0, 
            -2.9285714285714284, 
            0.0, 
            -3.7906976744186047, 
            0.0, 
            -2.5952380952380953, 
            -4.8863636363636367
        ], 
        [
            0.0, 
            7.3030303030303028, 
            0.0, 
            16.625, 
            11.153846153846153, 
            0.0, 
            1.9666666666666666, 
            -0.025000000000000001, 
            5.9411764705882355, 
            2.1666666666666665, 
            -0.050000000000000003, 
            -0.26470588235294118, 
            -0.61538461538461542, 
            0.0, 
            -1.2916666666666667, 
            0.0, 
            -2.4285714285714284, 
            -4.8571428571428568
        ], 
        [
            0.0, 
            -0.22222222222222221, 
            0.0, 
            0.34999999999999998, 
            0.89473684210526316, 
            0.0, 
            -1.7857142857142858, 
            0.0, 
            -0.90476190476190477, 
            -0.19047619047619047, 
            0.0, 
            0.10714285714285714, 
            0.39130434782608697, 
            0.0, 
            0.54545454545454541, 
            0.0, 
            -1.5555555555555556, 
            -2.6818181818181817
        ], 
        [
            0.0, 
            -0.088235294117647065, 
            0.0, 
            0.18181818181818182, 
            0.18181818181818182, 
            0.0, 
            -1.4285714285714286, 
            -0.025000000000000001, 
            -0.61538461538461542, 
            -1.8, 
            -0.025000000000000001, 
            -1.303030303030303, 
            -2.8125, 
            0.025000000000000001, 
            -1.78125, 
            0.0, 
            -2.5526315789473686, 
            -4.2777777777777777
        ]
    ],