{
    "brightness": [
        114, 
        113, 
        112, 
        111, 
        111, 
        112, 
        112, 
        113, 
        113, 
        115, 
        115, 
        115
    ], 
    "horizontal_movement": [
        [
            0.0, 
            0.29999999999999999, 
            0.59999999999999998, 
            0.34482758620689657, 
            -1.3478260869565217, 
            -0.4375, 
            -0.2413793103448276, 
            -0.09375, 
            -2.347826086956522, 
            -0.76190476190476186, 
            -0.8571428571428571
        ], 
        [
            2.1666666666666665, 
            0.65000000000000002, 
            0.68000000000000005, 
            0.055555555555555552, 
            -0.90909090909090906, 
            -0.2608695652173913, 
            -0.043478260869565216, 
            -0.13333333333333333, 
            -1.1666666666666667, 
            -0.7142857142857143, 
            -0.31034482758620691
        ], 
        [
            -0.14814814814814814, 
            0.18181818181818182, 
            0.66666666666666663, 
            0.26470588235294118, 
            -0.84375, 
            -0.34375, 
            -0.46875, 
            -0.54545454545454541, 
            -2.2903225806451615, 
            -1.4444444444444444, 
            -1.7142857142857142
        ], 
        [
            1.03125, 
            0.41176470588235292, 
            -0.24390243902439024, 
            -0.052631578947368418, 
            -1.7333333333333334, 
            -1.3488372093023255, 
            -0.97142857142857142, 
            -0.5, 
            -1.5862068965517242, 
            -0.80555555555555558, 
            -0.8529411764705882
        ], 
        [
            3.8181818181818183, 
            2.4782608695652173, 
            1.5483870967741935, 
            2.1818181818181817, 
            4.0, 
            0.96551724137931039, 
            1.75, 
            2.2333333333333334, 
            4.1052631578947372, 
            1.8928571428571428, 
            1.7586206896551724
        ], 
        [
            8.0952380952380949, 
            2.4827586206896552, 
            1.59375, 
            1.6129032258064515, 
            1.0434782608695652, 
            -0.2857142857142857, 
            -0.4838709677419355, 
            -0.054054054054054057, 
            -0.43333333333333335, 
            -0.17647058823529413, 
            -0.17142857142857143
        ], 
        [
            3.1875, 
            0.63636363636363635, 
            -1.1388888888888888, 
            0.39393939393939392, 
            -0.625, 
            -0.91428571428571426, 
            -0.40540540540540543, 
            0.27777777777777779, 
            1.0303030303030303, 
            0.94285714285714284, 
            0.40000000000000002
        ], 
        [
            7.2857142857142856, 
            3.2413793103448274, 
            1.90625, 
            2.9090909090909092, 
            4.1818181818181817, 
            1.4545454545454546, 
            2.0, 
            2.896551724137931, 
            6.7647058823529411, 
            3.7241379310344827, 
            3.1739130434782608
        ], 
        [
            8.4375, 
            2.5454545454545454, 
            0.97222222222222221, 
            1.7272727272727273, 
            1.4242424242424243, 
            -0.029411764705882353, 
            0.090909090909090912, 
            1.1142857142857143, 
            1.90625, 
            1.9210526315789473, 
            1.7435897435897436
        ]
    ], 
    "mean_vector_length": [
        [
            3.5160495105156189, 
            2.8155579217682098, 
            0.61573786516665263, 
            0.49312286481881962, 
            1.8651303896951588, 
            1.6170455026827537, 
            1.2854378806152555, 
            1.0464150429449552, 
            2.7627924856648396, 
            1.426856668517031, 
            2.4309975570385007
        ], 
        [
            3.871944052779233, 
            1.638920420357787, 
            0.88284271247461921, 
            0.35634519790961638, 
            1.2626941701984022, 
            0.38384465759766045, 
            0.13043478260869565, 
            0.29999999999999999, 
            1.7553745918538308, 
            1.3300943102542604, 
            2.0665796508192069
        ], 
        [
            2.399421843486734, 
            1.6915553397662546, 
            0.75674001908664679, 
            0.46049571322036414, 
            1.3488765017254709, 
            1.169673540132429, 
            0.85577425971407006, 
            0.63636363636363635, 
            2.4636613662479867, 
            1.6158623520114865, 
            1.8623430282081224
        ], 
        [
            3.409137449526491, 
            1.9580378595062893, 
            1.1977103820143553, 
            0.73572150866416197, 
            1.9939424405732902, 
            1.7808652374862222, 
            1.1316485391174582, 
            0.91385493564310227, 
            2.2018468021476623, 
            1.6716496604744355, 
            1.7630388176347029
        ], 
        [
            5.0539644564467165, 
            3.1539309675748859, 
            2.2695407408679462, 
            2.8319289343928165, 
            5.7990237240042815, 
            2.4739548108483631, 
            2.6744922690752442, 
            2.8278245211065101, 
            5.7642506911863496, 
            3.4327509252905557, 
            3.1688786072112225
        ], 
        [
            8.6763295411155514, 
            2.8223077842202744, 
            1.6014441016011038, 
            2.1778998196655759, 
            1.9968131713423081, 
            1.6413653103800183, 
            0.92117255439045331, 
            0.43899028884106184, 
            1.2872155293785388, 
            0.68360707903292017, 
            0.77494587501764745
        ], 
        [
            5.5581504588295338, 
            2.0480937613333015, 
            1.7834340122185506, 
            1.3890058829391307, 
            2.6967315343797402, 
            2.0305396347418316, 
            1.8735455334683389, 
            1.8793197996826716, 
            3.6015291392300388, 
            2.959390072083222, 
            2.6234577060875797
        ], 
        [
            7.8071861351811416, 
            3.9685594352896065, 
            2.6503924750012895, 
            3.6314827889292163, 
            6.1394412004515111, 
            3.6436022136820734, 
            3.4760491527684687, 
            3.6844007428353902, 
            8.5325620351711322, 
            4.8742910808286943, 
            4.2927555073631058
        ], 
        [
            9.1707293861212715, 
            2.9663846561382496, 
            1.3611111111111112, 
            2.8620328437195588, 
            2.8448164271917116, 
            2.2662831345977517, 
            1.7707946467404716, 
            1.499789152821285, 
            2.9104667310508443, 
            2.4285256909451491, 
            1.9343277418939748
        ]
    ],