{
    "brightness": [
        122, 
        124, 
        125, 
        126, 
        126, 
        126, 
        126, 
        127, 
        126, 
        128
    ], 
    "horizontal_movement": [
        [
            -1.0277777777777777, 
            -1.9189189189189189, 
            -0.82051282051282048, 
            -0.55172413793103448, 
            -0.65000000000000002, 
            0.3611111111111111, 
            -1.9473684210526316, 
            -0.7407407407407407, 
            0.13513513513513514
        ], 
        [
            0.10526315789473684, 
            0.20000000000000001, 
            0.52500000000000002, 
            3.1388888888888888, 
            1.358974358974359, 
            1.9189189189189189, 
            -0.6216216216216216, 
            -0.14285714285714285, 
            0.83333333333333337
        ], 
        [
            1.4166666666666667, 
            1.1842105263157894, 
            1.8857142857142857, 
            3.2962962962962963, 
            0.51515151515151514, 
            0.90625, 
            0.0, 
            0.29032258064516131, 
            1.6388888888888888
        ], 
        [
            -2.1052631578947367, 
            -2.9767441860465116, 
            -2.3409090909090908, 
            -0.95652173913043481, 
            -0.64864864864864868, 
            -0.74285714285714288, 
            -1.911764705882353, 
            -2.4285714285714284, 
            0.22222222222222221
        ], 
        [
            0.58064516129032262, 
            1.5, 
            0.82857142857142863, 
            0.17857142857142858, 
            1.1351351351351351, 
            0.40000000000000002, 
            -0.050000000000000003, 
            1.0357142857142858, 
            0.086956521739130432
        ], 
        [
            3.0, 
            3.0, 
            3.4736842105263159, 
            4.4285714285714288, 
            2.0, 
            1.7692307692307692, 
            1.826086956521739, 
            3.3076923076923075, 
            2.5
        ], 
        [
            1.0, 
            -0.38461538461538464, 
            -0.6428571428571429, 
            0.1111111111111111, 
            0.6071428571428571, 
            0.47999999999999998, 
            0.23076923076923078, 
            -1.3333333333333333, 
            1.1111111111111112
        ], 
        [
            1.7586206896551724, 
            0.1891891891891892, 
            0.31578947368421051, 
            2.0, 
            2.0270270270270272, 
            0.64516129032258063, 
            1.4333333333333333, 
            0.63157894736842102, 
            -0.15789473684210525
        ], 
        [
            2.2000000000000002, 
            1.7391304347826086, 
            1.3600000000000001, 
            2.6923076923076925, 
            1.896551724137931, 
            0.90909090909090906, 
            2.2941176470588234, 
            4.666666666666667, 
            1.826086956521739
        ]
    ], 
    "mean_vector_length": [
        [
            4.7263492409147574, 
            3.8663870151850044, 
            3.851921374832501, 
            5.0680231746281539, 
            3.1281628794352478, 
            3.8179481197365837, 
            3.4548611505898861, 
            3.5155821909870264, 
            3.0425192296190615
        ], 
        [
            2.7363449638409802, 
            1.8403791586589804, 
            2.2147768429744934, 
            4.5185952548880586, 
            2.3766439089997413, 
            2.0534189989187839, 
            1.6146247078263627, 
            3.0154058280471454, 
            2.8876363430794063
        ], 
        [
            4.1169026395688677, 
            2.9014389964354308, 
            3.0283192379891646, 
            6.6078255706864395, 
            3.3219880195660956, 
            2.9250197348958333, 
            2.8312672104066965, 
            6.4452905638904872, 
            3.2886019947091527
        ], 
        [
            6.6207469047254008, 
            5.0258667280769007, 
            4.3311911049824028, 
            5.1551266564743488, 
            2.6090255746372408, 
            3.5164246529410614, 
            4.1156797494311421, 
            6.7803114222378893, 
            3.2716232565064054
        ], 
        [
            3.5567792506257718, 
            3.1757615061698239, 
            2.5883292336293846, 
            5.5729382097175444, 
            2.1914336049895837, 
            1.6259528899386932, 
            1.5902817358306767, 
            3.9897370217355062, 
            3.2209410237083076
        ], 
        [
            4.8244331409075798, 
            4.4948908306282229, 
            5.0947256753677559, 
            7.7890420328213468, 
            2.694232121090324, 
            2.9795250680064393, 
            3.9421625245587548, 
            8.023263953739475, 
            4.0990744268195112
        ], 
        [
            1.7513352373379618, 
            2.1486479756138004, 
            1.8419001822478767, 
            3.5046822130371393, 
            1.8285926828826573, 
            1.0165685424949238, 
            2.7466489763398005, 
            3.2844872682489172, 
            2.7792962334038771
        ], 
        [
            2.5153081438036895, 
            1.0190670655954981, 
            1.3114334639875098, 
            2.9000813261479581, 
            2.4726263062050458, 
            1.4061204159082712, 
            1.998869168439271, 
            1.1646836949732613, 
            1.8070249124643076
        ], 
        [
            3.4740873807219517, 
            2.9743534714376731, 
            2.8488771235945554, 
            4.263539045328681, 
            2.7890286684159942, 
            1.6437398936440173, 
            3.609216614878175, 
            8.1364969102831868, 
            3.4574041316955517
        ]
    ],