{
    "brightness": [
        147, 
        147, 
        146, 
        146, 
        146, 
        146, 
        146, 
        145, 
        145
    ], 
    "horizontal_movement": [
        [
            0.0, 
            -0.46666666666666667, 
            -0.80952380952380953, 
            -0.14285714285714285, 
            0.0, 
            0.0, 
            0.0, 
            0.0
        ], 
        [
            0.0, 
            -1.0, 
            -1.0, 
            0.0, 
            0.0, 
            0.0, 
            0.0, 
            0.0
        ], 
        [
            -0.30769230769230771, 
            -1.0, 
            -1.0, 
            -0.92307692307692313, 
            -0.5714285714285714, 
            -0.21428571428571427, 
            -0.42857142857142855, 
            -0.20000000000000001
        ], 
        [
            -0.034482758620689655, 
            -0.21739130434782608, 
            -1.0416666666666667, 
            -0.1111111111111111, 
            -0.037037037037037035, 
            0.0, 
            -0.13333333333333333, 
            0.0
        ], 
        [
            0.030303030303030304, 
            -0.31578947368421051, 
            -0.84210526315789469, 
            -0.20000000000000001, 
            0.0, 
            0.0, 
            0.0, 
            0.0
        ], 
        [
            0.033333333333333333, 
            -0.33333333333333331, 
            -0.42307692307692307, 
            -0.14285714285714285, 
            -0.035714285714285712, 
            0.0, 
            0.10526315789473684, 
            0.0
        ], 
        [
            -0.10000000000000001, 
            -0.45000000000000001, 
            -0.97142857142857142, 
            -0.38461538461538464, 
            0.025000000000000001, 
            0.0, 
            -0.27777777777777779, 
            -0.20000000000000001
        ], 
        [
            -0.027777777777777776, 
            -0.48648648648648651, 
            -1.3214285714285714, 
            -0.43333333333333335, 
            -0.25, 
            -0.032258064516129031, 
            -0.083333333333333329, 
            0.0
        ], 
        [
            0.1111111111111111, 
            -0.027027027027027029, 
            -0.59459459459459463, 
            0.0, 
            0.027027027027027029, 
            -0.026315789473684209, 
            0.5625, 
            0.0
        ]
    ], 
    "mean_vector_length": [
        [
            0.0, 
            0.59999999999999998, 
            0.93572769237489928, 
            0.55917336605329926, 
            0.086956521739130432, 
            0.0, 
            0.10714285714285714, 
            0.47368421052631576
        ], 
        [
            0.0, 
            1.2071067811865475, 
            1.0, 
            1.0, 
            0.0, 
            0.0, 
            0.0, 
            1.0
        ], 
        [
            0.30769230769230771, 
            1.4142135623730956, 
            1.2543950607204053, 
            1.0505272499609524, 
            0.74387239731236399, 
            0.42857142857142855, 
            0.74387239731236399, 
            0.62761423749153977
        ], 
        [
            0.13793103448275862, 
            0.27887885053796063, 
            1.1550562229890986, 
            0.82380150693034393, 
            0.07407407407407407, 
            0.0, 
            0.360947570824873, 
            0.45714285714285713
        ], 
        [
            0.030303030303030304, 
            0.78044353288137847, 
            0.90750740458522561, 
            1.1032247551122991, 
            0.034482758620689655, 
            0.0, 
            0.0, 
            0.88235294117647056
        ], 
        [
            0.23333333333333334, 
            0.84177489116140214, 
            0.72690365140814117, 
            0.86580859596854598, 
            0.19336477008475339, 
            0.15625, 
            0.51728563814453632, 
            0.92682926829268297
        ], 
        [
            0.69142135623730949, 
            0.60606601717798214, 
            1.2412199629564777, 
            1.056748806040934, 
            0.14571067811865474, 
            0.074999999999999997, 
            0.81143757596639388, 
            0.31035533905932738
        ], 
        [
            0.61111111111111116, 
            0.70926055911133212, 
            1.6434049900665937, 
            1.2228446463532003, 
            0.65625, 
            0.29814969958449306, 
            0.71102062926024923, 
            0.73684210526315785
        ], 
        [
            0.27777777777777779, 
            0.70270270270270274, 
            1.0486213479249546, 
            0.91891891891891897, 
            0.1891891891891892, 
            0.10526315789473684, 
            1.2840705543088649, 
            0.79034164019241315
        ]
    ], 
    "vertical_movement": [
        [
            0.0, 
            0.13333333333333333, 
            0.19047619047619047, 
            0.5, 
            0.086956521739130432, 
            0.0, 
            0.10714285714285714, 
            0.47368421052631576
        ], 
        [
            0.0, 
            0.5, 
            0.0, 
            1.0, 
            0.0, 
            0.0, 
            0.0, 
            1.0
        ], 
        [
            0.0, 
            1.0, 
            0.53846153846153844, 
            0.30769230769230771, 
            0.21428571428571427, 
            0.21428571428571427, 
            0.35714285714285715, 
            0.46666666666666667
        ], 
        [
            0.10344827586206896, 
            0.086956521739130432, 
            0.29166666666666669, 
            0.77777777777777779, 
            0.037037037037037035, 
            0.0, 
            0.26666666666666666, 
            0.45714285714285713
        ], 
        [
            0.0, 
            0.52631578947368418, 
            0.15789473684210525, 
            1.0, 
            0.034482758620689655, 
            0.0, 
            0.0, 
            0.88235294117647056
        ], 
        [
            0.13333333333333333, 
            0.70370370370370372, 
            0.46153846153846156, 
            0.7857142857142857, 
            0.17857142857142858, 
            0.15625, 
            0.47368421052631576, 
            0.92682926829268297
        ], 
        [
            0.65000000000000002, 
            0.20000000000000001, 
            0.51428571428571423, 
            0.84615384615384615, 
            0.050000000000000003, 
            0.074999999999999997, 
            0.61111111111111116, 
            0.125
        ], 
        [
            0.58333333333333337, 
            0.27027027027027029, 
            0.32142857142857145, 
            0.93333333333333335, 
            0.28125, 
            0.19354838709677419, 
            0.45833333333333331, 
            0.73684210526315785
        ], 
        [
            0.16666666666666666, 
            0.6216216216216216, 
            0.67567567567567566, 
            0.91891891891891897, 
            0.16216216216216217, 
            0.078947368421052627, 
            0.9375, 
            0.72972972972972971
        ]
    ]
}