{
    "brightness": [
        122, 
        121, 
        120, 
        118, 
        116, 
        116, 
        114, 
        114, 
        113, 
        113, 
        112, 
        110, 
        108, 
        108, 
        107, 
        105, 
        105, 
        105
    ], 
    "horizontal_movement": [
        [
            1.4166666666666667, 
            3.0, 
            6.032258064516129, 
            3.0294117647058822, 
            1.3333333333333333, 
            2.0294117647058822, 
            5.3684210526315788, 
            2.935483870967742, 
            1.8484848484848484, 
            1.25, 
            1.935483870967742, 
            -1.1875, 
            -0.96875, 
            -2.6000000000000001, 
            -4.1600000000000001, 
            -3.375, 
            -2.6875
        ], 
        [
            2.3333333333333335, 
            3.9500000000000002, 
            7.1081081081081079, 
            3.4750000000000001, 
            1.075, 
            1.7, 
            4.6749999999999998, 
            2.7000000000000002, 
            1.7, 
            1.1499999999999999, 
            3.0249999999999999, 
            -0.10000000000000001, 
            1.05, 
            0.5, 
            2.75, 
            0.67500000000000004, 
            1.075
        ], 
        [
            2.125, 
            3.2916666666666665, 
            5.9500000000000002, 
            2.652173913043478, 
            -0.20000000000000001, 
            0.083333333333333329, 
            0.6470588235294118, 
            0.28000000000000003, 
            -0.96551724137931039, 
            -0.9642857142857143, 
            -2.4615384615384617, 
            -1.6000000000000001, 
            -0.88235294117647056, 
            -1.2972972972972974, 
            -0.54285714285714282, 
            -1.1388888888888888, 
            -1.027027027027027
        ], 
        [
            1.8958333333333333, 
            2.9166666666666665, 
            5.3250000000000002, 
            2.1136363636363638, 
            0.3125, 
            0.67441860465116277, 
            2.6136363636363638, 
            1.4042553191489362, 
            0.43478260869565216, 
            -0.23404255319148937, 
            0.59999999999999998, 
            -0.63414634146341464, 
            0.11363636363636363, 
            -0.78048780487804881, 
            -0.17142857142857143, 
            -1.173913043478261, 
            -0.31111111111111112
        ], 
        [
            2.375, 
            3.4583333333333335, 
            6.5869565217391308, 
            2.7083333333333335, 
            0.64583333333333337, 
            0.8125, 
            2.7234042553191489, 
            1.1041666666666667, 
            0.16666666666666666, 
            0.44444444444444442, 
            1.3913043478260869, 
            -0.29166666666666669, 
            0.91304347826086951, 
            0.53191489361702127, 
            2.9130434782608696, 
            1.0425531914893618, 
            1.7234042553191489
        ], 
        [
            0.875, 
            2.4666666666666668, 
            4.333333333333333, 
            -0.045454545454545456, 
            -2.5185185185185186, 
            -3.1538461538461537, 
            -6.1764705882352944, 
            -3.4814814814814814, 
            -4.5357142857142856, 
            -6.041666666666667, 
            -11.904761904761905, 
            -7.3200000000000003, 
            -4.3939393939393936, 
            -4.21875, 
            -7.3793103448275863, 
            -3.2580645161290325, 
            -3.125
        ], 
        [
            1.7435897435897436, 
            2.75, 
            4.3142857142857141, 
            1.6842105263157894, 
            0.076923076923076927, 
            0.20000000000000001, 
            1.1764705882352942, 
            0.42105263157894735, 
            -0.28947368421052633, 
            -1.1538461538461537, 
            -1.8055555555555556, 
            -1.6923076923076923, 
            -0.33333333333333331, 
            -1.0263157894736843, 
            -1.7741935483870968, 
            -0.88888888888888884, 
            0.027027027027027029
        ], 
        [
            1.8500000000000001, 
            2.7749999999999999, 
            4.5555555555555554, 
            1.3846153846153846, 
            -0.29999999999999999, 
            -0.16216216216216217, 
            0.48484848484848486, 
            0.14705882352941177, 
            -0.75, 
            -0.60606060606060608, 
            0.66666666666666663, 
            -0.80000000000000004, 
            0.41666666666666669, 
            -0.40000000000000002, 
            2.3999999999999999, 
            1.15625, 
            1.78125
        ], 
        [
            0.59459459459459463, 
            1.2424242424242424, 
            0.5, 
            -1.5161290322580645, 
            -4.0909090909090908, 
            -4.1212121212121211, 
            -8.6857142857142851, 
            -5.9444444444444446, 
            -7.8055555555555554, 
            -10.25, 
            -23.583333333333332, 
            -10.0, 
            -7.9459459459459456, 
            -8.0, 
            -10.837837837837839, 
            -5.0270270270270272, 
            -3.1621621621621623
        ]
    ],