{
    "brightness": [
        185, 
        184, 
        185, 
        187, 
        187, 
        187, 
        186, 
        186, 
        184, 
        182
    ], 
    "horizontal_movement": [
        [
            7.416666666666667, 
            5.7777777777777777, 
            -3.3571428571428572, 
            -1.1052631578947369, 
            0.53333333333333333, 
            -0.77777777777777779, 
            -10.5, 
            -3.2222222222222223, 
            0.44444444444444442
        ], 
        [
            20.125, 
            10.800000000000001, 
            14.090909090909092, 
            0.45454545454545453, 
            11.199999999999999, 
            3.75, 
            -7.0, 
            6.7999999999999998, 
            -1.0
        ], 
        [
            17.333333333333332, 
            11.699999999999999, 
            16.857142857142858, 
            1.4705882352941178, 
            0.84210526315789469, 
            -4.1500000000000004, 
            -4.4210526315789478, 
            -4.6956521739130439, 
            -4.0999999999999996
        ], 
        [
            21.399999999999999, 
            10.0, 
            14.375, 
            2.2222222222222223, 
            0.83333333333333337, 
            -2.4666666666666668, 
            17.5, 
            6.2999999999999998, 
            3.5714285714285716
        ], 
        [
            18.09090909090909, 
            11.625, 
            16.25, 
            0.10000000000000001, 
            4.0, 
            -1.0, 
            12.0, 
            5.882352941176471, 
            -2.6666666666666665
        ], 
        [
            17.533333333333335, 
            14.047619047619047, 
            11.5, 
            1.6086956521739131, 
            7.8888888888888893, 
            1.6071428571428572, 
            12.285714285714286, 
            2.6666666666666665, 
            -0.44444444444444442
        ], 
        [
            21.0, 
            15.090909090909092, 
            16.666666666666668, 
            0.73333333333333328, 
            0.75, 
            -4.1111111111111107, 
            18.5, 
            -3.5, 
            -7.8181818181818183
        ], 
        [
            17.0, 
            8.2142857142857135, 
            15.466666666666667, 
            3.3599999999999999, 
            6.666666666666667, 
            1.5862068965517242, 
            -9.518518518518519, 
            -1.0689655172413792, 
            -13.115384615384615
        ], 
        [
            12.083333333333334, 
            -4.75, 
            20.533333333333335, 
            17.625, 
            10.800000000000001, 
            7.5499999999999998, 
            6.5, 
            -2.5714285714285716, 
            -5.4000000000000004
        ]
    ], 
    "mean_vector_length": [
        [
            9.2066581641392666, 
            12.445396047503989, 
            20.331816575668253, 
            8.9208918653516349, 
            11.119285724844985, 
            7.9083920458685713, 
            32.446931385639772, 
            11.031913091317668, 
            11.090359227382349
        ], 
        [
            20.932341727421395, 
            10.931897998402782, 
            16.976823488763824, 
            13.179764365589852, 
            12.482653093798765, 
            5.60640245010981, 
            12.815764781130557, 
            12.604648103246621, 
            17.36001392082256
        ], 
        [
            17.549610322110507, 
            11.877856943683444, 
            19.119420612341141, 
            7.9470860927506877, 
            6.2223009901352562, 
            4.8323469234928806, 
            8.0313282425572368, 
            10.130251760049589, 
            10.509093080599174
        ], 
        [
            23.264333991914313, 
            13.808544325595372, 
            19.916383068311404, 
            11.128279054722329, 
            11.795541639461835, 
            17.285387653419814, 
            23.557414869847573, 
            8.0802850373277675, 
            7.6887255345823933
        ], 
        [
            20.511446323762687, 
            12.316074675711558, 
            29.416125031530022, 
            5.4557593049095487, 
            15.280820488972779, 
            7.9024389400742772, 
            14.342561811035393, 
            19.481536994181234, 
            7.2483194840641465
        ], 
        [
            21.779085093588666, 
            17.684699456065363, 
            24.189171460526829, 
            12.840757115184323, 
            12.039496334358258, 
            6.0848313275118615, 
            25.225465928592865, 
            11.280693627144116, 
            6.5309731572270868
        ], 
        [
            21.743014120009018, 
            15.708167303835898, 
            19.750510862724372, 
            2.6962164737011745, 
            7.5043653479088972, 
            10.736632744613791, 
            24.552557563409291, 
            14.653912799056611, 
            11.066482498644065
        ], 
        [
            18.540174040167589, 
            16.700083136432983, 
            21.701205945023283, 
            11.047023768847925, 
            12.259918264035486, 
            18.311417089702108, 
            36.200375967814992, 
            20.559588621013219, 
            21.030495798732165
        ], 
        [
            21.725929347601067, 
            18.151896419727112, 
            25.902310977710368, 
            23.74797887309543, 
            15.407336152427465, 
            13.162178629110556, 
            23.461171027259741, 
            13.066699230275786, 
            8.5384851254765461
        ]
    ],