{
    "brightness": [
        98, 
        98, 
        100, 
        101, 
        100, 
        98, 
        97, 
        100, 
        102, 
        103, 
        104, 
        104, 
        100, 
        101, 
        101, 
        99, 
        95, 
        94, 
        95, 
        97
    ], 
    "horizontal_movement": [
        [
            -0.17499999999999999, 
            -1.0, 
            -0.32500000000000001, 
            1.575, 
            -0.57499999999999996, 
            -1.0, 
            -1.95, 
            -5.9230769230769234, 
            0.0, 
            -0.84999999999999998, 
            -0.97499999999999998, 
            -1.875, 
            0.20000000000000001, 
            0.0, 
            1.2250000000000001, 
            3.25, 
            2.0, 
            2.625, 
            3.7999999999999998
        ], 
        [
            -0.29629629629629628, 
            -1.2608695652173914, 
            -0.78260869565217395, 
            1.2916666666666667, 
            -0.39285714285714285, 
            -0.68965517241379315, 
            -1.4333333333333333, 
            -4.8888888888888893, 
            0.83333333333333337, 
            -0.15625, 
            -0.62068965517241381, 
            -1.8333333333333333, 
            0.15151515151515152, 
            0.0, 
            1.2857142857142858, 
            2.925925925925926, 
            1.6451612903225807, 
            2.25, 
            2.9583333333333335
        ], 
        [
            -0.15789473684210525, 
            -0.90000000000000002, 
            -0.26666666666666666, 
            1.4761904761904763, 
            -0.33333333333333331, 
            -0.97058823529411764, 
            -1.8857142857142857, 
            -6.0, 
            -0.027777777777777776, 
            -0.78787878787878785, 
            -0.95833333333333337, 
            -1.9523809523809523, 
            0.33333333333333331, 
            0.096774193548387094, 
            1.5172413793103448, 
            3.0, 
            1.96875, 
            2.5428571428571427, 
            3.8787878787878789
        ], 
        [
            -0.41666666666666669, 
            -1.0, 
            -0.1875, 
            1.1086956521739131, 
            -0.70833333333333337, 
            -0.97916666666666663, 
            -2.0, 
            -5.5333333333333332, 
            0.0, 
            -0.77083333333333337, 
            -0.97826086956521741, 
            -1.9787234042553192, 
            0.84090909090909094, 
            0.095238095238095233, 
            0.37209302325581395, 
            0.96666666666666667, 
            0.054054054054054057, 
            0.060606060606060608, 
            -5.21875
        ], 
        [
            -0.3125, 
            -0.94117647058823528, 
            -0.27272727272727271, 
            1.2105263157894737, 
            -0.61538461538461542, 
            -0.83333333333333337, 
            -1.6000000000000001, 
            -4.5555555555555554, 
            0.91666666666666663, 
            -0.35714285714285715, 
            -0.37037037037037035, 
            -1.5, 
            0.59375, 
            0.16666666666666666, 
            2.3571428571428572, 
            3.4761904761904763, 
            1.6086956521739131, 
            1.4545454545454546, 
            2.0952380952380953
        ], 
        [
            -0.52083333333333337, 
            -0.88888888888888884, 
            -0.1951219512195122, 
            1.125, 
            -0.76470588235294112, 
            -0.9555555555555556, 
            -1.9545454545454546, 
            -5.4285714285714288, 
            0.024390243902439025, 
            -0.86486486486486491, 
            -0.69999999999999996, 
            -1.9523809523809523, 
            0.94117647058823528, 
            0.35294117647058826, 
            1.5263157894736843, 
            3.8421052631578947, 
            2.0, 
            2.4285714285714284, 
            3.896551724137931
        ], 
        [
            -0.77500000000000002, 
            -0.64102564102564108, 
            0.0, 
            0.97297297297297303, 
            -0.92307692307692313, 
            -0.97435897435897434, 
            -1.95, 
            -5.0277777777777777, 
            0.025000000000000001, 
            -0.625, 
            -1.0, 
            -2.0, 
            0.064516129032258063, 
            -1.962962962962963, 
            -11.925925925925926, 
            -21.058823529411764, 
            -9.882352941176471, 
            -12.35, 
            -11.92
        ], 
        [
            -0.78260869565217395, 
            -0.90000000000000002, 
            -0.052631578947368418, 
            1.1052631578947369, 
            -0.85185185185185186, 
            -0.95833333333333337, 
            -2.0, 
            -5.0, 
            0.090909090909090912, 
            -0.44444444444444442, 
            -0.7407407407407407, 
            -2.0, 
            1.0666666666666667, 
            0.39130434782608697, 
            2.04, 
            3.8666666666666667, 
            1.8, 
            1.7647058823529411, 
            1.6666666666666667
        ], 
        [
            -0.72972972972972971, 
            -0.77777777777777779, 
            -0.068965517241379309, 
            0.94999999999999996, 
            -1.0, 
            -0.38709677419354838, 
            -1.2, 
            -3.3571428571428572, 
            0.70588235294117652, 
            0.16, 
            -0.10526315789473684, 
            -0.90909090909090906, 
            1.75, 
            1.1499999999999999, 
            2.0384615384615383, 
            5.0555555555555554, 
            2.46875, 
            2.5454545454545454, 
            4.0285714285714285
        ]
    ],