{
    "brightness": [
        129, 
        129, 
        127, 
        127, 
        126, 
        126, 
        125, 
        125, 
        125, 
        124, 
        124, 
        124, 
        124, 
        124, 
        124, 
        125, 
        125, 
        125, 
        126, 
        126, 
        126
    ], 
    "horizontal_movement": [
        [
            4.416666666666667, 
            7.6923076923076925, 
            3.9285714285714284, 
            4.1538461538461542, 
            4.6428571428571432, 
            4.666666666666667, 
            5.4000000000000004, 
            7.0, 
            6.875, 
            9.375, 
            8.5, 
            0.11764705882352941, 
            0.0, 
            4.1052631578947372, 
            1.263157894736842, 
            10.263157894736842, 
            10.35, 
            10.904761904761905, 
            10.571428571428571, 
            11.285714285714286
        ], 
        [
            6.0740740740740744, 
            11.481481481481481, 
            5.8888888888888893, 
            5.8571428571428568, 
            5.4827586206896548, 
            5.3793103448275863, 
            5.3793103448275863, 
            6.4482758620689653, 
            6.4482758620689653, 
            8.0, 
            7.8571428571428568, 
            0.34482758620689657, 
            0.41379310344827586, 
            4.4666666666666668, 
            1.967741935483871, 
            10.193548387096774, 
            11.612903225806452, 
            11.84375, 
            11.548387096774194, 
            12.1875
        ], 
        [
            4.3478260869565215, 
            7.7222222222222223, 
            3.9565217391304346, 
            3.9130434782608696, 
            4.2380952380952381, 
            3.8571428571428572, 
            3.8636363636363638, 
            4.9047619047619051, 
            4.625, 
            5.8260869565217392, 
            4.791666666666667, 
            -1.8461538461538463, 
            -2.9375, 
            -1.0526315789473684, 
            -1.9375, 
            4.2307692307692308, 
            4.4000000000000004, 
            3.4615384615384617, 
            2.3333333333333335, 
            0.40000000000000002
        ], 
        [
            3.6153846153846154, 
            10.555555555555555, 
            4.666666666666667, 
            4.8275862068965516, 
            6.129032258064516, 
            6.8235294117647056, 
            7.0882352941176467, 
            8.545454545454545, 
            8.7777777777777786, 
            10.128205128205128, 
            9.40625, 
            1.9166666666666667, 
            1.3513513513513513, 
            5.5250000000000004, 
            2.7297297297297298, 
            11.594594594594595, 
            12.692307692307692, 
            12.177777777777777, 
            11.714285714285714, 
            12.28888888888889
        ], 
        [
            4.979166666666667, 
            11.0, 
            5.9375, 
            5.979166666666667, 
            6.166666666666667, 
            6.333333333333333, 
            6.8125, 
            8.1041666666666661, 
            8.3958333333333339, 
            9.6458333333333339, 
            9.1702127659574462, 
            2.1914893617021276, 
            1.6458333333333333, 
            5.895833333333333, 
            3.0208333333333335, 
            11.085106382978724, 
            12.446808510638299, 
            11.695652173913043, 
            11.586956521739131, 
            12.046511627906977
        ], 
        [
            2.8378378378378377, 
            5.4722222222222223, 
            3.4545454545454546, 
            2.8372093023255816, 
            2.975609756097561, 
            2.6744186046511627, 
            3.0487804878048781, 
            4.1749999999999998, 
            3.8837209302325579, 
            4.4500000000000002, 
            4.1081081081081079, 
            -3.393939393939394, 
            -3.4838709677419355, 
            -1.2424242424242424, 
            -4.6388888888888893, 
            3.75, 
            3.3684210526315788, 
            2.8823529411764706, 
            3.0, 
            2.1666666666666665
        ], 
        [
            3.7999999999999998, 
            9.117647058823529, 
            2.4782608695652173, 
            2.652173913043478, 
            3.5499999999999998, 
            2.4347826086956523, 
            4.0, 
            4.3913043478260869, 
            5.1923076923076925, 
            6.4230769230769234, 
            6.6428571428571432, 
            -0.22222222222222221, 
            0.19047619047619047, 
            3.0909090909090908, 
            -0.25, 
            7.8888888888888893, 
            7.2068965517241379, 
            7.2000000000000002, 
            6.7199999999999998, 
            7.9565217391304346
        ], 
        [
            1.4399999999999999, 
            4.7619047619047619, 
            2.8799999999999999, 
            1.96, 
            1.5925925925925926, 
            1.096774193548387, 
            0.9285714285714286, 
            1.2592592592592593, 
            1.9230769230769231, 
            2.0, 
            2.5357142857142856, 
            -5.0, 
            -5.4230769230769234, 
            -0.44, 
            -4.4814814814814818, 
            3.25, 
            3.7142857142857144, 
            3.7931034482758621, 
            3.8333333333333335, 
            4.032258064516129
        ], 
        [
            0.068965517241379309, 
            2.0769230769230771, 
            0.82758620689655171, 
            0.032258064516129031, 
            0.032258064516129031, 
            -0.32258064516129031, 
            -0.43333333333333335, 
            0.5357142857142857, 
            1.032258064516129, 
            1.1666666666666667, 
            0.032258064516129031, 
            -7.387096774193548, 
            -7.9655172413793105, 
            -4.2068965517241379, 
            -7.0333333333333332, 
            0.13333333333333333, 
            0.0, 
            -0.25806451612903225, 
            -0.34375, 
            -0.096774193548387094
        ]
    ],