{
    "brightness": [
        94, 
        94, 
        93, 
        93, 
        93, 
        93, 
        93, 
        93, 
        93, 
        93, 
        93, 
        93, 
        94, 
        94, 
        94, 
        94, 
        94, 
        95
    ], 
    "horizontal_movement": [
        [
            0.95833333333333337, 
            0.88461538461538458, 
            1.0, 
            1.0, 
            2.0357142857142856, 
            1.9615384615384615, 
            4.9615384615384617, 
            0.88, 
            0.88461538461538458, 
            1.8518518518518519, 
            1.0, 
            1.0357142857142858, 
            1.037037037037037, 
            1.0, 
            1.0, 
            0.88461538461538458, 
            0.88461538461538458
        ], 
        [
            0.5, 
            0.5357142857142857, 
            0.5357142857142857, 
            0.6071428571428571, 
            1.6896551724137931, 
            1.5, 
            3.8888888888888888, 
            0.42307692307692307, 
            0.30769230769230771, 
            1.2692307692307692, 
            0.23999999999999999, 
            0.23076923076923078, 
            0.2608695652173913, 
            -0.041666666666666664, 
            0.0, 
            0.0, 
            0.040000000000000001
        ], 
        [
            -4.4285714285714288, 
            -2.3333333333333335, 
            -2.2857142857142856, 
            -3.9166666666666665, 
            -3.1666666666666665, 
            -1.7, 
            5.0, 
            -3.5, 
            -3.3999999999999999, 
            -1.4615384615384615, 
            -0.40000000000000002, 
            -0.8125, 
            -0.83333333333333337, 
            -3.1538461538461537, 
            -1.3571428571428572, 
            -0.33333333333333331, 
            -1.0625
        ], 
        [
            0.61111111111111116, 
            0.68571428571428572, 
            0.61111111111111116, 
            0.83333333333333337, 
            1.7777777777777777, 
            1.6944444444444444, 
            5.0344827586206895, 
            0.80000000000000004, 
            0.8529411764705882, 
            1.8787878787878789, 
            0.87878787878787878, 
            0.82352941176470584, 
            0.82352941176470584, 
            0.74285714285714288, 
            0.68571428571428572, 
            0.65714285714285714, 
            0.52777777777777779
        ], 
        [
            0.6071428571428571, 
            0.55172413793103448, 
            0.43333333333333335, 
            0.40625, 
            1.3142857142857143, 
            1.2941176470588236, 
            3.8181818181818183, 
            0.11764705882352941, 
            0.25, 
            1.096774193548387, 
            0.37931034482758619, 
            0.3125, 
            0.26666666666666666, 
            0.10000000000000001, 
            0.35483870967741937, 
            0.55172413793103448, 
            0.064516129032258063
        ], 
        [
            -2.2352941176470589, 
            -1.8, 
            -1.625, 
            -1.6470588235294117, 
            -2.25, 
            -3.75, 
            -4.4000000000000004, 
            -3.25, 
            -2.7222222222222223, 
            -2.3181818181818183, 
            -3.3500000000000001, 
            -2.6086956521739131, 
            -3.1666666666666665, 
            -3.2000000000000002, 
            -2.0625, 
            -2.7142857142857144, 
            -2.4117647058823528
        ], 
        [
            -4.0, 
            -3.9583333333333335, 
            -3.8846153846153846, 
            -3.7200000000000002, 
            -2.7307692307692308, 
            -2.7037037037037037, 
            -4.5294117647058822, 
            -3.6428571428571428, 
            -3.5, 
            -2.4642857142857144, 
            -3.1428571428571428, 
            -2.9199999999999999, 
            -2.9166666666666665, 
            -3.125, 
            -3.0434782608695654, 
            -3.25, 
            -3.3599999999999999
        ], 
        [
            -4.0, 
            -3.925925925925926, 
            -4.0, 
            -3.8888888888888888, 
            -3.0, 
            -2.9615384615384617, 
            -5.666666666666667, 
            -4.1600000000000001, 
            -3.7692307692307692, 
            -3.0, 
            -3.8333333333333335, 
            -3.5384615384615383, 
            -3.4814814814814814, 
            -3.5555555555555554, 
            -3.4444444444444446, 
            -3.7407407407407409, 
            -4.0
        ], 
        [
            -2.75, 
            -2.7142857142857144, 
            -2.75, 
            -2.3333333333333335, 
            -1.5, 
            -1.8181818181818181, 
            -3.3333333333333335, 
            -2.9166666666666665, 
            -2.7916666666666665, 
            -1.7916666666666667, 
            -2.9333333333333331, 
            -2.3333333333333335, 
            -2.4347826086956523, 
            -2.4583333333333335, 
            -2.2799999999999998, 
            -2.4814814814814814, 
            -2.5925925925925926
        ]
    ],