{
    "brightness": [
        109, 
        110, 
        111, 
        111, 
        112, 
        112, 
        112, 
        113, 
        113, 
        113, 
        113, 
        114, 
        114, 
        114, 
        114, 
        114, 
        115, 
        115
    ], 
    "horizontal_movement": [
        [
            2.103448275862069, 
            1.8518518518518519, 
            1.4516129032258065, 
            1.21875, 
            1.096774193548387, 
            1.064516129032258, 
            0.87096774193548387, 
            1.4838709677419355, 
            1.09375, 
            1.15625, 
            1.8214285714285714, 
            1.7241379310344827, 
            1.3125, 
            1.1666666666666667, 
            1.032258064516129, 
            0.875, 
            1.0
        ], 
        [
            1.8846153846153846, 
            1.76, 
            1.48, 
            1.1200000000000001, 
            1.0800000000000001, 
            1.2083333333333333, 
            0.90909090909090906, 
            1.4761904761904763, 
            1.1000000000000001, 
            0.94736842105263153, 
            1.631578947368421, 
            2.3157894736842106, 
            1.6470588235294117, 
            2.263157894736842, 
            0.55000000000000004, 
            2.1428571428571428, 
            2.3529411764705883
        ], 
        [
            -0.33333333333333331, 
            -0.8571428571428571, 
            -0.875, 
            -0.2857142857142857, 
            -0.77777777777777779, 
            -1.375, 
            -2.0, 
            -1.5, 
            -2.75, 
            -0.14285714285714285, 
            0.16666666666666666, 
            0.42857142857142855, 
            -1.2857142857142858, 
            -0.83333333333333337, 
            -0.7142857142857143, 
            -0.55555555555555558, 
            -0.77777777777777779
        ], 
        [
            2.0625, 
            1.7083333333333333, 
            1.6808510638297873, 
            1.1702127659574468, 
            1.2765957446808511, 
            1.25, 
            0.93478260869565222, 
            1.8913043478260869, 
            1.2826086956521738, 
            1.0625, 
            1.6875, 
            1.7872340425531914, 
            1.1041666666666667, 
            0.77083333333333337, 
            0.72916666666666663, 
            0.89583333333333337, 
            0.8125
        ], 
        [
            1.9130434782608696, 
            1.7777777777777777, 
            1.4444444444444444, 
            1.0217391304347827, 
            1.3333333333333333, 
            1.0222222222222221, 
            1.0, 
            1.9777777777777779, 
            1.0909090909090908, 
            0.97727272727272729, 
            1.3953488372093024, 
            1.6279069767441861, 
            1.0, 
            1.0, 
            1.0, 
            1.0, 
            0.97368421052631582
        ], 
        [
            2.0, 
            2.0, 
            1.5813953488372092, 
            1.1860465116279071, 
            1.1818181818181819, 
            1.1590909090909092, 
            1.0227272727272727, 
            1.9545454545454546, 
            1.4772727272727273, 
            1.0444444444444445, 
            1.6666666666666667, 
            1.7777777777777777, 
            1.0, 
            1.0, 
            1.0, 
            0.97727272727272729, 
            1.0
        ], 
        [
            1.3333333333333333, 
            1.0740740740740742, 
            1.1379310344827587, 
            0.8928571428571429, 
            0.9642857142857143, 
            1.0357142857142858, 
            0.87096774193548387, 
            1.84375, 
            1.3125, 
            0.80645161290322576, 
            1.1935483870967742, 
            1.1612903225806452, 
            0.90322580645161288, 
            0.65625, 
            0.625, 
            0.67741935483870963, 
            0.74193548387096775
        ], 
        [
            0.8125, 
            0.72222222222222221, 
            0.52631578947368418, 
            0.45000000000000001, 
            0.45000000000000001, 
            0.27777777777777779, 
            0.33333333333333331, 
            1.1666666666666667, 
            0.6875, 
            0.066666666666666666, 
            0.44444444444444442, 
            0.39130434782608697, 
            0.36363636363636365, 
            0.30434782608695654, 
            -0.21739130434782608, 
            0.22727272727272727, 
            0.36363636363636365
        ], 
        [
            0.90909090909090906, 
            0.73333333333333328, 
            0.8125, 
            0.82352941176470584, 
            0.5625, 
            0.21052631578947367, 
            -0.14999999999999999, 
            1.1052631578947369, 
            0.52631578947368418, 
            0.0, 
            0.33333333333333331, 
            0.52941176470588236, 
            0.47619047619047616, 
            0.29999999999999999, 
            0.20000000000000001, 
            0.19047619047619047, 
            0.14285714285714285
        ]
    ],