{
    "brightness": [
        125, 
        124, 
        124, 
        124, 
        124, 
        124, 
        124, 
        125, 
        125, 
        125, 
        124, 
        124, 
        125, 
        126, 
        128, 
        129, 
        128, 
        127
    ], 
    "horizontal_movement": [
        [
            -0.16666666666666666, 
            1.21875, 
            2.84375, 
            3.59375, 
            2.903225806451613, 
            3.25, 
            2.5, 
            3.46875, 
            4.903225806451613, 
            6.870967741935484, 
            16.419354838709676, 
            6.967741935483871, 
            6.612903225806452, 
            8.935483870967742, 
            8.67741935483871, 
            3.903225806451613, 
            7.333333333333333
        ], 
        [
            -2.09375, 
            -0.96875, 
            0.034482758620689655, 
            0.19230769230769232, 
            -1.1538461538461537, 
            -0.91666666666666663, 
            -2.0, 
            -1.1200000000000001, 
            0.10714285714285714, 
            1.103448275862069, 
            2.1111111111111112, 
            -1.064516129032258, 
            -1.4166666666666667, 
            0.0625, 
            -0.82608695652173914, 
            -4.75, 
            1.4444444444444444
        ], 
        [
            -2.3333333333333335, 
            -1.1111111111111112, 
            0.80000000000000004, 
            1.8, 
            0.90000000000000002, 
            1.875, 
            0.40000000000000002, 
            1.6666666666666667, 
            3.1111111111111112, 
            5.25, 
            13.333333333333334, 
            0.5, 
            0.80000000000000004, 
            3.0, 
            3.0, 
            -2.5, 
            1.0
        ], 
        [
            0.19047619047619047, 
            1.0, 
            2.6279069767441858, 
            2.9772727272727271, 
            1.8139534883720929, 
            2.1818181818181817, 
            1.6190476190476191, 
            3.0476190476190474, 
            4.1395348837209305, 
            6.2142857142857144, 
            15.621621621621621, 
            6.6363636363636367, 
            6.5, 
            8.5476190476190474, 
            8.8095238095238102, 
            3.7441860465116279, 
            7.25
        ], 
        [
            1.3658536585365855, 
            0.78048780487804881, 
            1.5121951219512195, 
            0.59090909090909094, 
            -1.5652173913043479, 
            -2.4545454545454546, 
            -4.8250000000000002, 
            -4.4390243902439028, 
            -4.1388888888888893, 
            -1.8, 
            -1.6666666666666667, 
            -0.57446808510638303, 
            -0.23255813953488372, 
            3.5151515151515151, 
            4.0540540540540544, 
            -0.90625, 
            2.5263157894736841
        ], 
        [
            1.1499999999999999, 
            0.72093023255813948, 
            1.3636363636363635, 
            0.33333333333333331, 
            -1.5454545454545454, 
            -1.6578947368421053, 
            -4.3235294117647056, 
            -4.8947368421052628, 
            -4.5135135135135132, 
            -2.4857142857142858, 
            0.13636363636363635, 
            -0.32558139534883723, 
            1.1499999999999999, 
            4.1794871794871797, 
            6.666666666666667, 
            1.7073170731707317, 
            5.3142857142857141
        ], 
        [
            0.125, 
            0.92592592592592593, 
            0.84375, 
            -0.39285714285714285, 
            -2.6206896551724137, 
            -1.1481481481481481, 
            -1.0800000000000001, 
            0.88461538461538458, 
            1.5357142857142858, 
            5.1600000000000001, 
            15.142857142857142, 
            5.7931034482758621, 
            5.7000000000000002, 
            8.0833333333333339, 
            8.375, 
            3.5, 
            6.833333333333333
        ], 
        [
            -0.61904761904761907, 
            -0.21428571428571427, 
            -0.34375, 
            -2.59375, 
            -6.0, 
            -6.67741935483871, 
            -8.9259259259259256, 
            -7.2592592592592595, 
            -6.8076923076923075, 
            -3.5714285714285716, 
            -1.0, 
            0.0, 
            0.65000000000000002, 
            5.25, 
            9.5, 
            7.0499999999999998, 
            8.5
        ], 
        [
            1.0, 
            0.13333333333333333, 
            -0.12903225806451613, 
            -1.7419354838709677, 
            -4.6333333333333337, 
            -5.333333333333333, 
            -6.0740740740740744, 
            -6.2592592592592595, 
            -6.1785714285714288, 
            -4.0, 
            -2.7647058823529411, 
            -1.0, 
            -1.7894736842105263, 
            -1.2941176470588236, 
            -0.1875, 
            -0.5714285714285714, 
            6.4800000000000004
        ]
    ],