{
    "brightness": [
        90, 
        90, 
        90, 
        90, 
        90, 
        90, 
        90, 
        90, 
        90, 
        90, 
        90, 
        90, 
        90, 
        90, 
        90, 
        90, 
        90, 
        90, 
        90, 
        90, 
        90
    ], 
    "horizontal_movement": [
        [
            0.0, 
            0.0, 
            0.0, 
            0.0, 
            0.0, 
            0.0, 
            0.0, 
            0.0, 
            0.0, 
            0.0, 
            0.0, 
            0.0, 
            0.0, 
            0.0, 
            0.0, 
            0.0, 
            0.0, 
            0.0, 
            0.0, 
            0.0
        ], 
        [
            -0.083333333333333329, 
            0.16666666666666666, 
            -0.5, 
            0.75, 
            0.58333333333333337, 
            0.75, 
            1.3333333333333333, 
            1.3076923076923077, 
            1.6153846153846154, 
            2.0, 
            1.9230769230769231, 
            5.5714285714285712, 
            2.875, 
            3.0588235294117645, 
            3.25, 
            3.0588235294117645, 
            2.8888888888888888, 
            2.6315789473684212, 
            2.6842105263157894, 
            2.8947368421052633
        ], 
        [
            -0.625, 
            -0.5, 
            -0.375, 
            0.375, 
            0.75, 
            1.375, 
            1.375, 
            1.625, 
            2.875, 
            2.75, 
            3.1666666666666665, 
            7.5, 
            4.333333333333333, 
            4.666666666666667, 
            4.833333333333333, 
            5.0, 
            4.75, 
            4.75, 
            4.75, 
            4.0
        ], 
        [
            0.024390243902439025, 
            -0.10000000000000001, 
            0.0, 
            0.052631578947368418, 
            0.078947368421052627, 
            0.026315789473684209, 
            0.0, 
            0.0, 
            0.0, 
            0.076923076923076927, 
            0.0, 
            0.058823529411764705, 
            0.0, 
            0.026315789473684209, 
            0.0, 
            0.0, 
            0.0, 
            0.0, 
            0.0, 
            0.0
        ], 
        [
            0.086956521739130432, 
            0.11363636363636363, 
            0.40909090909090912, 
            0.47727272727272729, 
            0.88095238095238093, 
            1.0465116279069768, 
            1.0952380952380953, 
            1.1538461538461537, 
            1.5609756097560976, 
            1.8048780487804879, 
            2.125, 
            5.1052631578947372, 
            2.8048780487804876, 
            2.8333333333333335, 
            3.1463414634146343, 
            3.2250000000000001, 
            3.2682926829268291, 
            3.2250000000000001, 
            3.263157894736842, 
            3.25
        ], 
        [
            -0.022222222222222223, 
            -0.16279069767441862, 
            0.11627906976744186, 
            0.32558139534883723, 
            0.30232558139534882, 
            0.40476190476190477, 
            0.5641025641025641, 
            0.5, 
            0.7567567567567568, 
            0.80555555555555558, 
            0.967741935483871, 
            2.3333333333333335, 
            0.71052631578947367, 
            0.54054054054054057, 
            0.57894736842105265, 
            0.38235294117647056, 
            0.37142857142857144, 
            0.19444444444444445, 
            0.028571428571428571, 
            0.026315789473684209
        ], 
        [
            3.7619047619047619, 
            3.5, 
            3.8095238095238093, 
            3.8636363636363638, 
            3.7727272727272729, 
            3.4583333333333335, 
            3.5, 
            3.3913043478260869, 
            3.9090909090909092, 
            3.6153846153846154, 
            3.5, 
            7.6190476190476186, 
            3.4285714285714284, 
            3.4444444444444446, 
            3.5185185185185186, 
            3.2222222222222223, 
            3.074074074074074, 
            3.0357142857142856, 
            3.3333333333333335, 
            3.5
        ], 
        [
            0.73333333333333328, 
            0.65517241379310343, 
            0.96666666666666667, 
            1.1785714285714286, 
            1.2222222222222223, 
            1.2222222222222223, 
            1.2222222222222223, 
            1.2222222222222223, 
            1.2307692307692308, 
            1.5769230769230769, 
            1.4166666666666667, 
            3.4285714285714284, 
            2.04, 
            2.0769230769230771, 
            2.1600000000000001, 
            2.4782608695652173, 
            2.3043478260869565, 
            2.1818181818181817, 
            2.0, 
            2.1818181818181817
        ], 
        [
            -0.040000000000000001, 
            -0.19230769230769232, 
            0.15384615384615385, 
            0.42307692307692307, 
            0.38461538461538464, 
            0.11538461538461539, 
            0.11538461538461539, 
            0.0, 
            0.16, 
            0.19230769230769232, 
            0.040000000000000001, 
            -0.35999999999999999, 
            0.1111111111111111, 
            -0.14814814814814814, 
            -0.035714285714285712, 
            -0.17241379310344829, 
            -0.40000000000000002, 
            -0.43333333333333335, 
            -0.46666666666666667, 
            -0.29999999999999999
        ]
    ],