{
    "brightness": [
        139, 
        139, 
        138, 
        138, 
        135, 
        135, 
        134, 
        133, 
        132, 
        131, 
        131, 
        130
    ], 
    "horizontal_movement": [
        [
            1.0588235294117647, 
            -0.22222222222222221, 
            0.0625, 
            0.0, 
            0.0, 
            -0.57894736842105265, 
            -1.3333333333333333, 
            -2.7647058823529411, 
            -2.8888888888888888, 
            -3.3529411764705883, 
            0.125
        ], 
        [
            0.8928571428571429, 
            -0.14814814814814814, 
            0.44, 
            0.076923076923076927, 
            -0.14814814814814814, 
            -0.11538461538461539, 
            -1.0714285714285714, 
            -2.375, 
            -3.0, 
            -3.2962962962962963, 
            0.19230769230769232
        ], 
        [
            2.3448275862068964, 
            1.3214285714285714, 
            2.0714285714285716, 
            2.7777777777777777, 
            1.25, 
            1.303030303030303, 
            0.70588235294117652, 
            1.0, 
            -1.064516129032258, 
            -1.588235294117647, 
            1.9411764705882353
        ], 
        [
            0.39583333333333331, 
            -2.0833333333333335, 
            -0.8125, 
            -0.875, 
            -1.2916666666666667, 
            -1.6041666666666667, 
            -2.8333333333333335, 
            -4.166666666666667, 
            -2.8541666666666665, 
            -4.270833333333333, 
            -0.29166666666666669
        ], 
        [
            3.9047619047619047, 
            2.3846153846153846, 
            2.7749999999999999, 
            7.3414634146341466, 
            3.4888888888888889, 
            2.9090909090909092, 
            1.8409090909090908, 
            5.371428571428571, 
            1.4130434782608696, 
            1.0652173913043479, 
            4.666666666666667
        ], 
        [
            5.7777777777777777, 
            4.0444444444444443, 
            4.3409090909090908, 
            9.3863636363636367, 
            3.9333333333333331, 
            3.2727272727272729, 
            2.2173913043478262, 
            4.7674418604651159, 
            1.0869565217391304, 
            0.63043478260869568, 
            4.3181818181818183
        ], 
        [
            -0.67500000000000004, 
            -3.4750000000000001, 
            -2.7250000000000001, 
            -3.3250000000000002, 
            -2.0750000000000002, 
            -3.4500000000000002, 
            -4.7750000000000004, 
            -5.7000000000000002, 
            -4.0999999999999996, 
            -4.4000000000000004, 
            -0.90000000000000002
        ], 
        [
            4.125, 
            1.1000000000000001, 
            2.0499999999999998, 
            10.435897435897436, 
            1.875, 
            3.8250000000000002, 
            1.3500000000000001, 
            8.5749999999999993, 
            1.7, 
            -0.074999999999999997, 
            5.2999999999999998
        ], 
        [
            4.6756756756756754, 
            2.3888888888888888, 
            2.342857142857143, 
            8.8857142857142861, 
            2.8648648648648649, 
            1.2285714285714286, 
            0.82857142857142863, 
            5.9666666666666668, 
            0.0, 
            -0.41666666666666669, 
            2.8235294117647061
        ]
    ], 
    "mean_vector_length": [
        [
            1.4625579397334894, 
            1.5623947569787591, 
            0.25, 
            0.93333333333333335, 
            0.055555555555555552, 
            0.60074808223016296, 
            1.5461456348539908, 
            3.2149440697099232, 
            2.9020037765277658, 
            3.3529411764705883, 
            0.27588834764831843
        ], 
        [
            1.0469181606780273, 
            0.32697878239800704, 
            1.1351281440492298, 
            1.1472471971056228, 
            0.18518518518518517, 
            1.0093323341199727, 
            1.7411438855524146, 
            2.6782820270936365, 
            3.0064911064067354, 
            3.3128763313316454, 
            0.466273293292987
        ], 
        [
            2.5174285037696946, 
            2.4118861254664483, 
            2.977240024859872, 
            3.9248642943066168, 
            1.5838450247721565, 
            2.3551463153163743, 
            3.0953145915728699, 
            4.72917270205454, 
            1.5236614645141533, 
            1.6744196036384016, 
            2.5153473922019973
        ], 
        [
            1.2658954148350197, 
            2.5600409894479284, 
            0.85922168098165164, 
            1.5748645217539881, 
            1.3052141987473516, 
            1.6223016998472444, 
            2.8833751470240885, 
            4.4769546883275062, 
            2.8541666666666665, 
            4.270833333333333, 
            0.50653559372884926
        ], 
        [
            4.6005329593547915, 
            3.449495237224526, 
            3.8703986766233447, 
            8.2669626104146712, 
            4.1348323049684419, 
            3.6751823044283003, 
            3.296092588193841, 
            7.1650308146779951, 
            3.0347064410566622, 
            2.9450728123740935, 
            4.7351214068099203
        ], 
        [
            5.839617827163095, 
            4.2279172918711359, 
            4.5836877949403023, 
            9.4699619385725491, 
            4.0102826892989993, 
            3.4860960040475941, 
            3.0947942489640941, 
            5.5299140802125715, 
            1.6077874665645429, 
            1.4699116886633881, 
            4.3876117316188035
        ], 
        [
            1.5484186772490096, 
            3.5758634508888818, 
            2.8303833973151855, 
            3.6627796540514361, 
            2.0986067977499787, 
            3.4856729107232538, 
            4.8040368246398826, 
            7.1856649839176283, 
            4.0999999999999996, 
            4.4246880017608641, 
            1.1071067811865472
        ], 
        [
            4.6447994855977104, 
            4.111539135146999, 
            4.0448666659906456, 
            11.27186075408493, 
            3.5040001617993148, 
            4.865743490837124, 
            3.3191054386998138, 
            9.2993546872326664, 
            3.5857619471701119, 
            3.0093206489393207, 
            5.7007063972920449
        ], 
        [
            5.0962222731125193, 
            3.8865791521585553, 
            3.3000209674729373, 
            9.8692434376542248, 
            3.9296658689333426, 
            3.0931144933544679, 
            2.7840109911062414, 
            6.7670518143488056, 
            2.8855366821850539, 
            2.8464555130005231, 
            3.6182439619571496
        ]
    ],