{
    "brightness": [
        85, 
        86, 
        86, 
        86, 
        85, 
        86, 
        87, 
        88, 
        89, 
        92, 
        95, 
        98, 
        100, 
        104, 
        106, 
        107, 
        107, 
        108, 
        109, 
        109, 
        109, 
        110
    ], 
    "horizontal_movement": [
        [
            -16.666666666666668, 
            -0.025000000000000001, 
            1.0, 
            0.76190476190476186, 
            -5.9473684210526319, 
            -1.0555555555555556, 
            -0.78947368421052633, 
            -1.6388888888888888, 
            -4.9199999999999999, 
            -0.86842105263157898, 
            -1.7037037037037037, 
            -1.7749999999999999, 
            -1.24, 
            0.18421052631578946, 
            0.63636363636363635, 
            0.92500000000000004, 
            -0.84375, 
            -0.86842105263157898, 
            -1.7105263157894737, 
            -0.75, 
            -1.5555555555555556
        ], 
        [
            -5.583333333333333, 
            1.9473684210526316, 
            1.8611111111111112, 
            3.0526315789473686, 
            -1.4210526315789473, 
            -0.39473684210526316, 
            2.3947368421052633, 
            2.0512820512820511, 
            2.6216216216216215, 
            3.7250000000000001, 
            1.4594594594594594, 
            2.3846153846153846, 
            3.5600000000000001, 
            3.0, 
            3.657142857142857, 
            4.5, 
            3.7857142857142856, 
            2.0277777777777777, 
            0.82857142857142863, 
            1.4285714285714286, 
            1.5666666666666667
        ], 
        [
            -0.91666666666666663, 
            6.8235294117647056, 
            9.4444444444444446, 
            9.2432432432432439, 
            11.344827586206897, 
            6.2368421052631575, 
            7.0256410256410255, 
            5.7000000000000002, 
            9.6969696969696972, 
            6.2307692307692308, 
            5.2702702702702702, 
            5.125, 
            8.8974358974358978, 
            5.5750000000000002, 
            5.5, 
            5.625, 
            7.612903225806452, 
            3.3243243243243241, 
            1.3999999999999999, 
            2.0499999999999998, 
            1.2
        ], 
        [
            -21.923076923076923, 
            -4.3111111111111109, 
            -2.5238095238095237, 
            -2.9166666666666665, 
            -7.7777777777777777, 
            -3.7173913043478262, 
            -2.0227272727272729, 
            -2.9565217391304346, 
            -6.67741935483871, 
            -1.0212765957446808, 
            -1.8378378378378379, 
            -0.97872340425531912, 
            -1.6097560975609757, 
            -0.14583333333333334, 
            -0.25531914893617019, 
            0.79166666666666663, 
            -0.4375, 
            -0.25, 
            -0.95833333333333337, 
            0.15217391304347827, 
            -1.0888888888888888
        ], 
        [
            -42.6875, 
            -11.705882352941176, 
            -10.764705882352942, 
            -11.128205128205128, 
            -22.600000000000001, 
            -10.0, 
            -9.3030303030303028, 
            -10.851851851851851, 
            -2.8461538461538463, 
            -3.3333333333333335, 
            0.38461538461538464, 
            0.24242424242424243, 
            5.416666666666667, 
            3.25, 
            2.84375, 
            2.935483870967742, 
            3.3599999999999999, 
            0.48484848484848486, 
            -0.34375, 
            0.37142857142857144, 
            -0.88888888888888884
        ], 
        [
            -3.875, 
            3.8518518518518516, 
            6.5217391304347823, 
            6.7777777777777777, 
            7.9545454545454541, 
            3.5757575757575757, 
            3.5789473684210527, 
            0.057142857142857141, 
            2.3636363636363638, 
            -1.6451612903225807, 
            -3.5600000000000001, 
            -0.9285714285714286, 
            -2.375, 
            -1.2424242424242424, 
            -1.032258064516129, 
            0.61111111111111116, 
            1.0357142857142858, 
            -0.4375, 
            -1.8333333333333333, 
            -1.2857142857142858, 
            -3.5714285714285716
        ], 
        [
            -37.826086956521742, 
            -9.4857142857142858, 
            -7.2647058823529411, 
            -6.71875, 
            -15.064516129032258, 
            -5.7948717948717947, 
            -3.6666666666666665, 
            -5.0540540540540544, 
            -8.2400000000000002, 
            0.51282051282051277, 
            -1.368421052631579, 
            -0.14999999999999999, 
            -0.18421052631578946, 
            0.94999999999999996, 
            1.2749999999999999, 
            1.875, 
            1.9473684210526316, 
            1.7250000000000001, 
            0.38461538461538464, 
            1.5249999999999999, 
            -1.1282051282051282
        ], 
        [
            -41.545454545454547, 
            -14.486486486486486, 
            -13.199999999999999, 
            -13.861111111111111, 
            -32.592592592592595, 
            -13.242424242424242, 
            -10.625, 
            -12.236842105263158, 
            -25.5, 
            -10.03448275862069, 
            -8.137931034482758, 
            -2.8823529411764706, 
            -5.7894736842105265, 
            -0.86206896551724133, 
            2.5416666666666665, 
            1.0689655172413792, 
            0.58333333333333337, 
            2.21875, 
            1.7575757575757576, 
            0.43333333333333335, 
            -1.5517241379310345
        ], 
        [
            -1.4166666666666667, 
            6.1071428571428568, 
            6.6551724137931032, 
            4.7647058823529411, 
            4.7142857142857144, 
            3.5, 
            3.8787878787878789, 
            1.1071428571428572, 
            6.2727272727272725, 
            3.7333333333333334, 
            4.1481481481481479, 
            4.645161290322581, 
            12.285714285714286, 
            4.333333333333333, 
            4.5757575757575761, 
            5.2368421052631575, 
            9.6486486486486491, 
            2.8684210526315788, 
            1.9736842105263157, 
            1.5263157894736843, 
            -1.0833333333333333
        ]
    ],