{
    "brightness": [
        167, 
        165, 
        165, 
        161, 
        158, 
        158, 
        156, 
        155, 
        155, 
        155, 
        155, 
        156
    ], 
    "horizontal_movement": [
        [
            -0.11428571428571428, 
            0.0, 
            -0.60869565217391308, 
            -0.875, 
            0.0, 
            -1.0, 
            -0.88461538461538458, 
            0.0, 
            0.0, 
            -0.53333333333333333, 
            0.090909090909090912
        ], 
        [
            0.65517241379310343, 
            0.0, 
            0.0, 
            -0.31818181818181818, 
            0.0, 
            -0.45454545454545453, 
            -0.75, 
            0.10000000000000001, 
            0.0, 
            -0.13793103448275862, 
            0.125
        ], 
        [
            -0.40000000000000002, 
            0.0, 
            -0.59999999999999998, 
            -0.8571428571428571, 
            0.0, 
            -0.8125, 
            -0.19354838709677419, 
            0.875, 
            0.0, 
            0.42424242424242425, 
            0.56000000000000005
        ], 
        [
            0.64864864864864868, 
            0.0, 
            1.3333333333333333, 
            1.3142857142857143, 
            0.0, 
            1.2777777777777777, 
            1.0588235294117647, 
            1.5789473684210527, 
            0.021276595744680851, 
            1.2307692307692308, 
            1.5897435897435896
        ], 
        [
            1.0, 
            0.0, 
            0.92000000000000004, 
            0.86363636363636365, 
            0.0, 
            0.95999999999999996, 
            0.56666666666666665, 
            1.0, 
            0.0, 
            0.10344827586206896, 
            0.26923076923076922
        ], 
        [
            -0.62857142857142856, 
            0.0, 
            -0.65384615384615385, 
            -0.95999999999999996, 
            0.0, 
            -0.51851851851851849, 
            -0.44117647058823528, 
            0.3125, 
            0.0, 
            -0.25, 
            -0.064516129032258063
        ], 
        [
            0.20689655172413793, 
            0.0, 
            -0.33333333333333331, 
            2.3500000000000001, 
            0.0, 
            1.5555555555555556, 
            1.4482758620689655, 
            1.9666666666666666, 
            0.0, 
            1.0333333333333334, 
            1.6129032258064515
        ], 
        [
            0.61538461538461542, 
            0.0, 
            0.83333333333333337, 
            2.7142857142857144, 
            0.0, 
            -0.045454545454545456, 
            -0.47619047619047616, 
            -0.25, 
            0.0, 
            -0.35999999999999999, 
            -1.25
        ], 
        [
            -1.4736842105263157, 
            0.0, 
            -0.1111111111111111, 
            0.10000000000000001, 
            0.02564102564102564, 
            0.043478260869565216, 
            0.14285714285714285, 
            0.35714285714285715, 
            0.0, 
            -0.55172413793103448, 
            -1.8148148148148149
        ]
    ], 
    "mean_vector_length": [
        [
            0.81099360888143546, 
            0.0, 
            1.6265629320519823, 
            1.7996797669807734, 
            0.0, 
            1.8099757269914871, 
            1.9003434520745608, 
            1.5238195240587031, 
            0.0, 
            1.482153704498695, 
            1.035122683397516
        ], 
        [
            1.6948587115853826, 
            0.0, 
            0.95934562985592231, 
            1.3272753643798836, 
            0.0, 
            1.7766548878968231, 
            0.9289975644174332, 
            0.71380711874576985, 
            0.0, 
            0.67190625428408879, 
            0.65951779686442469
        ], 
        [
            2.2701529929572528, 
            0.025000000000000001, 
            1.7734084106327694, 
            2.1839973585500849, 
            0.0, 
            1.8818999858950691, 
            0.81981334072171275, 
            1.6899265849919494, 
            0.0, 
            1.4817366918861652, 
            0.95169668654415374
        ], 
        [
            1.7600828026945512, 
            0.0, 
            3.3179160266793417, 
            2.7674790928939199, 
            0.021276595744680851, 
            2.2431679994511819, 
            2.29406438815055, 
            2.3688319048880788, 
            0.042553191489361701, 
            1.6869862531431392, 
            2.3366269581497359
        ], 
        [
            1.641469152591003, 
            0.0, 
            1.6649490688688349, 
            1.7604598347265226, 
            0.0, 
            2.0464488501795115, 
            1.8788588978273946, 
            1.75480103199502, 
            0.0, 
            1.0677237944433673, 
            1.3373067895876696
        ], 
        [
            1.2116196783524105, 
            0.020833333333333332, 
            1.2813808769850157, 
            1.4810305054255075, 
            0.0, 
            1.1859967567216345, 
            1.5314063853988009, 
            1.5812686861453509, 
            0.0, 
            1.4254459868353284, 
            1.0612740302132795
        ], 
        [
            5.2243567835275284, 
            0.030303030303030304, 
            3.7825560465205292, 
            3.6396100914121448, 
            0.0, 
            2.206004070823707, 
            2.4385590736879612, 
            2.2266185029446741, 
            0.0, 
            1.8194285141187043, 
            3.4786812730685348
        ], 
        [
            2.3867651077294258, 
            0.0, 
            4.4978584848347714, 
            4.1469347793225193, 
            0.0, 
            2.2566832196166655, 
            3.079790923363213, 
            2.7332305208050776, 
            0.0, 
            2.1721440520166353, 
            2.9489831479000195
        ], 
        [
            1.8677106574149152, 
            0.025000000000000001, 
            2.8336456954338414, 
            2.8828473728732549, 
            0.02564102564102564, 
            3.0277601194093013, 
            3.3131060726137811, 
            3.2956055357014713, 
            0.12820512820512819, 
            2.6379065838921001, 
            2.3037704015791198
        ]
    ],