{
    "brightness": [
        153, 
        156, 
        156, 
        156, 
        156, 
        156, 
        157, 
        158, 
        158, 
        158, 
        158, 
        157, 
        157, 
        157, 
        157, 
        157, 
        157, 
        158, 
        157, 
        154, 
        153
    ], 
    "horizontal_movement": [
        [
            1.4838709677419355, 
            3.3823529411764706, 
            3.4848484848484849, 
            4.3783783783783781, 
            3.3888888888888888, 
            3.4571428571428573, 
            4.0, 
            2.8888888888888888, 
            3.1428571428571428, 
            2.2972972972972974, 
            1.5263157894736843, 
            2.6486486486486487, 
            6.1818181818181817, 
            2.1428571428571428, 
            1.2424242424242424, 
            1.2857142857142858, 
            1.2580645161290323, 
            0.33333333333333331, 
            -0.94736842105263153, 
            -1.175
        ], 
        [
            2.0526315789473686, 
            2.3500000000000001, 
            3.8333333333333335, 
            4.333333333333333, 
            3.0555555555555554, 
            3.0606060606060606, 
            2.5555555555555554, 
            1.5161290322580645, 
            2.3030303030303032, 
            1.1935483870967742, 
            0.20689655172413793, 
            1.5483870967741935, 
            3.8333333333333335, 
            1.2727272727272727, 
            0.41176470588235292, 
            0.53125, 
            0.29999999999999999, 
            -0.83870967741935487, 
            -1.8571428571428572, 
            -1.2173913043478262
        ], 
        [
            0.23809523809523808, 
            1.2222222222222223, 
            0.96875, 
            1.032258064516129, 
            0.43333333333333335, 
            0.29999999999999999, 
            0.66666666666666663, 
            0.17647058823529413, 
            1.0857142857142856, 
            -0.32432432432432434, 
            -1.1481481481481481, 
            0.27027027027027029, 
            -0.45161290322580644, 
            -0.88571428571428568, 
            -1.1282051282051282, 
            0.0, 
            0.028571428571428571, 
            -0.055555555555555552, 
            -1.0303030303030303, 
            0.029411764705882353
        ], 
        [
            2.0, 
            3.236842105263158, 
            3.4651162790697674, 
            4.270833333333333, 
            4.1063829787234045, 
            4.5106382978723403, 
            3.7826086956521738, 
            2.4736842105263159, 
            2.9791666666666665, 
            1.8604651162790697, 
            1.8378378378378379, 
            2.9574468085106385, 
            6.25, 
            3.0434782608695654, 
            2.0851063829787235, 
            1.9565217391304348, 
            0.86363636363636365, 
            -0.60869565217391308, 
            -0.92682926829268297, 
            -1.4848484848484849
        ], 
        [
            1.3666666666666667, 
            2.6666666666666665, 
            3.0, 
            3.6458333333333335, 
            3.4468085106382977, 
            3.5106382978723403, 
            2.6304347826086958, 
            1.3170731707317074, 
            1.9318181818181819, 
            0.8571428571428571, 
            0.36585365853658536, 
            2.0217391304347827, 
            3.3170731707317072, 
            1.673913043478261, 
            0.8936170212765957, 
            0.73333333333333328, 
            0.045454545454545456, 
            -1.1333333333333333, 
            -1.2553191489361701, 
            -1.553191489361702
        ], 
        [
            0.76666666666666672, 
            1.2666666666666666, 
            0.82499999999999996, 
            1.027027027027027, 
            0.48780487804878048, 
            0.94999999999999996, 
            0.35555555555555557, 
            -0.3902439024390244, 
            0.39583333333333331, 
            -0.65116279069767447, 
            -0.6470588235294118, 
            0.25, 
            -0.44444444444444442, 
            -0.45238095238095238, 
            -0.88636363636363635, 
            -0.18604651162790697, 
            -0.20512820512820512, 
            -0.45454545454545453, 
            -0.54285714285714282, 
            -0.26315789473684209
        ], 
        [
            1.0, 
            2.3999999999999999, 
            3.2424242424242422, 
            4.2424242424242422, 
            4.371428571428571, 
            4.9736842105263159, 
            3.5555555555555554, 
            1.2962962962962963, 
            2.0769230769230771, 
            0.86842105263157898, 
            1.5, 
            2.4285714285714284, 
            4.4137931034482758, 
            2.6875, 
            1.3529411764705883, 
            1.2580645161290323, 
            0.12, 
            -0.86206896551724133, 
            -0.59259259259259256, 
            -1.5294117647058822
        ], 
        [
            1.6923076923076923, 
            2.7037037037037037, 
            2.806451612903226, 
            3.5428571428571427, 
            3.625, 
            3.75, 
            2.6129032258064515, 
            0.38709677419354838, 
            1.53125, 
            0.24242424242424243, 
            1.1666666666666667, 
            2.09375, 
            3.161290322580645, 
            2.0588235294117645, 
            0.84375, 
            0.90322580645161288, 
            -0.17241379310344829, 
            -1.1612903225806452, 
            -0.8214285714285714, 
            -1.4411764705882353
        ], 
        [
            -1.6666666666666667, 
            -1.2083333333333333, 
            -0.59999999999999998, 
            -0.035714285714285712, 
            0.61538461538461542, 
            2.1481481481481484, 
            0.89655172413793105, 
            -0.46875, 
            0.5, 
            -0.77777777777777779, 
            -0.74285714285714288, 
            0.050000000000000003, 
            -2.0333333333333332, 
            -0.43243243243243246, 
            -1.4545454545454546, 
            -2.125, 
            -2.375, 
            -1.1428571428571428, 
            0.0, 
            -0.31034482758620691
        ]
    ],