{
    "brightness": [
        129, 
        129, 
        129, 
        128, 
        128, 
        128, 
        128, 
        128, 
        128, 
        129, 
        128
    ], 
    "horizontal_movement": [
        [
            0.36363636363636365, 
            -0.27272727272727271, 
            0.36363636363636365, 
            0.090909090909090912, 
            -0.81818181818181823, 
            0.0, 
            -0.1111111111111111, 
            0.0, 
            -0.66666666666666663, 
            -0.55555555555555558
        ], 
        [
            0.33333333333333331, 
            -1.0, 
            0.14285714285714285, 
            -0.125, 
            -0.80000000000000004, 
            0.0, 
            0.0, 
            0.69999999999999996, 
            -0.81818181818181823, 
            -0.59999999999999998
        ], 
        [
            -0.375, 
            -0.33333333333333331, 
            0.44444444444444442, 
            0.22222222222222221, 
            -1.0, 
            0.0, 
            -2.4285714285714284, 
            0.8571428571428571, 
            -0.75, 
            0.0
        ], 
        [
            -0.1276595744680851, 
            -0.24444444444444444, 
            0.0, 
            -0.55000000000000004, 
            -0.85106382978723405, 
            -0.083333333333333329, 
            -0.95652173913043481, 
            -0.025000000000000001, 
            -0.85416666666666663, 
            0.0
        ], 
        [
            0.068181818181818177, 
            -0.16279069767441862, 
            0.0, 
            -0.54285714285714282, 
            -0.97826086956521741, 
            -0.042553191489361701, 
            -0.65217391304347827, 
            0.042553191489361701, 
            -0.88888888888888884, 
            -0.086956521739130432
        ], 
        [
            -0.14583333333333334, 
            -0.1702127659574468, 
            -0.0625, 
            -0.55319148936170215, 
            -1.0208333333333333, 
            -0.16666666666666666, 
            -1.0212765957446808, 
            -0.047619047619047616, 
            -0.95744680851063835, 
            -0.19148936170212766
        ], 
        [
            0.10000000000000001, 
            0.67500000000000004, 
            -0.34999999999999998, 
            -0.67567567567567566, 
            -0.80000000000000004, 
            -0.65000000000000002, 
            -1.625, 
            -0.23076923076923078, 
            -0.47499999999999998, 
            -0.25
        ], 
        [
            -0.51282051282051277, 
            0.0, 
            -0.76923076923076927, 
            -0.89189189189189189, 
            -1.0769230769230769, 
            -0.71794871794871795, 
            -1.3846153846153846, 
            -0.5757575757575758, 
            -0.84210526315789469, 
            -0.30769230769230771
        ], 
        [
            -1.6363636363636365, 
            -0.70588235294117652, 
            -1.4857142857142858, 
            -1.935483870967742, 
            -1.3714285714285714, 
            -1.0, 
            -1.4857142857142858, 
            -2.7407407407407409, 
            -2.0571428571428569, 
            -0.65714285714285714
        ]
    ], 
    "mean_vector_length": [
        [
            1.128564869306645, 
            1.172681357873788, 
            0.66368755270416091, 
            1.391557799033206, 
            0.90909090909090906, 
            1.0920474583051323, 
            0.55555555555555558, 
            1.0406384791929939, 
            0.96187269438804224, 
            1.1643009627354528
        ], 
        [
            0.85003128220809832, 
            1.1553300858899107, 
            0.14285714285714285, 
            1.625, 
            0.90000000000000002, 
            0.75, 
            0.75, 
            1.0246211251235322, 
            1.301246227180433, 
            1.1656854249492379
        ], 
        [
            1.1553300858899107, 
            1.7794821913182932, 
            1.7327281610968939, 
            1.2952060277213755, 
            1.0, 
            0.7142857142857143, 
            3.7330263581596577, 
            1.867805482283073, 
            1.2588834764831844, 
            0.25
        ], 
        [
            1.0528783271114588, 
            0.78474907775521707, 
            0.10638297872340426, 
            1.0778174593052026, 
            0.85106382978723405, 
            1.0345177968644246, 
            0.96552638179071937, 
            0.58106601717798212, 
            0.85416666666666663, 
            1.0
        ], 
        [
            0.11363636363636363, 
            0.60216098202307367, 
            0.043478260869565216, 
            1.2669198182882395, 
            0.97826086956521741, 
            0.97507291754779135, 
            1.2049218885041919, 
            0.15238888638656128, 
            1.0031585694162433, 
            0.96552638179071937
        ], 
        [
            0.67320226039551601, 
            1.6009539359520197, 
            0.59196278254943946, 
            1.2291394174829884, 
            1.0208333333333333, 
            1.0604061445127431, 
            1.5065277611712593, 
            0.58129079910412129, 
            1.3400586395169543, 
            0.34042553191489361
        ], 
        [
            1.0310660171779822, 
            1.222971752840168, 
            0.68106601717798221, 
            0.80153660133763194, 
            1.1672978025053875, 
            1.2337191587426968, 
            1.7136349517372669, 
            1.2346385291275919, 
            0.52500000000000002, 
            1.0285533905932738
        ], 
        [
            0.73776151371141929, 
            1.1112157442361661, 
            1.0026826934415003, 
            1.4274359344200118, 
            1.2480049736245389, 
            1.3676787470416008, 
            1.8203063327466906, 
            1.3307525654083725, 
            0.90750740458522561, 
            0.93260592029772427
        ], 
        [
            2.6315386317072664, 
            2.4523578953657257, 
            2.0751277699534962, 
            2.556199867902635, 
            1.5304762229890214, 
            1.8851712681734754, 
            2.5421986151003528, 
            3.9078716611379631, 
            2.2757622406699474, 
            1.492752890991909
        ]
    ],