{
    "brightness": [
        133, 
        133, 
        133, 
        133, 
        133, 
        133, 
        133, 
        133, 
        133, 
        133, 
        133, 
        133, 
        133, 
        133, 
        133, 
        133, 
        133, 
        133, 
        133, 
        133, 
        133, 
        134
    ], 
    "horizontal_movement": [
        [
            0.0, 
            0.0, 
            0.0, 
            -0.57692307692307687, 
            0.0, 
            -0.5, 
            -0.69230769230769229, 
            -0.80769230769230771, 
            0.19230769230769232, 
            0.0, 
            -0.57692307692307687, 
            -0.07407407407407407, 
            -0.037037037037037035, 
            0.0, 
            0.0, 
            0.0, 
            0.0, 
            0.0, 
            0.0, 
            0.0, 
            0.037037037037037035
        ], 
        [
            0.0, 
            0.0, 
            0.0, 
            -0.9285714285714286, 
            0.0, 
            -0.5714285714285714, 
            -1.0, 
            -0.9285714285714286, 
            0.0, 
            0.0, 
            -0.75, 
            -0.066666666666666666, 
            -0.0625, 
            0.0, 
            0.0, 
            0.0, 
            0.0625, 
            0.0, 
            0.0, 
            0.0, 
            0.0625
        ], 
        [
            0.0, 
            0.0, 
            0.0, 
            -0.94999999999999996, 
            0.0, 
            -0.84999999999999998, 
            -0.90000000000000002, 
            -1.0, 
            0.0, 
            0.0, 
            -0.95238095238095233, 
            0.0, 
            -0.047619047619047616, 
            0.0, 
            0.0, 
            0.0, 
            0.0, 
            0.0, 
            0.0, 
            0.0, 
            0.095238095238095233
        ], 
        [
            -0.10416666666666667, 
            -0.0625, 
            -0.020833333333333332, 
            -0.75, 
            0.0, 
            -0.47916666666666669, 
            -0.875, 
            -0.72916666666666663, 
            -0.041666666666666664, 
            0.0, 
            -0.47916666666666669, 
            -0.0625, 
            -0.041666666666666664, 
            0.0, 
            0.0, 
            0.0, 
            -0.083333333333333329, 
            0.041666666666666664, 
            0.0, 
            0.0, 
            0.1875
        ], 
        [
            -0.020833333333333332, 
            -0.041666666666666664, 
            0.0, 
            -0.91666666666666663, 
            0.020833333333333332, 
            -0.47916666666666669, 
            -0.97916666666666663, 
            -0.89583333333333337, 
            -0.083333333333333329, 
            0.0, 
            -0.39583333333333331, 
            -0.20833333333333334, 
            -0.14583333333333334, 
            0.0, 
            0.0, 
            0.0, 
            -0.041666666666666664, 
            -0.020833333333333332, 
            0.0, 
            -0.041666666666666664, 
            0.14583333333333334
        ], 
        [
            0.0, 
            0.0, 
            0.0, 
            -0.91666666666666663, 
            0.0, 
            -0.89583333333333337, 
            -0.97916666666666663, 
            -1.0, 
            -0.041666666666666664, 
            0.0, 
            -0.4375, 
            -0.083333333333333329, 
            -0.125, 
            0.0, 
            0.0, 
            0.0, 
            0.0, 
            0.020833333333333332, 
            0.0, 
            0.0, 
            0.083333333333333329
        ], 
        [
            0.0, 
            0.0, 
            0.0, 
            -0.97499999999999998, 
            0.0, 
            -0.77500000000000002, 
            -1.0, 
            -0.94999999999999996, 
            -0.050000000000000003, 
            0.0, 
            -0.025000000000000001, 
            0.0, 
            -0.125, 
            0.0, 
            0.0, 
            0.0, 
            -0.025000000000000001, 
            0.0, 
            0.0, 
            0.0, 
            0.025000000000000001
        ], 
        [
            0.0, 
            0.0, 
            0.0, 
            -1.0, 
            0.0, 
            -0.72499999999999998, 
            -0.92500000000000004, 
            -0.72499999999999998, 
            -0.025000000000000001, 
            0.0, 
            -0.050000000000000003, 
            -0.025000000000000001, 
            -0.025000000000000001, 
            0.0, 
            0.0, 
            0.0, 
            -0.025000000000000001, 
            0.0, 
            0.0, 
            0.0, 
            0.025000000000000001
        ], 
        [
            0.0, 
            0.0, 
            0.0, 
            -1.0, 
            0.0, 
            -0.97499999999999998, 
            -0.94999999999999996, 
            -0.97499999999999998, 
            0.0, 
            0.0, 
            0.0, 
            -0.10000000000000001, 
            0.0, 
            0.0, 
            0.0, 
            0.0, 
            0.0, 
            0.025000000000000001, 
            0.0, 
            0.0, 
            0.10000000000000001
        ]
    ],