{
    "brightness": [
        93, 
        92, 
        91, 
        91, 
        91, 
        92, 
        93, 
        90, 
        90, 
        88, 
        89, 
        90, 
        91, 
        91, 
        90, 
        90, 
        89, 
        89
    ], 
    "horizontal_movement": [
        [
            -2.2000000000000002, 
            -1.0, 
            0.0, 
            -0.6785714285714286, 
            -1.4814814814814814, 
            -0.32000000000000001, 
            -0.4642857142857143, 
            0.027027027027027029, 
            -0.62962962962962965, 
            -0.24324324324324326, 
            -1.0, 
            -1.8285714285714285, 
            -2.1666666666666665, 
            -2.5151515151515151, 
            -2.096774193548387, 
            -3.5, 
            -5.125
        ], 
        [
            -0.17857142857142858, 
            -0.5161290322580645, 
            0.0, 
            -0.1875, 
            1.2258064516129032, 
            0.6785714285714286, 
            0.47058823529411764, 
            0.0, 
            1.263157894736842, 
            0.48571428571428571, 
            -0.16666666666666666, 
            -0.125, 
            -0.5, 
            0.17241379310344829, 
            0.69999999999999996, 
            0.35714285714285715, 
            -0.23076923076923078
        ], 
        [
            -1.8, 
            -1.0, 
            0.0, 
            -0.81818181818181823, 
            0.0, 
            0.2857142857142857, 
            0.0, 
            0.0, 
            1.2, 
            0.0, 
            -0.93333333333333335, 
            -1.1428571428571428, 
            -1.0769230769230769, 
            -0.61538461538461542, 
            0.0, 
            0.15384615384615385, 
            -0.92307692307692313
        ], 
        [
            0.55263157894736847, 
            0.66666666666666663, 
            0.0, 
            1.2749999999999999, 
            1.2857142857142858, 
            1.1463414634146341, 
            0.54545454545454541, 
            0.0, 
            1.7428571428571429, 
            -0.66666666666666663, 
            -0.55555555555555558, 
            -0.88636363636363635, 
            -2.2380952380952381, 
            -2.6511627906976742, 
            -2.8095238095238093, 
            -3.8292682926829267, 
            -5.2820512820512819
        ], 
        [
            -0.91176470588235292, 
            0.14999999999999999, 
            0.0, 
            0.58536585365853655, 
            1.0540540540540539, 
            1.0540540540540539, 
            0.73333333333333328, 
            0.0, 
            1.5641025641025641, 
            0.48888888888888887, 
            0.62222222222222223, 
            0.48936170212765956, 
            -0.34042553191489361, 
            -0.46808510638297873, 
            0.60869565217391308, 
            0.78723404255319152, 
            0.26666666666666666
        ], 
        [
            -2.0, 
            -0.10869565217391304, 
            0.0, 
            0.52083333333333337, 
            0.25, 
            0.82499999999999996, 
            -0.10638297872340426, 
            0.041666666666666664, 
            0.17073170731707318, 
            -0.44680851063829785, 
            -0.24444444444444444, 
            -0.5957446808510638, 
            -1.2173913043478262, 
            -1.4130434782608696, 
            -0.28260869565217389, 
            -0.57446808510638303, 
            -1.1458333333333333
        ], 
        [
            1.9696969696969697, 
            3.0833333333333335, 
            0.0, 
            3.5555555555555554, 
            4.0625, 
            1.1666666666666667, 
            -0.0625, 
            -0.074999999999999997, 
            0.0, 
            -1.5454545454545454, 
            1.0, 
            0.090909090909090912, 
            -1.4166666666666667, 
            -1.5, 
            -2.0882352941176472, 
            -3.8484848484848486, 
            -4.0303030303030303
        ], 
        [
            0.66666666666666663, 
            2.2000000000000002, 
            0.0, 
            2.5, 
            2.4722222222222223, 
            2.1052631578947367, 
            0.78378378378378377, 
            0.025000000000000001, 
            1.09375, 
            0.83333333333333337, 
            1.3714285714285714, 
            0.45945945945945948, 
            -1.2222222222222223, 
            -1.5249999999999999, 
            -0.34999999999999998, 
            -0.32500000000000001, 
            -0.52500000000000002
        ], 
        [
            -0.51282051282051277, 
            1.2, 
            0.050000000000000003, 
            1.825, 
            1.2, 
            3.2400000000000002, 
            0.52631578947368418, 
            0.025000000000000001, 
            -0.027777777777777776, 
            0.25641025641025639, 
            0.59999999999999998, 
            -0.17499999999999999, 
            -1.5, 
            -2.0750000000000002, 
            -1.0, 
            -0.80000000000000004, 
            -1.55
        ]
    ],