{
    "brightness": [
        134, 
        134, 
        134, 
        134, 
        132, 
        124, 
        109, 
        110, 
        107, 
        107, 
        105, 
        110, 
        110, 
        121, 
        138, 
        142
    ], 
    "horizontal_movement": [
        [
            -0.10000000000000001, 
            -0.17948717948717949, 
            0.0, 
            -0.074999999999999997, 
            -0.090909090909090912, 
            0.0, 
            0.0, 
            -96.875, 
            0.0, 
            -0.066666666666666666, 
            -0.10000000000000001, 
            0.0, 
            0.0, 
            -0.625, 
            0.0
        ], 
        [
            -0.10000000000000001, 
            -0.17499999999999999, 
            0.0, 
            -0.14999999999999999, 
            -0.14999999999999999, 
            0.0, 
            0.0, 
            0.0, 
            -82.799999999999997, 
            -126.28571428571429, 
            -0.35294117647058826, 
            -0.02564102564102564, 
            -0.24242424242424243, 
            -0.69999999999999996, 
            0.0
        ], 
        [
            0.0, 
            0.050000000000000003, 
            0.0, 
            0.0, 
            0.0, 
            0.050000000000000003, 
            0.0, 
            0.0, 
            0.0, 
            0, 
            -42.166666666666664, 
            0.025000000000000001, 
            -13.0, 
            -43.399999999999999, 
            0.0
        ], 
        [
            -0.3125, 
            -0.5, 
            0.0, 
            -1.8536585365853659, 
            -8.1999999999999993, 
            -182.0, 
            0.15555555555555556, 
            -102.92857142857143, 
            -98.5, 
            17.600000000000001, 
            -11.517241379310345, 
            0.041666666666666664, 
            -4.0, 
            -0.5, 
            0.020833333333333332
        ], 
        [
            -0.22916666666666666, 
            -0.44680851063829785, 
            0.0, 
            -0.27083333333333331, 
            -0.25, 
            -0.35714285714285715, 
            0.0, 
            -77.400000000000006, 
            -99.238095238095241, 
            -155.44444444444446, 
            -1.0, 
            -0.020833333333333332, 
            -0.095238095238095233, 
            -13.303030303030303, 
            -1.5106382978723405
        ], 
        [
            0.0, 
            0.068181818181818177, 
            0.0, 
            -0.022727272727272728, 
            -0.063829787234042548, 
            0.0, 
            0.0, 
            -0.10638297872340426, 
            -5.8928571428571432, 
            0, 
            -44.304347826086953, 
            0.023809523809523808, 
            -23.392857142857142, 
            0, 
            -10.612903225806452
        ], 
        [
            0.0, 
            -0.050000000000000003, 
            0.0, 
            -4.096774193548387, 
            -18.176470588235293, 
            -199.0, 
            0.0, 
            -103.83870967741936, 
            -83.368421052631575, 
            31.0, 
            -80.92307692307692, 
            0.17499999999999999, 
            -68.461538461538467, 
            -0.31034482758620691, 
            0.29999999999999999
        ], 
        [
            -0.052631578947368418, 
            -0.15789473684210525, 
            0.0, 
            -0.025000000000000001, 
            0.0, 
            -0.4375, 
            0.22857142857142856, 
            -99.099999999999994, 
            -105.88, 
            -139.0, 
            -69.833333333333329, 
            -0.025000000000000001, 
            -88.421052631578945, 
            0, 
            -9.7272727272727266
        ], 
        [
            0.0, 
            0.0, 
            0.050000000000000003, 
            0.0, 
            0.0, 
            0.0, 
            0.0, 
            -0.22580645161290322, 
            -5.3076923076923075, 
            -139.0, 
            -59.666666666666664, 
            0.10810810810810811, 
            -33.25, 
            0, 
            -82.444444444444443
        ]
    ],