{
    "brightness": [
        102, 
        102, 
        101, 
        101, 
        100, 
        99, 
        99, 
        98, 
        98, 
        98, 
        98, 
        98, 
        98, 
        97
    ], 
    "horizontal_movement": [
        [
            -1.6896551724137931, 
            -1.125, 
            -0.63888888888888884, 
            -0.35897435897435898, 
            0.0, 
            0.72972972972972971, 
            0.94736842105263153, 
            1.393939393939394, 
            1.7931034482758621, 
            1.9285714285714286, 
            5.1875, 
            0.025000000000000001, 
            2.6400000000000001
        ], 
        [
            0.029411764705882353, 
            0.057142857142857141, 
            0.081081081081081086, 
            0.1111111111111111, 
            0.20689655172413793, 
            0.15151515151515152, 
            0.058823529411764705, 
            0.0, 
            0.055555555555555552, 
            0.0, 
            -0.19047619047619047, 
            0.0, 
            -0.10344827586206896
        ], 
        [
            0.057142857142857141, 
            0.15625, 
            0.10810810810810811, 
            0.085714285714285715, 
            0.1875, 
            0.11428571428571428, 
            0.18421052631578946, 
            0.076923076923076927, 
            -0.083333333333333329, 
            -0.16216216216216217, 
            -0.33333333333333331, 
            0.0, 
            0.088235294117647065
        ], 
        [
            -1.5348837209302326, 
            -1.1395348837209303, 
            -0.59999999999999998, 
            -0.18604651162790697, 
            0.2857142857142857, 
            0.97619047619047616, 
            1.4878048780487805, 
            1.7857142857142858, 
            2.2999999999999998, 
            2.5121951219512195, 
            7.0571428571428569, 
            0.0, 
            3.9722222222222223
        ], 
        [
            -0.22222222222222221, 
            -0.28888888888888886, 
            0.19565217391304349, 
            0.125, 
            0.31111111111111112, 
            0.36363636363636365, 
            0.23404255319148937, 
            0.25, 
            0.25531914893617019, 
            0.25, 
            0.26829268292682928, 
            0.0, 
            0.32608695652173914
        ], 
        [
            0.0, 
            0.078947368421052627, 
            0.24324324324324326, 
            0.15789473684210525, 
            0.45945945945945948, 
            0.14285714285714285, 
            0.22500000000000001, 
            0.11904761904761904, 
            0.11904761904761904, 
            0.12195121951219512, 
            -0.125, 
            0.0, 
            0.27906976744186046
        ], 
        [
            -0.82499999999999996, 
            -0.46153846153846156, 
            -0.20512820512820512, 
            -0.36842105263157893, 
            0.24324324324324326, 
            0.33333333333333331, 
            0.081081081081081086, 
            0.12820512820512819, 
            0.15789473684210525, 
            0.15384615384615385, 
            2.4482758620689653, 
            -0.050000000000000003, 
            0.65714285714285714
        ], 
        [
            -0.13157894736842105, 
            0.0, 
            0.34999999999999998, 
            0.47499999999999998, 
            1.0, 
            0.67500000000000004, 
            0.57499999999999996, 
            0.57499999999999996, 
            0.5, 
            0.48717948717948717, 
            0.44117647058823528, 
            0.0, 
            0.57499999999999996
        ], 
        [
            -1.0303030303030303, 
            -0.74193548387096775, 
            -0.4375, 
            -0.25, 
            -0.20000000000000001, 
            0.064516129032258063, 
            -0.14705882352941177, 
            0.21212121212121213, 
            0.72727272727272729, 
            1.1944444444444444, 
            2.4516129032258065, 
            0.0, 
            0.44444444444444442
        ]
    ],