{
    "brightness": [
        104, 
        104, 
        104, 
        104, 
        104, 
        104, 
        104, 
        104, 
        104, 
        104, 
        104, 
        104, 
        103
    ], 
    "horizontal_movement": [
        [
            -0.14999999999999999, 
            -0.25641025641025639, 
            -0.28947368421052633, 
            1.588235294117647, 
            0.86111111111111116, 
            -0.025000000000000001, 
            0.28205128205128205, 
            3.3947368421052633, 
            0.61111111111111116, 
            0.88888888888888884, 
            0.0, 
            -1.96875
        ], 
        [
            0.0, 
            -1.0384615384615385, 
            -0.76190476190476186, 
            0.055555555555555552, 
            0.20000000000000001, 
            0.0, 
            0.35999999999999999, 
            1.6923076923076923, 
            -0.25, 
            0.95238095238095233, 
            0.0, 
            -1.5833333333333333
        ], 
        [
            0.0, 
            -0.86842105263157898, 
            -0.18421052631578946, 
            2.6315789473684212, 
            1.3500000000000001, 
            0.0, 
            0.92500000000000004, 
            1.6842105263157894, 
            -0.076923076923076927, 
            0.76923076923076927, 
            0.025000000000000001, 
            0.085714285714285715
        ], 
        [
            -0.021276595744680851, 
            -0.22222222222222221, 
            -0.22222222222222221, 
            1.4571428571428571, 
            0.56097560975609762, 
            -0.020833333333333332, 
            0.76190476190476186, 
            2.1351351351351351, 
            -0.14634146341463414, 
            0.23255813953488372, 
            0.083333333333333329, 
            -1.6944444444444444
        ], 
        [
            0.0, 
            -0.80952380952380953, 
            -1.0465116279069768, 
            -1.0, 
            -0.68888888888888888, 
            0.0, 
            -0.58139534883720934, 
            -1.5454545454545454, 
            -2.2222222222222223, 
            -0.58333333333333337, 
            0.0, 
            -2.7083333333333335
        ], 
        [
            0.05128205128205128, 
            -0.41176470588235292, 
            -0.28947368421052633, 
            1.696969696969697, 
            1.0263157894736843, 
            0.025000000000000001, 
            0.97058823529411764, 
            2.7931034482758621, 
            0.5625, 
            1.0909090909090908, 
            0.0, 
            -1.1538461538461537
        ], 
        [
            -0.13157894736842105, 
            -0.21052631578947367, 
            -0.28947368421052633, 
            2.0, 
            0.76923076923076927, 
            0.0, 
            0.76923076923076927, 
            3.6857142857142855, 
            0.61111111111111116, 
            0.75, 
            0.05128205128205128, 
            -1.7878787878787878
        ], 
        [
            -0.10526315789473684, 
            -0.63888888888888884, 
            -1.4324324324324325, 
            -1.0, 
            -0.59459459459459463, 
            0.0, 
            -0.29729729729729731, 
            0.77777777777777779, 
            -1.65625, 
            -2.03125, 
            -0.05128205128205128, 
            -7.2000000000000002
        ], 
        [
            -0.03125, 
            -0.029411764705882353, 
            -0.58823529411764708, 
            0.78787878787878785, 
            0.967741935483871, 
            -0.125, 
            0.967741935483871, 
            2.9333333333333331, 
            0.23333333333333334, 
            0.46666666666666667, 
            -0.064516129032258063, 
            -1.9333333333333333
        ]
    ], 
    "mean_vector_length": [
        [
            0.25590169943749475, 
            0.65969030926558614, 
            0.37932140953613408, 
            2.2508032537977307, 
            1.3001142189454602, 
            0.025000000000000001, 
            1.5654825667720695, 
            3.5354233611840757, 
            1.0815236501670455, 
            1.0717371035922412, 
            0.0, 
            2.8784562583755084
        ], 
        [
            0.0, 
            1.3065601057106595, 
            1.079526017986189, 
            1.3756449838780613, 
            0.5511983950044016, 
            0.0, 
            1.6241136996542818, 
            1.7047905892437214, 
            0.63284271247461898, 
            1.1811078088074207, 
            0.0, 
            3.3861058190497015
        ], 
        [
            0.050000000000000003, 
            1.1018436232918105, 
            0.69680812275313364, 
            3.0400889327376843, 
            1.4127866979363801, 
            0.0, 
            0.99448179360912126, 
            2.8281606937720567, 
            1.2714731419849294, 
            2.0153790948352643, 
            0.025000000000000001, 
            3.1441219626377062
        ], 
        [
            0.10638297872340426, 
            0.8160612111452985, 
            0.6014332244943551, 
            2.2407528367117169, 
            1.10380080037407, 
            0.020833333333333332, 
            1.2316171919370915, 
            2.9033698158141825, 
            1.4118827667174918, 
            1.1043598994619586, 
            0.22559223176554566, 
            2.0831344929097124
        ], 
        [
            0.0, 
            1.2400776457306002, 
            1.0794003154040255, 
            1.2762706133111736, 
            0.83048068648024997, 
            0.0, 
            0.98569247234535429, 
            2.0155563795030447, 
            2.5713481004894345, 
            1.7800247088790064, 
            0.0, 
            4.0481287875954566
        ], 
        [
            0.12820512820512819, 
            0.59537178491527309, 
            0.36842105263157893, 
            2.2379201960037394, 
            1.0543288184801574, 
            0.050000000000000003, 
            0.99495373896312334, 
            3.2326163571153796, 
            1.0647894410778473, 
            1.7705222766325406, 
            0.12071067811865474, 
            3.5081059637618468
        ], 
        [
            0.2432273865031391, 
            0.2432273865031391, 
            0.88910116984169318, 
            2.3010598522131009, 
            0.94871794871794868, 
            0.02564102564102564, 
            1.1269447338363756, 
            3.8191386326181682, 
            0.80529735513651579, 
            0.92340668575331342, 
            0.26703111698392551, 
            2.235286225785543
        ], 
        [
            0.10526315789473684, 
            0.70595037673258598, 
            1.4660173158680887, 
            2.0888287511517314, 
            0.88899789802681539, 
            0.0, 
            1.1538354621679867, 
            2.0494929281931147, 
            1.9262808226496078, 
            2.3436118247654494, 
            0.12820512820512819, 
            7.3672065784549599
        ], 
        [
            0.03125, 
            0.17647058823529413, 
            0.68865334006979695, 
            1.4968907129469367, 
            0.97535703153225128, 
            0.125, 
            0.967741935483871, 
            2.9387425886722789, 
            0.55254970741804921, 
            0.94854108729999942, 
            0.17465205039913209, 
            3.6113404101755133
        ]
    ],