{"phase1": {"shift_vectors": [[-1, -2], [-2, 3], [-1, 2], [-3, 4], [-6, 7], [-4, 5], [-2, 3], [-1, 2], [-1, 2], [-1, 2], [-1, 2], [0, 1], [0, 1], [-1, 2], [0, 1], [0, 1], [-2, -3], [-2, -3], [0, 1], [0, 1], [-1, 2], [-1, 2], [-1, 2], [0, 1], [0, 1], [-1, 2], [-1, 2], [-2, 3], [-2, 3], [-3, 4], [-3, 4], [-3, 4]], "stand_dev": [58.174000257798674, 58.2576752867304, 58.33937483621666, 58.33855403668602, 58.36945300425093, 58.40231734544053, 58.51224677496431, 58.66096104218448, 58.79517553436014, 58.862621312219126, 58.95508510656669, 58.965756817169286, 59.013796597996674, 59.07762612560722, 59.27644819930717, 59.18918568036839, 59.162586464349246, 58.98151479140588, 58.83403893448795, 58.64283221115458, 58.62108628395591, 58.56472713950245, 58.590505853384315, 58.49036699506539, 58.61065101182669, 58.62020072878989, 58.61484233902069, 58.601134645881274, 58.60522365938904, 58.62534806333451, 58.680072964320765, 58.76344158371164], "rmsdiffs": [10.128723406589543, 4.538044327235671, 6.011527483239106, 6.66062563270073, 7.918328248608131, 8.094587921479805, 7.824638504751432, 7.35050606509609, 6.95903826702436, 7.119764135438702, 6.930733827253316, 7.0088107975079925, 7.203778797919834, 7.291777226773293, 7.6676810166243845, 7.440430797049486, 7.049335913109466, 7.047818247589277, 7.4873082027229705, 7.319780825276367, 7.107794459696322, 7.38060412478176, 7.127728459144389, 7.272173373279177, 7.298651118366483, 7.522193901339008, 7.665354862735523, 7.268015072690932, 7.29853140815482, 7.2371285513362125, 7.490054495053946, 6.3077330167636525]}, "horizontal_movement": [[0.0, 0.8108108108108109, 0.16666666666666666, -0.4594594594594595, -0.07894736842105263, -0.9210526315789473, -1.0, 0.0, -0.975, -1.025, 0.0, 0.0, -0.375, -0.35, 0.05, -1.0, -0.8, -0.425, 0.0, -0.675, -0.2, -0.05, -0.1, 0.0, -0.225, -0.25, 0.0, -0.225, -0.75, -1.025, -0.2, -0.625, 0.175], [0.175, 0.95, 0.825, -0.075, 0.0, -0.95, -1.0, 0.0, -0.85, -0.975, -0.025, 0.0, -0.275, -0.375, 0.125, -1.0512820512820513, -0.55, -0.075, 0.0, -0.125, -0.1, 0.0, 0.0, 0.0, -0.05263157894736842, -0.05128205128205128, 0.0, -0.1, -0.5, -0.925, -0.1, -0.4, 0.6153846153846154], [0.07894736842105263, 0.8461538461538461, 0.34210526315789475, -0.5, -0.225, -1.0, -1.0, -0.025, -1.0256410256410255, -1.0, -0.025, -0.25, -0.75, -0.5, -0.025, -1.05, -0.9, -0.325, -0.1, -0.575, -0.55, -0.1, -0.10256410256410256, -0.05, -0.2, -0.35, -0.15, -0.55, -0.6666666666666666, -0.8974358974358975, -0.5384615384615384, -0.775, 0.425], [-0.045454545454545456, -0.1590909090909091, -0.1276595744680851, -0.3125, -0.08695652173913043, -0.41304347826086957, -1.0217391304347827, 0.0, -0.9347826086956522, -1.0212765957446808, -0.17391304347826086, -0.6458333333333334, -0.8297872340425532, -0.574468085106383, -0.3404255319148936, -0.9791666666666666, -0.6875, -0.2708333333333333, -0.125, -0.9375, -0.0625, -0.020833333333333332, -0.16666666666666666, 0.0, -0.3958333333333333, -0.22916666666666666, -0.0625, -0.5833333333333334, -0.9791666666666666, -0.7083333333333334, -0.7291666666666666, -0.5625, -0.0625], [-0.020833333333333332, 0.020833333333333332, -0.020833333333333332, -0.16666666666666666, 0.0, -0.6521739130434783, -1.0, -0.022222222222222223, -0.9777777777777777, -0.9782608695652174, -0.10638297872340426, -0.3333333333333333, -0.7291666666666666, -0.2765957446808511, 0.023255813953488372, -0.9302325581395349, -0.22727272727272727, -0.045454545454545456, 0.0, -0.6666666666666666, 0.0, -0.041666666666666664, -0.020833333333333332, 0.0, -0.25, -0.20833333333333334, -0.14583333333333334, -0.5416666666666666, -1.0625, -0.7916666666666666, -0.6458333333333334, -0.8125, 0.0], [-0.391304347826087, -0.42857142857142855, -0.4883720930232558, -0.8222222222222222, -0.3404255319148936, -0.9166666666666666, -1.1041666666666667, -0.1702127659574468, -1.127659574468085, -1.127659574468085, -0.6595744680851063, -0.9574468085106383, -1.0, -0.8863636363636364, -0.5813953488372093, -1.1162790697674418, -0.8809523809523809, -0.09090909090909091, -0.06666666666666667, -0.7872340425531915, -0.26666666666666666, -0.15555555555555556, -0.2, 0.1282051282051282, -0.28205128205128205, -0.225, -0.3902439024390244, -0.5681818181818182, -0.9130434782608695, -0.7727272727272727, -0.5416666666666666, -0.4782608695652174, -0.0625], [-0.1, -0.7, -0.775, -0.2564102564102564, 0.10526315789473684, -0.18421052631578946, -0.7948717948717948, 0.28205128205128205, -0.8108108108108109, -0.9487179487179487, -0.02564102564102564, -0.5128205128205128, -0.1794871794871795, -0.20512820512820512, -0.10256410256410256, 0.02564102564102564, 0.25, 0.125, -0.275, -0.775, 0.0, 0.2, 0.025, 0.2, 0.0, -0.4, -0.9743589743589743, -1.5897435897435896, -2.054054054054054, -1.5405405405405406, -1.75, -1.1111111111111112, -0.5833333333333334], [-0.8918918918918919, -1.2564102564102564, -0.7027027027027027, -0.3783783783783784, -0.1388888888888889, -0.5294117647058824, -1.25, -0.2857142857142857, -1.2857142857142858, -1.2777777777777777, -0.6923076923076923, -1.125, -1.125, -1.0, -0.7631578947368421, -0.8157894736842105, -0.38461538461538464, -0.23076923076923078, -0.45, -0.5897435897435898, -0.28205128205128205, -0.47368421052631576, -0.3611111111111111, -0.2972972972972973, -0.5428571428571428, -0.7, -0.725, -0.975, -1.075, -0.775, -0.875, -0.975, -0.6842105263157895], [-1.4, -1.9230769230769231, -1.4736842105263157, -0.8421052631578947, -0.2894736842105263, -0.5641025641025641, -1.175, -0.25, -1.15, -1.1538461538461537, -0.6153846153846154, -1.0, -1.0833333333333333, -0.8947368421052632, -0.9736842105263158, -0.8947368421052632, -0.7105263157894737, -0.2894736842105263, -0.5263157894736842, -0.8461538461538461, 0.0, -0.28205128205128205, -0.5263157894736842, -0.3076923076923077, -0.5263157894736842, -0.3076923076923077, -0.675, -0.875, -1.0512820512820513, -0.6666666666666666, -0.7435897435897436, -0.9, -0.75]], "frame_states": [1, 1, 1, 1, 1, 1, 1, 1, 1, 1, 1, 1, 1, 1, 1, 1, 1, 1, 1, 1, 1, 1, 1, 1, 1, 1, 1, 1, 1, 1, 1, 1], "brightness": [105, 106, 107, 108, 108, 108, 108, 108, 108, 109, 109, 109, 109, 109, 110, 110, 110, 110, 110, 110, 110, 111, 111, 111, 111, 111, 112, 112, 113, 113, 114, 115, 115, 116],