{
    "frame_states": [
        0, 
        0, 
        0, 
        0, 
        0, 
        0, 
        0, 
        0, 
        0, 
        0, 
        0, 
        0, 
        1, 
        1, 
        1, 
        1, 
        1, 
        1, 
        1, 
        1, 
        1, 
        1, 
        1, 
        1, 
        1, 
        1, 
        1, 
        1, 
        1, 
        1, 
        1, 
        1, 
        1, 
        1, 
        1, 
        1, 
        1, 
        1, 
        1, 
        1, 
        1, 
        1, 
        1
    ], 
    "phase1": {
        "rmsdiffs": [
            6.359360082892201, 
            4.438653840202042, 
            4.556843618517826, 
            4.075375407265168, 
            3.9718214331003012, 
            3.6646199904562606, 
            3.7337441088567567, 
            4.410343826303848, 
            4.1095509624214595, 
            4.11701130208722, 
            3.5714239909771024, 
            3.316874128331709, 
            4.003540905308317, 
            4.288192816932779, 
            4.195371098698229, 
            4.150119803416795, 
            3.748395220174436, 
            4.204498567875639, 
            4.108992602230102, 
            4.019636546990588, 
            3.632870722863447, 
            3.467097395864657, 
            4.116639595833508, 
            4.354684678388355, 
            4.307135130452786, 
            3.8794054948621106, 
            4.2634516456983995, 
            4.313663412809891, 
            4.341177609453792, 
            4.4815543633451504, 
            4.7389198697536665, 
            4.875636469827862, 
            4.968410952267754, 
            5.049435345704365, 
            4.355882395586721, 
            3.992263815072352, 
            4.48463767725672, 
            4.707213812528703, 
            5.418165757500781, 
            5.089838217863797, 
            4.642864910252779, 
            4.3012268107947405, 
            4.386267317911286
        ], 
        "shift_vectors": [
            [
                21, 
                42
            ], 
            [
                -3, 
                2
            ], 
            [
                -3, 
                2
            ], 
            [
                2, 
                5
            ], 
            [
                3, 
                -2
            ], 
            [
                3, 
                2
            ], 
            [
                1, 
                0
            ], 
            [
                3, 
                -2
            ], 
            [
                -2, 
                -1
            ], 
            [
                -3, 
                -2
            ], 
            [
                -4, 
                -3
            ], 
            [
                -5, 
                -2
            ], 
            [
                -2, 
                -1
            ], 
            [
                -1, 
                0
            ], 
            [
                2, 
                1
            ], 
            [
                3, 
                2
            ], 
            [
                2, 
                -1
            ], 
            [
                -1, 
                0
            ], 
            [
                -1, 
                0
            ], 
            [
                -4, 
                -1
            ], 
            [
                -4, 
                -1
            ], 
            [
                -4, 
                -1
            ], 
            [
                -2, 
                -1
            ], 
            [
                -6, 
                -1
            ], 
            [
                -8, 
                -1
            ], 
            [
                -1, 
                0
            ], 
            [
                -2, 
                -1
            ], 
            [
                -2, 
                -1
            ], 
            [
                2, 
                -1
            ], 
            [
                -2, 
                -1
            ], 
            [
                -2, 
                -1
            ], 
            [
                -1, 
                0
            ], 
            [
                -3, 
                -2
            ], 
            [
                -5, 
                -4
            ], 
            [
                -3, 
                -2
            ], 
            [
                -3, 
                -2
            ], 
            [
                2, 
                -1
            ], 
            [
                -2, 
                -1
            ], 
            [
                -3, 
                -2
            ], 
            [
                -3, 
                -2
            ], 
            [
                -1, 
                0
            ], 
            [
                -1, 
                0
            ], 
            [
                1, 
                0
            ]
        ], 
        "stand_dev": [
            76.73752151883745, 
            76.85349286737595, 
            76.57811198794066, 
            76.96947984622858, 
            77.14556234736163, 
            77.06997675402877, 
            77.01683056163574, 
            76.91936343840018, 
            76.89818514139813, 
            76.84275133335085, 
            76.80715485042194, 
            76.95926674932488, 
            77.24383815626743, 
            77.28020586038829, 
            77.15389983814187, 
            77.26242047355932, 
            77.21338115712189, 
            77.23616542517925, 
            77.24308605304495, 
            77.47287471387774, 
            77.83436681607881, 
            78.17184540912766, 
            78.04534380694777, 
            77.5236695360754, 
            77.890529316096, 
            77.92918367006693, 
            77.70495754518569, 
            77.27521969498436, 
            77.0846330317348, 
            76.94697520426506, 
            76.55802628547173, 
            76.16054695104029, 
            75.653278477307, 
            75.43158245938262, 
            75.32851990411997, 
            75.51628811400471, 
            75.69564901730332, 
            75.60754250072296, 
            75.25480405875841, 
            74.92905326648982, 
            74.76950998760833, 
            74.73257420822344, 
            74.84055581590181
        ]
    }
}