{"phase1": {"shift_vectors": [[-1, -2], [-2, 3], [-1, 2], [-3, 4], [-6, 7], [-4, 5], [-2, 3], [-1, 2], [-1, 2], [-1, 2], [-1, 2], [0, 1], [0, 1], [-1, 2], [0, 1], [0, 1], [-2, -3], [-2, -3], [0, 1], [0, 1], [-1, 2], [-1, 2], [-1, 2], [0, 1], [0, 1], [-1, 2], [-1, 2], [-2, 3], [-2, 3], [-3, 4], [-3, 4], [-3, 4]], "stand_dev": [58.174000257798674, 58.2576752867304, 58.33937483621666, 58.33855403668602, 58.36945300425093, 58.40231734544053, 58.51224677496431, 58.66096104218448, 58.79517553436014, 58.862621312219126, 58.95508510656669, 58.965756817169286, 59.013796597996674, 59.07762612560722, 59.27644819930717, 59.18918568036839, 59.162586464349246, 58.98151479140588, 58.83403893448795, 58.64283221115458, 58.62108628395591, 58.56472713950245, 58.590505853384315, 58.49036699506539, 58.61065101182669, 58.62020072878989, 58.61484233902069, 58.601134645881274, 58.60522365938904, 58.62534806333451, 58.680072964320765, 58.76344158371164], "rmsdiffs": [10.128723406589543, 4.538044327235671, 6.011527483239106, 6.66062563270073, 7.918328248608131, 8.094587921479805, 7.824638504751432, 7.35050606509609, 6.95903826702436, 7.119764135438702, 6.930733827253316, 7.0088107975079925, 7.203778797919834, 7.291777226773293, 7.6676810166243845, 7.440430797049486, 7.049335913109466, 7.047818247589277, 7.4873082027229705, 7.319780825276367, 7.107794459696322, 7.38060412478176, 7.127728459144389, 7.272173373279177, 7.298651118366483, 7.522193901339008, 7.665354862735523, 7.268015072690932, 7.29853140815482, 7.2371285513362125, 7.490054495053946, 6.3077330167636525]}, "frame_states": [1, 1, 1, 1, 1, 1, 1, 1, 1, 1, 1, 1, 1, 1, 1, 1, 1, 1, 1, 1, 1, 1, 1, 1, 1, 1, 1, 1, 1, 1, 1, 1]}