{"phase1": {"shift_vectors": [[33, 0], [1, 0], [2, 1], [2, 1], [3, -2], [-1, 0], [-1, 0], [-1, 0], [1, 0], [2, -1], [-1, 0], [-2, -1], [-4, -1], [-4, -1], [-5, 0], [-3, 0], [-1, 0], [-1, 0], [1, 0], [1, 0], [2, 1], [2, 1], [1, 0], [3, 0], [3, 0], [1, 0], [3, 0], [3, 0], [3, 0], [3, 0], [3, 0], [3, 0], [3, 0], [4, 1], [4, 1], [3, 0], [-1, 0], [5, 0], [7, 0], [8, -1], [8, -1], [7, -2], [6, -1], [6, -1], [7, 0], [8, 1], [9, 0], [9, 0], [7, 0], [7, 0], [7, 0], [7, 0], [7, 0], [8, 1], [8, 1], [9, 0], [9, 0], [7, 0], [7, 0], [8, 1], [9, 0], [9, 0], [9, 0], [11, 0], [11, 0], [11, 0], [10, -1], [9, 0], [9, 0], [10, -1], [10, -1], [9, -2], [10, -1], [9, -2], [8, -3], [8, -3], [9, -4], [9, -4], [9, -4], [7, -4], [8, -1], [8, -3], [7, -2], [8, -1], [8, -1], [6, -1], [4, 1], [4, 1], [5, -2], [6, -1], [6, -1], [5, 0], [6, -1], [5, 0], [4, -1], [3, 0], [5, 0], [6, -1], [7, -2], [6, -1], [6, -1], [6, -1], [4, -1], [4, -1], [4, -1], [4, -1], [3, 0], [4, 1], [3, 0], [4, -1], [3, 0], [2, -1], [1, 0], [1, 0], [3, 0], [5, 0], [6, 1], [5, 2], [5, 2], [4, 1], [3, 0], [3, 0], [2, 1], [3, 2], [3, 0], [3, 0], [3, 0], [2, -1], [2, -1], [3, 0], [2, 1], [2, 1], [3, 2], [4, 3], [4, 1], [4, 1], [3, 0], [3, 0], [3, 0], [3, 0], [3, 0], [5, 0], [3, 0], [3, 0], [3, 0], [1, 0], [1, 0], [1, 0], [1, 0], [1, 0], [1, 0], [3, 0], [1, 0], [1, 0], [3, 0], [1, 0], [-1, 0]], "stand_dev": [96.91593663067809, 96.64958062153386, 96.63926432544456, 96.71788785759203, 96.67660531420874, 96.62695055558488, 96.42628364799202, 96.39082713746984, 96.41540380777727, 96.39429842552785, 96.21579658307458, 95.9696215184575, 95.7930225185504, 95.51529583785785, 95.18700685209241, 95.08385079138169, 95.01825096747963, 95.03306235095903, 94.98793961260488, 94.97815672682823, 95.1022135843819, 95.12668427977457, 95.12154993247978, 95.21819869985288, 95.24930962438668, 95.2767093606754, 95.27449497020804, 95.32621267044853, 95.42577329639599, 95.55270062723224, 95.66205253019588, 95.74807636916356, 95.8678066574598, 96.1404173158007, 96.26128607251233, 96.23235883985821, 96.21589322413887, 95.95401679232666, 95.52884632609873, 95.23666829361396, 94.95381732517598, 94.86758217957811, 94.86585358988897, 94.88547278379625, 94.77938413184339, 94.84178559682978, 94.89414053186209, 94.96085966097156, 95.00266284342408, 94.89556185463813, 94.73198290274541, 94.61454633456209, 94.41382953121662, 94.24710684948506, 94.14660024073939, 93.94725716661952, 93.68658559134472, 93.46210167005738, 93.14813132442407, 93.00822553266894, 92.7201139967047, 92.47345639404693, 92.28663167826657, 92.32031866071179, 92.11857466402905, 92.05467202664998, 91.97970903636747, 91.97242690166678, 92.00541149100926, 92.04648188162788, 91.89500685807658, 91.74985331981213, 91.83071986441476, 91.8279619600255, 91.55918153162658, 91.29391245893373, 90.97694994353078, 90.47708786635901, 89.95909391982501, 89.47001273882994, 89.46550030838024, 89.26202240076086, 89.23364940616634, 89.47854204516791, 89.91198261559806, 90.11984555290024, 90.32094537803971, 90.57214998691578, 90.18857563008366, 89.96825567393292, 89.82163977996774, 89.86672804487239, 89.89459261357281, 89.9572195932269, 90.06733523257742, 90.24789378305756, 90.44594111938795, 90.53064240023686, 90.4833884153581, 90.39751364034555, 90.34530587713567, 90.41604388939484, 90.48941132192996, 90.48047737208856, 90.46983619853752, 90.4165541217459, 90.4249706332387, 90.6240183072211, 90.71904556179666, 90.65367073294881, 90.61677261239115, 90.58139784625435, 90.4890491360869, 90.43024214739272, 90.38606226312297, 90.40326572829373, 90.59659276020582, 91.1593924239426, 91.6186584765628, 92.00467840643043, 92.13214882698203, 92.1564340532919, 92.29165748219347, 92.64849643354518, 92.80919647829606, 92.93454325524245, 92.93676626535606, 92.91984757685952, 92.91892948819996, 92.96591997009726, 93.10456356109653, 93.23694169606654, 93.42928236164676, 93.63552423508062, 93.75295641280296, 93.72520497085206, 93.65535880721008, 93.68505777212891, 93.6645264688011, 93.62904663272359, 93.48770541505692, 93.48167036860386, 93.40576196171075, 93.33484335443838, 93.36213217077393, 93.31899593540467, 93.21228050001093, 93.10472770950294, 93.0143801015275, 92.95226440981905, 92.78762954047174, 92.69336002632237, 92.64391240420706, 92.60602580314615, 92.55799897757642, 92.54097819866232, 92.62728828328062], "rmsdiffs": [8.675236807305183, 5.15018869314809, 4.834633201187685, 5.459707530490237, 5.094252108130207, 7.288944234302646, 6.977478550345788, 6.235300223323514, 4.799161032720145, 5.084175015156335, 7.1063064509921725, 6.411536229585703, 5.16900096518503, 5.088826186803412, 5.160494153907253, 4.875901076004591, 3.752140755674184, 4.351035228988835, 4.979272373011165, 4.502532663128849, 5.6223075518846635, 5.584379812742222, 4.709417417816362, 5.370296428112512, 5.568989948757614, 4.552941155987358, 5.276229403725693, 4.7974415749903265, 4.9016473627755, 3.7363058875019433, 5.080597139570323, 4.281806317549663, 5.344461996081527, 4.6578370458009495, 4.877172064214038, 5.3307600247996945, 7.52366376388026, 4.684843677217523, 4.947615706181875, 4.992893648894925, 4.637512116937798, 4.837948658030166, 4.181940348711638, 5.026103403284434, 4.770647225663304, 4.938516498549485, 4.7708975346144, 5.072378494917692, 4.781175237414843, 4.682174451226154, 3.881760750773015, 4.683420332800742, 4.150190700512825, 5.104187149325895, 4.36092985246228, 4.9166440587910385, 4.874540627441624, 4.803779193612721, 4.566865672182066, 4.663006198952179, 5.241341731362293, 4.67763220021928, 4.479053595668619, 5.214229254274105, 5.036904084424963, 4.981013678155065, 4.787087741653855, 5.34404093843616, 5.306689008253851, 5.550027315350069, 4.828205768420771, 5.088071084544269, 5.595134604061341, 4.891882798383831, 4.704682000626063, 5.496925644385878, 5.696684261729931, 4.879720597197637, 4.767512474969372, 5.259532883871186, 5.735157018046625, 5.778711679024184, 4.781198911047045, 5.1149216759326395, 5.081871748851462, 4.796680233417057, 5.248622390690014, 4.478696637221887, 5.181812106152704, 5.341888873515891, 4.282847807193018, 5.537863386148086, 5.239952414540035, 4.984073497293323, 5.018600325094033, 4.8325591685890235, 4.962185528005599, 5.28652260452197, 4.9917107632469255, 4.552112175910837, 4.399441703214546, 4.772136173334286, 4.001726887616761, 3.8682439050632595, 4.6761691638656675, 4.008695284379739, 5.075551214309366, 5.485313035595516, 5.2417290925128235, 4.876168436657928, 4.857288297757847, 5.595312325345441, 5.211034197990251, 4.773514584500271, 4.435399832345634, 5.015134574779585, 4.732674726279108, 4.093420899949654, 4.675378603963236, 4.842075997980387, 5.200445780513906, 4.803191893263219, 4.6304924703705375, 4.99805659327903, 3.9210545246633424, 5.060144542831608, 4.538064584839338, 4.991567360116169, 5.279384549675882, 4.780080240198749, 4.801247934923585, 5.004381555716724, 5.8336920427462156, 5.3825916332804935, 5.140904094002658, 5.146507656235711, 4.630208185257747, 3.8478050266951764, 5.2401561047447, 3.9901397088591892, 5.274916370673554, 4.473772113148473, 4.364868348767887, 4.630041013177784, 4.723660527308719, 4.727262338371815, 5.009969195577595, 5.181480856920268, 5.34594150668901, 3.5053291768109482, 4.05123786711611, 5.271095680909883, 4.113663928466006, 4.921093159612518, 4.890110233087749, 4.320032453976255, 4.910222959791844]}, "frame_states": [0, 0, 0, 0, 0, 0, 0, 0, 1, 1, 1, 1, 1, 1, 1, 1, 1, 1, 1, 1, 1, 1, 1, 1, 1, 1, 1, 1, 1, 1, 1, 1, 1, 1, 1, 1, 1, 1, 1, 1, 1, 1, 0, 0, 0, 0, 0, 0, 0, 0, 0, 0, 0, 0, 0, 0, 0, 0, 0, 0, 0, 0, 0, 0, 0, 0, 0, 0, 0, 0, 0, 0, 0, 0, 0, 0, 0, 0, 0, 0, 0, 0, 0, 0, 0, 0, 0, 1, 1, 1, 1, 1, 1, 1, 1, 1, 1, 1, 1, 1, 1, 1, 1, 1, 1, 1, 1, 1, 1, 1, 1, 1, 1, 1, 1, 1, 1, 1, 1, 1, 1, 1, 1, 1, 1, 1, 1, 1, 1, 1, 1, 1, 1, 1, 1, 1, 1, 1, 1, 1, 1, 1, 1, 1, 1, 1, 1, 1, 1, 1, 1, 1, 1, 1, 1, 1, 1]}