{"phase1": {"shift_vectors": [[38, 11], [2, -3], [2, -3], [1, -2], [1, -2], [2, -5], [2, -3], [4, -5], [3, -8], [2, -3], [2, -5], [2, -3], [1, -2], [2, -3], [0, 1], [0, 5], [0, 9], [-2, 7], [-4, 7], [-8, 1], [-6, 1], [-8, -1], [-4, -3], [-2, 3], [-1, 2], [0, 1], [0, 3], [0, 5], [0, -1], [1, -2], [0, -3], [0, 7], [3, 10], [7, 6], [4, -5], [2, -3], [2, -3], [2, -3], [2, -3], [2, -9], [0, -5], [0, -3], [0, -3], [0, -3], [1, -2], [1, -2], [0, -9], [-5, -8], [-3, 4], [-1, -2], [-1, -4], [-1, -4], [0, -3], [-2, -3], [-8, -3], [-11, -2], [-14, 13], [-12, 13], [-2, 9], [-2, 5], [-1, 2]], "stand_dev": [57.901539721951025, 57.60405373430137, 57.92473726186003, 57.281897773078256, 56.96013423332741, 56.46603984341024, 56.91349304059301, 56.83775027681671, 57.214805506058035, 57.53126194097908, 57.471342851422946, 57.81518692281423, 58.207737289325785, 58.639653240377264, 58.69980581931806, 58.57638592861092, 57.77843169671546, 56.970473259979045, 56.57424938199421, 56.42484401401957, 55.80014516288899, 55.09241118066462, 54.822436860210615, 55.08200763385112, 55.101900054134674, 54.97835827343236, 54.63408084545506, 54.39284565293106, 54.66563168046187, 55.21294888822675, 55.700157512884644, 54.78655552245905, 54.78056416315155, 54.8491733221728, 54.16454539428029, 54.00457196872863, 54.50409990538624, 54.159750706193705, 53.917262948889174, 54.02521877084739, 53.90152263214712, 53.61944507703267, 53.75409174298882, 54.357553512336935, 54.4791796035498, 54.74566245455963, 54.495884883935176, 55.892537475213864, 56.80641196909975, 57.35574072870922, 57.72711814023745, 58.217095370372014, 58.886608701492925, 58.70036985072966, 58.17549241374343, 58.01824063549246, 55.76236350263358, 55.097611948900514, 53.744958065311565, 53.76905781694877, 53.9055228429575], "rmsdiffs": [8.696757443951983, 7.903089937117333, 5.1424263098518255, 6.854059070190905, 7.192975970650927, 6.438154239731305, 5.8169764061433415, 6.443628421989955, 4.878445655942271, 5.917794956491142, 5.037020000830183, 5.267540786905414, 7.227533013179916, 5.190584621891506, 5.683727781153026, 5.390153875615881, 5.689607597663007, 4.940113534255168, 6.019955338424253, 5.974409701172031, 5.857248508230479, 5.526858796228664, 5.062424997590262, 7.38137902325569, 6.816397600157435, 6.34889824133527, 5.022293176079887, 4.94407455844232, 6.1266994970391275, 4.594200059357225, 5.009249585273529, 6.975419078254758, 6.531682751742477, 6.508331752405792, 7.6227809751675295, 5.952713793456697, 6.337319088907829, 6.3639427484100715, 5.930471378131729, 6.057244331963624, 4.903425613433824, 5.263629018194242, 4.993863969506816, 5.064885361534868, 5.535964574397366, 5.490886319811115, 6.997406799885006, 6.274064623551552, 7.821049054857494, 5.325317073390004, 5.000979313635371, 5.246091310464823, 4.3582522580844305, 5.248032125271892, 5.422425744424652, 4.623597573259958, 6.828452482229018, 6.861043535102551, 6.163054872590029, 5.431471535522752, 5.934137760453246]}, "frame_states": [0, 0, 0, 0, 0, 0, 0, 0, 0, 0, 0, 0, 0, 0, 0, 0, 0, 0, 0, 0, 0, 0, 0, 0, 0, 0, 0, 0, 0, 0, 0, 0, 0, 0, 0, 0, 0, 0, 0, 0, 0, 0, 0, 0, 0, 0, 0, 0, 0, 0, 0, 0, 0, 0, 0, 0, 0, 0, 0, 0, 0]}