{"phase1": {"shift_vectors": [[-3, 2], [-2, -1], [-1, 0], [-1, 0], [-1, 0], [-3, 0], [-1, 0], [-1, 0], [-1, 0], [1, 0], [-1, 0], [1, 0], [1, 0], [1, 0], [1, 0], [1, 0], [1, 0], [2, -1], [2, -1], [1, 0], [1, 0], [-1, 0], [-1, 0], [-1, 0]], "stand_dev": [69.99752392921475, 69.91335272061193, 69.88429245413442, 69.99208713723581, 70.06899543487486, 69.99424768359923, 70.0072404660536, 70.07915137961898, 70.06004599146152, 70.0465400925093, 70.12165363924449, 70.03624733179888, 70.21827251183916, 70.32301816669522, 70.3258486428255, 70.32586884906327, 70.28949309843482, 70.21842304718284, 70.12034632231344, 69.9527475268525, 69.88148871784597, 69.90826642613865, 69.83498194795676, 69.79200234248438], "rmsdiffs": [8.345332067936923, 5.768855264350815, 5.974562448647668, 5.952552497714368, 4.367037180599844, 5.55350267321372, 4.640815854589509, 4.603019088933903, 4.474266147113713, 5.324013358389142, 5.298903440660916, 5.049402522282137, 5.417165620452798, 5.108716353997598, 5.269072798095107, 5.582171766216357, 5.674572563504084, 5.42449287060302, 5.235022291026528, 5.4190298203694365, 6.083259909090198, 5.587177220723775, 5.8280156848760445, 5.843787487547563]}, "horizontal_movement": [[0.0, 0.0, 0.0, -0.6666666666666666, -0.3333333333333333, -0.03333333333333333, -1.0, 0.06666666666666667, -1.0, 0.06666666666666667, 0.16666666666666666, 0.8333333333333334, 0.0, 0.8666666666666667, 0.13333333333333333, 0.16666666666666666, 0.9666666666666667, 0.9333333333333333, -0.0625, -0.0625, -0.5161290322580645, 0.0, -0.03225806451612903, 0.0, 0.0], [-0.15384615384615385, -0.025, 0.0, -0.15, -0.02564102564102564, 0.025, -1.0, 0.325, -1.0, 0.075, 0.1794871794871795, 0.20512820512820512, 0.025, 0.6153846153846154, 0.07692307692307693, 0.0, 0.95, 0.925, 0.0, 0.0, -0.2564102564102564, 0.0, -0.02702702702702703, 0.0, 0.0], [-0.7692307692307693, 0.02564102564102564, -0.02564102564102564, -0.717948717948718, -0.2, -0.1, -1.0, 0.6153846153846154, -0.8055555555555556, 0.3684210526315789, 0.4411764705882353, 0.08571428571428572, -0.08333333333333333, 0.7058823529411765, 0.0, 0.23529411764705882, 1.0, 0.696969696969697, -0.06060606060606061, -0.029411764705882353, -0.45454545454545453, -0.05405405405405406, 0.0, -0.02702702702702703, -0.10526315789473684], [0.021739130434782608, 0.02127659574468085, -0.041666666666666664, -0.4166666666666667, -0.3541666666666667, -0.1702127659574468, -0.8913043478260869, -0.020833333333333332, -0.851063829787234, 0.9375, 0.0, 0.9555555555555556, 0.0851063829787234, 0.4583333333333333, 0.3829787234042553, 0.34782608695652173, 1.0, 0.6590909090909091, -0.06666666666666667, -0.11627906976744186, 0.04878048780487805, 0.09523809523809523, 0.21621621621621623, 0.14285714285714285, 0.023809523809523808], [-0.15789473684210525, -0.1, 0.024390243902439025, 0.0, -0.09302325581395349, 0.022727272727272728, -0.5714285714285714, 0.14285714285714285, -0.6153846153846154, 0.7380952380952381, 0.1111111111111111, 0.9230769230769231, 0.175, 0.5789473684210527, 0.48717948717948717, 0.4594594594594595, 1.054054054054054, 0.8717948717948718, -0.029411764705882353, 0.0, 0.07142857142857142, 0.029411764705882353, 0.1111111111111111, 0.21212121212121213, 0.3225806451612903], [0.4117647058823529, 0.03225806451612903, 0.1935483870967742, -0.5142857142857142, -0.3333333333333333, -0.1951219512195122, -0.47368421052631576, 0.2894736842105263, -0.7368421052631579, 0.8536585365853658, 0.1891891891891892, 0.5238095238095238, -0.125, 0.11428571428571428, 0.16666666666666666, 0.34210526315789475, 0.5263157894736842, 0.47058823529411764, -0.3548387096774194, -0.35294117647058826, -0.25806451612903225, 0.0, 0.06896551724137931, 0.30303030303030304, 0.12903225806451613], [0.1794871794871795, 0.05405405405405406, -0.13157894736842105, -0.2631578947368421, -0.7435897435897436, -0.4117647058823529, -0.43243243243243246, -0.10810810810810811, -0.3888888888888889, 1.1794871794871795, 0.34285714285714286, 2.1142857142857143, 1.1388888888888888, 1.45, 1.875, 1.631578947368421, 1.6842105263157894, 1.6571428571428573, 0.058823529411764705, 0.4444444444444444, 0.918918918918919, 0.6388888888888888, 0.972972972972973, 0.5135135135135135, 0.7027027027027027], [-0.02564102564102564, -0.10526315789473684, -0.027777777777777776, 0.19444444444444445, 0.029411764705882353, 0.15151515151515152, 0.06060606060606061, 0.3125, 0.13333333333333333, 1.0303030303030303, -0.09090909090909091, 0.9411764705882353, 0.3142857142857143, 0.38235294117647056, 0.7777777777777778, 0.6842105263157895, 0.9210526315789473, 0.8918918918918919, 0.08108108108108109, -0.05555555555555555, -0.11764705882352941, -0.08823529411764706, -0.19230769230769232, 0.03333333333333333, 0.41379310344827586], [-0.1111111111111111, 0.20588235294117646, 0.3939393939393939, 0.7941176470588235, 0.3939393939393939, 0.23529411764705882, 0.4166666666666667, 0.9210526315789473, 0.3157894736842105, 1.8157894736842106, 0.6756756756756757, 1.7894736842105263, 0.6666666666666666, 1.0526315789473684, 1.631578947368421, 1.4722222222222223, 1.6756756756756757, 1.0810810810810811, 0.24324324324324326, -0.05555555555555555, 0.2972972972972973, -0.3333333333333333, -0.3055555555555556, -0.4857142857142857, -0.8]], "frame_states": [1, 1, 1, 1, 1, 1, 1, 1, 1, 1, 1, 1, 1, 1, 1, 1, 1, 1, 1, 1, 1, 1, 1, 1], "brightness": [86, 86, 86, 87, 87, 87, 87, 88, 88, 88, 88, 88, 87, 87, 86, 86, 85, 85, 85, 84, 84, 84, 84, 84, 84, 84],