{
    "frame_states": [
        1, 
        1, 
        1, 
        1, 
        1, 
        1, 
        1, 
        1, 
        1, 
        1, 
        1, 
        1, 
        1, 
        1, 
        1, 
        1, 
        1, 
        0, 
        0, 
        0, 
        0, 
        0, 
        0, 
        0, 
        0, 
        0, 
        0, 
        0, 
        0, 
        0, 
        1, 
        1, 
        1, 
        1, 
        1, 
        1, 
        1, 
        1, 
        1, 
        1, 
        1, 
        1, 
        1, 
        1, 
        1, 
        1, 
        1, 
        1, 
        1, 
        1, 
        1, 
        1, 
        1, 
        1, 
        1, 
        1, 
        1, 
        1, 
        1, 
        1, 
        1, 
        1, 
        1, 
        1, 
        1, 
        1, 
        1, 
        1, 
        1, 
        1, 
        1, 
        1, 
        1, 
        0, 
        0, 
        0, 
        0, 
        0, 
        0, 
        0, 
        0, 
        0, 
        0, 
        0, 
        0, 
        0, 
        0, 
        0, 
        0, 
        0, 
        0, 
        0, 
        0, 
        0, 
        0, 
        0, 
        0, 
        0, 
        0
    ], 
    "phase1": {
        "rmsdiffs": [
            9.85911918236945, 
            6.348584138867505, 
            6.398988898779851, 
            6.258472608783061, 
            6.088115077110525, 
            5.935956600966856, 
            5.691843178523962, 
            5.5807472658425885, 
            5.491571686651881, 
            5.386167509600671, 
            5.146394451828538, 
            5.426338822527269, 
            5.24558262685352, 
            4.9864185397501455, 
            5.205918010640123, 
            5.405661747224319, 
            5.802385301488003, 
            4.909699713632047, 
            5.145000172784415, 
            6.357054909085073, 
            5.329586044993359, 
            4.991785617627591, 
            5.428022916523105, 
            4.984363140232673, 
            5.03944993081513, 
            5.218984362335274, 
            4.833584905516521, 
            5.095573011167188, 
            5.04345454620232, 
            4.99406533556579, 
            5.440236537046414, 
            4.608214277682021, 
            6.064441679875704, 
            4.770997755103602, 
            4.963238749059675, 
            5.83141685924189, 
            6.3827433148959996, 
            4.893970115875199, 
            5.512205256941752, 
            4.955683559353199, 
            4.549488066101596, 
            4.9047860355610045, 
            4.442905566966669, 
            4.681959074289856, 
            5.064283629323469, 
            4.112236247747297, 
            4.673342461008074, 
            4.147164745032506, 
            4.496671625803513, 
            4.075495855819234, 
            6.1485024995374005, 
            4.7337371821426215, 
            5.237759201951995, 
            4.794986861156463, 
            4.980043740229206, 
            4.547792316208982, 
            3.8358610071201213, 
            4.676179176648751, 
            5.417891446927574, 
            5.5709189230922735, 
            4.394529076565223, 
            4.562904616049861, 
            4.155125587188713, 
            4.04886847669511, 
            4.448455952857061, 
            4.588229697227927, 
            4.059629334325506, 
            5.457258575423163, 
            5.1167305851968585, 
            4.72513037735261, 
            5.488744763704316, 
            4.795241077860097, 
            4.241854097736053, 
            6.024662516341766, 
            6.177856204319809, 
            6.1307013811579045, 
            6.270041211347986, 
            5.001168833036819, 
            4.9185558650503225, 
            4.4307090943565015, 
            6.911468449213795, 
            6.876021685423362, 
            7.118009054530747, 
            7.075225928635216, 
            6.882735876708561, 
            6.839836430975542, 
            7.263823058085993, 
            6.679305052691196, 
            7.241086797625907, 
            7.363463581465866, 
            7.411815647107813, 
            7.241243535187636, 
            7.014092466948956, 
            7.779744473002538, 
            7.822530203227443, 
            7.79055941365846, 
            7.775016381515754, 
            7.993317195683873, 
            7.310506103298113
        ],