{
    "frame_states": [
        0, 
        0, 
        0, 
        0, 
        0, 
        0, 
        0, 
        0, 
        1, 
        1, 
        1, 
        1, 
        1, 
        1, 
        1, 
        1, 
        1, 
        1, 
        1, 
        1, 
        1, 
        1, 
        1, 
        1, 
        1, 
        1, 
        1, 
        1, 
        1, 
        1, 
        1, 
        1, 
        1, 
        1, 
        1, 
        1, 
        1, 
        1, 
        1, 
        1, 
        1, 
        1, 
        1
    ], 
    "phase1": {
        "rmsdiffs": [
            7.2168947306861675, 
            5.8675092461755725, 
            4.667390337546798, 
            5.1852753550547135, 
            6.993782845453526, 
            4.503908250870044, 
            4.831550405960257, 
            6.690374512021813, 
            5.912812008925631, 
            5.721788955715454, 
            6.176066092905194, 
            5.544338833157, 
            6.302780269343892, 
            6.465350109864348, 
            4.041556218207021, 
            6.135192628865709, 
            4.921295831492396, 
            4.389816348097948, 
            6.529791085657071, 
            5.072685899613029, 
            5.086295390543189, 
            5.79743556112325, 
            6.188512180779008, 
            6.6087682096722125, 
            6.615480664328243, 
            6.631208848667369, 
            6.317433298786096, 
            6.885794271854453, 
            5.843209837049439, 
            4.879880244203908, 
            5.600077487152922, 
            5.85513963686016, 
            6.378166480332991, 
            6.41185231528486, 
            5.010927460902979, 
            5.029540377455052, 
            7.243267156318852, 
            6.906663109285432, 
            5.288352535072834, 
            6.567447619336219, 
            6.580151598115518, 
            6.878759050870508, 
            4.531032989814847
        ], 
        "shift_vectors": [
            [
                -5, 
                30
            ], 
            [
                1, 
                0
            ], 
            [
                0, 
                -3
            ], 
            [
                1, 
                0
            ], 
            [
                2, 
                -1
            ], 
            [
                1, 
                0
            ], 
            [
                1, 
                0
            ], 
            [
                1, 
                0
            ], 
            [
                1, 
                0
            ], 
            [
                2, 
                1
            ], 
            [
                1, 
                0
            ], 
            [
                1, 
                0
            ], 
            [
                1, 
                0
            ], 
            [
                1, 
                0
            ], 
            [
                1, 
                0
            ], 
            [
                1, 
                0
            ], 
            [
                0, 
                -3
            ], 
            [
                0, 
                -3
            ], 
            [
                -1, 
                0
            ], 
            [
                1, 
                0
            ], 
            [
                1, 
                0
            ], 
            [
                1, 
                0
            ], 
            [
                1, 
                0
            ], 
            [
                1, 
                0
            ], 
            [
                1, 
                0
            ], 
            [
                -1, 
                0
            ], 
            [
                -1, 
                0
            ], 
            [
                1, 
                0
            ], 
            [
                -1, 
                0
            ], 
            [
                0, 
                1
            ], 
            [
                0, 
                1
            ], 
            [
                0, 
                1
            ], 
            [
                -1, 
                0
            ], 
            [
                -1, 
                0
            ], 
            [
                -1, 
                0
            ], 
            [
                0, 
                -5
            ], 
            [
                -2, 
                -1
            ], 
            [
                -1, 
                0
            ], 
            [
                0, 
                -5
            ], 
            [
                -3, 
                -2
            ], 
            [
                -2, 
                -1
            ], 
            [
                -2, 
                -1
            ], 
            [
                -1, 
                0
            ]
        ], 
        "stand_dev": [
            70.47316300441446, 
            70.20469275197097, 
            69.59551168606832, 
            69.3016710820005, 
            68.82151505977035, 
            68.43634131804463, 
            68.5541480957129, 
            68.42603244080004, 
            68.58681018734077, 
            68.78985602888454, 
            68.84705929841014, 
            69.03347518236595, 
            69.20690894874765, 
            69.04280175472378, 
            68.97648076330735, 
            68.79588332010968, 
            68.35222723772628, 
            67.81489773067446, 
            67.48380554188749, 
            67.33027557141541, 
            67.31463877356968, 
            67.56033024411411, 
            67.62016292103603, 
            67.96046901391941, 
            68.37496567020499, 
            68.66267828460683, 
            68.80919829628333, 
            69.0115529685551, 
            69.1821175691104, 
            69.39434419821562, 
            69.42047896366347, 
            69.56267536278365, 
            69.4071100043012, 
            69.14437184687654, 
            69.15566584559139, 
            68.61143678846656, 
            68.17211327683762, 
            67.79026099811217, 
            67.12485052968742, 
            66.62573516678087, 
            66.54877396636323, 
            66.27205592940071, 
            66.19340231254232
        ]
    }
}