{"phase1": {"shift_vectors": [[-28, -19], [1, 0], [-2, 3], [2, 1], [4, 1], [3, 2], [5, -4], [6, -3], [3, -2], [5, 2], [6, 5], [5, 12], [7, 6], [4, 1], [4, 3], [-1, 0], [-1, 0], [-1, 0], [3, -2], [-1, 0], [4, 3], [6, 3], [4, 1], [-2, 1], [3, 0], [3, 0], [2, 1], [3, -2], [2, -1], [-3, 0], [-1, 0], [-2, -1], [-2, -1], [1, 0], [2, -1], [3, -2], [2, 1], [-4, 3], [-5, 2], [1, 0], [1, 0], [1, 0], [1, 0], [2, 1], [-4, 1], [1, 0], [5, 0], [4, -1], [1, 0], [1, 0], [-2, 1], [2, 1], [-1, 0], [2, 1], [-1, 0], [-2, -1], [1, 0], [5, -4], [5, -2], [6, 1], [6, -1], [3, 0], [3, 2], [2, -1], [3, -2], [-1, 0], [4, -1], [3, 2], [2, 1], [3, 0], [3, 0], [3, -2], [2, -1], [-1, 0], [-1, 0], [2, 1], [1, 0], [-1, 0], [-1, 0], [-1, 0], [-1, 0], [1, 0], [-1, 0], [-2, -1], [-1, 0], [1, 0], [-1, 0], [-1, 0], [1, 0], [2, -1], [1, 0], [-1, 0], [-1, 0], [-1, 0], [-1, 0], [-3, -2], [-3, -2], [-3, -2], [-1, 0], [1, 0], [-1, 0], [-1, 0], [-1, 0], [2, -1], [-1, 0], [-2, -1], [1, 0], [1, 0], [1, 0], [2, -1], [2, -1], [1, 0], [1, 0], [1, 0], [1, 0], [-2, -1], [1, 0], [1, 0], [1, 0], [-1, 0], [-2, 3], [-4, 3], [-2, 1], [1, 0], [-3, 2], [1, 0], [1, 0], [1, 0], [-1, 0], [-3, 2], [-3, 2], [-1, 0], [-1, 0], [-1, 0], [2, -1], [-4, 1], [-7, 2], [-3, 0], [2, 1], [1, 0], [-4, 3], [-4, 1], [-3, 2], [-3, 2], [-5, 2], [-2, 1], [3, -2], [3, -2], [-3, 0], [1, 0], [-1, 0], [2, -1], [-1, 0], [0, -5], [-3, -2], [2, 1], [1, -2], [-1, 0], [-2, -1], [1, -2], [2, -1], [0, 1], [0, 1], [1, 0], [2, -1], [1, -2], [1, -4], [2, -1], [-1, 2], [-1, 4], [-3, 4], [3, 2], [-1, 0], [-4, 1], [-6, 5], [-2, 1], [2, 1], [2, 1]], "stand_dev": [70.09325890500533, 69.21257648684123, 69.52647616015264, 69.75357515965295, 69.63389716481667, 70.89073673270362, 71.73002975280842, 70.62396834357173, 70.07350408181748, 69.69838478422096, 70.75039889342747, 72.93503851451722, 74.79290853422539, 74.81667874636983, 75.84294182302379, 76.58879525265986, 77.44546223591658, 77.06499457354006, 76.4443223495203, 76.54637397860688, 76.90727393793274, 77.4050942668991, 77.11705644098195, 77.30127760661027, 77.40667658613762, 77.49386961301045, 79.14976057310948, 79.03262543291635, 78.7484218417701, 78.69954545701106, 78.75031906653777, 77.55631944668093, 76.97200466908477, 76.26451939890666, 76.15039600000117, 75.71869105830949, 76.19048953342329, 78.55355210056803, 79.4601336817696, 79.58876182525398, 78.96740347844998, 78.30601880669354, 77.75845730220954, 77.91881633503574, 78.17457059126795, 77.53259262622015, 77.31623853650275, 76.91747375460966, 76.93691219347694, 77.05101683077275, 77.4133219427937, 77.97303380406301, 78.15817946729902, 78.51525622938784, 77.79977974723528, 77.29001405251796, 77.44072364726343, 76.42237727867312, 75.66026209520776, 75.80819584295743, 75.53015845651205, 74.9398842981242, 75.53634209322836, 75.14289947942096, 74.15928346066214, 73.63709554988532, 73.13923485920357, 73.92434381354477, 74.9172721581265, 74.80503339258127, 74.92870949554772, 74.52884813386731, 73.80840753094519, 73.88468477903609, 74.84995351570115, 75.41775296163938, 75.75931959194847, 75.74427362805388, 75.81806692562313, 76.2674359071791, 76.4101545429211, 76.75550434856767, 76.70663882693988, 75.9941602871076, 75.3087835126442, 75.04878145044684, 75.05133801138005, 75.04732295655022, 74.9744436962433, 74.63379840196556, 74.2664520946783, 73.50944564539572, 73.04472253308553, 73.1452556960618, 73.3843102405089, 72.3072579402742, 71.0542250244944, 69.6911406476233, 69.0933074147315, 68.80676144146253, 68.67857719817643, 68.68029034481344, 67.53519300839106, 66.16257163754396, 66.61303872564653, 66.62997465655457, 66.19420075020433, 66.31333870379561, 65.89363234767335, 64.73344398412847, 63.58518956440111, 64.1203480858818, 65.5992042445705, 65.69879937355431, 66.24523843289265, 65.68780946848952, 64.9987177705966, 65.74888808894251, 66.20167874584676, 66.36814624857514, 67.92498319428789, 69.7234996669896, 69.84620444811199, 70.05748296790577, 71.26690647346535, 72.06169893242138, 71.92839964844607, 72.00761177928247, 71.92122937874605, 72.96177857588461, 74.1991017356261, 73.88505613855841, 73.95898816470122, 73.17576345415507, 70.87749964896437, 71.36752333596016, 72.5469801210008, 72.93990380916313, 73.79854324788313, 74.75377314543616, 75.28843736183376, 75.20271922214235, 75.22713241194259, 75.44234186171117, 75.98359771100478, 76.62163003397647, 76.54280878164919, 75.74604219259608, 75.85835175212803, 76.08912523816767, 75.14225691420499, 74.94908625813795, 74.75494441714041, 73.79167609543097, 72.45909861407483, 73.63689382098859, 73.52609397346792, 72.9680336575242, 72.85239594335549, 72.25161678754137, 70.87751927267625, 70.66731120545893, 71.16823439279052, 71.05301436143739, 70.70383241908236, 70.02491773022126, 68.40433377069269, 67.25649742999813, 68.17988008944096, 69.49956891576481, 70.98337877932654, 71.52337136838723, 70.4418309725539, 70.35050933490939, 71.90441399560498, 72.61054931654066, 72.73194651661778, 72.96557723906292],