{
    "frame_states": [
        0, 
        0, 
        0, 
        0, 
        0, 
        0, 
        0, 
        0, 
        0, 
        0, 
        0, 
        0, 
        0, 
        0, 
        0, 
        0, 
        0, 
        0, 
        0, 
        1, 
        1, 
        1, 
        1, 
        1, 
        1, 
        1, 
        1, 
        1, 
        1, 
        1, 
        1, 
        1, 
        0, 
        0, 
        0, 
        0, 
        0, 
        0, 
        0, 
        0, 
        0, 
        0, 
        0, 
        0, 
        0, 
        0, 
        0, 
        0, 
        0, 
        0, 
        0, 
        0, 
        0, 
        0, 
        0, 
        0, 
        0, 
        0, 
        0, 
        0, 
        0, 
        0, 
        0, 
        0, 
        0, 
        0, 
        0, 
        0, 
        0, 
        0, 
        0, 
        0, 
        0, 
        0, 
        0, 
        0, 
        1, 
        1, 
        1, 
        1, 
        1, 
        1, 
        1, 
        1, 
        1, 
        1, 
        1, 
        1
    ], 
    "phase1": {
        "rmsdiffs": [
            8.916786461131634, 
            9.756771589800445, 
            9.757478473428108, 
            9.747327689609646, 
            9.768355944638778, 
            9.761777577443402, 
            9.735486002445029, 
            9.737724246221223, 
            8.603650915552207, 
            7.43379315335341, 
            8.58523545664718, 
            7.747672565748672, 
            8.0070998044651, 
            7.641285297747032, 
            8.181760029669569, 
            8.398136659797435, 
            8.164589175937582, 
            7.546247303109639, 
            6.845105386807808, 
            8.390326698218953, 
            5.508479600426714, 
            7.347964609226996, 
            7.510057059018598, 
            8.138785404224947, 
            7.96507206587337, 
            7.834757470515913, 
            6.549088677890053, 
            5.400456262079785, 
            7.72403492533108, 
            7.542972583971037, 
            8.172519008535811, 
            8.304739877308334, 
            7.875848840436103, 
            8.220286960846174, 
            7.849546202606522, 
            5.671514968465547, 
            8.95380855873554, 
            8.539614083443125, 
            7.684485484548244, 
            8.636107895900594, 
            7.82776608788366, 
            8.273729198678733, 
            7.658824674675601, 
            9.731950289412575, 
            9.722949259196962, 
            9.738614895349963, 
            9.727666261416847, 
            9.711758568459562, 
            9.690243110353222, 
            9.734090466792887, 
            6.1797380813674945, 
            9.724090018515774, 
            9.723514845315721, 
            9.721391085092787, 
            9.716350364780316, 
            9.732934448798265, 
            9.717135173028675, 
            6.0482268028144235, 
            9.737123125645144, 
            7.253650469934132, 
            9.74741308089567, 
            7.413942018559656, 
            9.767129742630944, 
            9.738438265016269, 
            9.764873968591411, 
            7.160317518095564, 
            7.25736183657137, 
            6.869323584110508, 
            6.454218951268186, 
            6.303430629251954, 
            5.407178600785846, 
            7.531017412376567, 
            7.812231981144227, 
            6.303117122389698, 
            7.648847541851239, 
            7.137138767226436, 
            6.069326848593815, 
            6.7060372398025345, 
            7.908888774563022, 
            8.102620632898212, 
            7.068580020694041, 
            6.742705101929155, 
            7.741613048717318, 
            7.1183944630949245, 
            7.582222489875726, 
            7.973272493020471, 
            7.088287720840891, 
            7.301395216614315
        ], 
        "shift_vectors": [
            [
                4, 
                35
            ], 
            [
                -37, 
                0
            ], 
            [
                -38, 
                -1
            ], 
            [
                -37, 
                0
            ], 
            [
                -37, 
                2
            ], 
            [
                -39, 
                -2
            ], 
            [
                -37, 
                -4
            ], 
            [
                -38, 
                -3
            ], 
            [
                -1, 
                0
            ], 
            [
                -1, 
                0
            ], 
            [
                -2, 
                -1
            ], 
            [
                -1, 
                0
            ], 
            [
                2, 
                1
            ], 
            [
                -1, 
                0
            ], 
            [
                -1, 
                0
            ], 
            [
                -1, 
                0
            ], 
            [
                -2, 
                -1
            ], 
            [
                -2, 
                -1
            ], 
            [
                -3, 
                -2
            ], 
            [
                2, 
                -1
            ], 
            [
                -2, 
                -1
            ], 
            [
                1, 
                0
            ], 
            [
                -2, 
                -1
            ], 
            [
                -1, 
                0
            ], 
            [
                -2, 
                -1
            ], 
            [
                -1, 
                0
            ], 
            [
                -1, 
                0
            ], 
            [
                -1, 
                0
            ], 
            [
                1, 
                0
            ], 
            [
                1, 
                0
            ], 
            [
                1, 
                0
            ], 
            [
                2, 
                1
            ], 
            [
                1, 
                0
            ], 
            [
                1, 
                0
            ], 
            [
                1, 
                0
            ], 
            [
                -2, 
                7
            ], 
            [
                1, 
                0
            ], 
            [
                1, 
                0
            ], 
            [
                1, 
                0
            ], 
            [
                1, 
                0
            ], 
            [
                1, 
                0
            ], 
            [
                1, 
                0
            ], 
            [
                -3, 
                2
            ], 
            [
                38, 
                3
            ], 
            [
                40, 
                3
            ], 
            [
                42, 
                1
            ], 
            [
                42, 
                1
            ], 
            [
                39, 
                2
            ], 
            [
                41, 
                0
            ], 
            [
                -43, 
                0
            ], 
            [
                -1, 
                0
            ], 
            [
                38, 
                1
            ], 
            [
                -40, 
                1
            ], 
            [
                -39, 
                0
            ], 
            [
                -39, 
                0
            ], 
            [
                41, 
                0
            ], 
            [
                44, 
                -1
            ], 
            [
                -1, 
                -4
            ], 
            [
