{
    "frame_states": [
        0, 
        0, 
        0, 
        0, 
        0, 
        0, 
        0, 
        0, 
        0, 
        0
    ], 
    "phase1": {
        "rmsdiffs": [
            10.200023541642983, 
            8.523663848165077, 
            8.76843200133194, 
            7.82444544721224, 
            7.412537499018948, 
            7.573038935147533, 
            8.928671132184643, 
            9.041969512525494, 
            8.847519214653753, 
            8.59401174216273
        ], 
        "shift_vectors": [
            [
                28, 
                -15
            ], 
            [
                8, 
                9
            ], 
            [
                8, 
                9
            ], 
            [
                10, 
                3
            ], 
            [
                9, 
                4
            ], 
            [
                8, 
                9
            ], 
            [
                6, 
                11
            ], 
            [
                8, 
                -9
            ], 
            [
                7, 
                10
            ], 
            [
                4, 
                -5
            ]
        ], 
        "stand_dev": [
            50.44700683889749, 
            49.96556875822181, 
            49.83371597341226, 
            49.77454728632988, 
            49.21076838955306, 
            48.84804282793308, 
            48.79110675998252, 
            48.552936977775715, 
            48.18686071175295, 
            48.29053961986118
        ]
    }
}