{
    "frame_states": [
        1, 
        1, 
        1, 
        1, 
        1, 
        1, 
        1, 
        1, 
        1, 
        1, 
        1, 
        1, 
        1, 
        1
    ], 
    "phase1": {
        "rmsdiffs": [
            7.727011034386733, 
            5.067217713630347, 
            5.297708434627211, 
            5.2989596358198785, 
            5.044968622156077, 
            4.843435111146061, 
            4.181142303850654, 
            3.789917666286668, 
            3.6983068400110537, 
            3.9839472050951636, 
            4.224626096845307, 
            4.716875367495023, 
            6.046563725062198, 
            5.080663887712521
        ], 
        "shift_vectors": [
            [
                3, 
                2
            ], 
            [
                -1, 
                0
            ], 
            [
                -1, 
                0
            ], 
            [
                -1, 
                0
            ], 
            [
                -1, 
                0
            ], 
            [
                -1, 
                0
            ], 
            [
                -1, 
                0
            ], 
            [
                -1, 
                0
            ], 
            [
                -1, 
                0
            ], 
            [
                -1, 
                0
            ], 
            [
                -1, 
                0
            ], 
            [
                1, 
                0
            ], 
            [
                -1, 
                0
            ], 
            [
                -1, 
                0
            ]
        ], 
        "stand_dev": [
            59.75180004021163, 
            60.30530189466927, 
            61.2422449736048, 
            62.186973591646684, 
            62.971283538757305, 
            63.04224860520405, 
            62.98116205466618, 
            62.88333926123001, 
            62.83637374392971, 
            62.798269682861225, 
            62.835550830927524, 
            62.8299261169835, 
            62.85277044018753, 
            63.02715783778
        ]
    }
}