{"phase1": {"shift_vectors": [[13, 8], [0, 1], [0, -1], [0, 1], [-1, 2], [0, -1], [0, -1], [0, 1], [0, -1], [1, -2], [1, -2], [-1, 2], [-2, 3], [-2, 3], [0, 1], [0, 1], [0, -1], [0, -1], [0, 1], [0, 1], [-1, 2], [0, 1], [0, -1], [1, -2], [0, 1], [0, 1], [0, 1], [0, 1], [0, -1], [0, 1], [-1, -2], [0, -1], [0, 1], [-2, 3], [0, -1], [1, -2], [2, -3], [0, 1], [0, 1], [0, 1], [-1, 2], [0, 1], [0, 1], [0, -1], [0, 1], [-1, 2], [-2, 3], [0, -1], [1, -2], [1, -2], [1, -2], [1, -2], [0, -1], [0, -1], [0, -1], [0, 1], [0, 1], [0, 1], [0, 1], [0, 1], [0, 1], [0, 1], [0, 1], [0, 1], [0, 1], [0, -1], [0, -1], [0, -1], [0, -1], [0, 1], [0, -1], [-1, 2], [0, 1], [0, 1], [0, 1], [0, -1], [0, -1], [0, -1], [0, 1], [0, 1], [0, 1], [0, 1], [0, -1], [0, -1], [0, -3], [0, -1], [0, -1], [0, -1], [0, -1], [0, 1], [0, -1], [-1, 2], [0, 1], [0, -1]], "stand_dev": [69.16689248127393, 69.25381123753782, 69.20593296606525, 69.2378873004438, 69.21044422633878, 69.1119696708308, 69.01215471867009, 69.0085133390673, 68.93354315597776, 68.97863479821744, 69.10492405118829, 68.94840933261487, 68.64341360758694, 68.40929048693249, 68.30240785993401, 68.24383815232441, 68.2969061967391, 68.35254500387677, 68.36697021628031, 68.37810967457357, 68.26427267764522, 68.19646427283377, 68.29343449303845, 68.40993357109802, 68.49876785454495, 68.53769297201234, 68.33905752729673, 68.35879852528198, 68.39644914235593, 68.37447824225296, 68.12466142538722, 68.05288701977928, 68.09043528987857, 67.948123355671, 67.83832733095657, 67.9128935313839, 68.0105385346941, 68.09758445439985, 68.22205151628553, 68.36530015219306, 68.46831620890414, 68.49553440908255, 68.48908266578627, 68.52422887407394, 68.49785694263626, 68.52085721880624, 68.31588837559944, 68.19517527354307, 68.06620775902401, 68.17330783666925, 68.26085606886701, 68.19173404335774, 68.05993713998063, 68.09786859843503, 68.09966903643996, 68.12473590291386, 68.10139497487634, 68.13815219624914, 68.20654071413014, 68.31814970871413, 68.35413378633656, 68.34600550619632, 68.27169322203797, 68.26525724938529, 68.19829010628696, 68.08093537792448, 68.00100612591261, 67.90244560886384, 67.87523634260518, 67.84318005051571, 67.83484857800724, 67.79286276051428, 67.91500194379033, 67.94477380834131, 67.95472097905588, 68.03700966700677, 68.06324246990125, 68.11562660935698, 68.20809134741697, 68.24421851700185, 68.15391271790573, 68.11211591934739, 68.18494371464574, 68.16950076931231, 67.99397568195224, 67.79332680018985, 67.63601123513071, 67.55900194560446, 67.43749548229053, 67.44661336687562, 67.41680263320626, 67.43033390781913, 67.3433613411371, 67.41364100112861], "rmsdiffs": [7.450388387029723, 4.543939764057969, 4.314850142806196, 5.024289452805345, 5.507275680069427, 4.140458604818706, 4.710825668807343, 5.081698911104413, 2.652655584582708, 5.071904960824089, 5.906752391777307, 6.599196972903375, 6.76128663573547, 6.141486039768739, 4.939243504096317, 5.314460354348193, 4.581504710339553, 4.672721131373853, 4.7768014037028825, 4.228839361668478, 5.605154141366605, 4.515419168979525, 6.288020151319358, 6.180944293121747, 4.459783344413564, 4.740262247690546, 6.004321070537938, 4.795673156468952, 5.566147555288338, 6.000264037830076, 2.797958707222436, 4.191323401071276, 4.706245017605667, 6.518519810159457, 4.588170666254046, 6.153763990730981, 6.624006819670432, 4.258933957463886, 4.367022671401514, 4.683448806471704, 4.377275182852967, 3.808002564421493, 4.054724453026635, 4.857628323039041, 3.8309502074085295, 5.687729596603986, 6.814937395607475, 3.7761385921508386, 4.409497784843729, 5.712366195142548, 5.809856688424896, 4.448980962130804, 4.355559173891476, 4.387883933951227, 5.039262195493539, 4.72290275263672, 3.990261691978803, 4.381100502001192, 3.5070344401027564, 2.444504167871462, 4.776370867400546, 4.542571283414549, 4.336706667674039, 4.538253340702909, 4.761380407445, 4.292119852392061, 2.9378240946087137, 4.542060093017197, 4.44781770611124, 5.079973669820782, 4.865420289053813, 3.9213650320746476, 3.702363992036232, 4.995137346462843, 3.2661466801860337, 5.4715286912034875, 5.338634104494455, 5.504127265682046, 4.717507249788874, 4.670131005361878, 5.475435378448499, 5.310513515213441, 4.500413939488339, 3.10307068916418, 3.9742469073262368, 4.171806486323578, 3.392996612104012, 2.146148652586119, 4.390805116176887, 4.788413523685706, 4.869237183798828, 4.461261634261749, 4.529649787079936, 4.5983265887096945]}, "frame_states": [0, 1, 1, 1, 1, 1, 1, 1, 1, 1, 1, 1, 1, 1, 1, 1, 1, 1, 1, 1, 1, 1, 1, 1, 1, 1, 1, 1, 1, 1, 1, 1, 1, 1, 1, 1, 1, 1, 1, 1, 1, 1, 1, 1, 1, 1, 1, 1, 1, 1, 1, 1, 1, 1, 1, 1, 1, 1, 1, 1, 1, 1, 1, 1, 1, 1, 1, 1, 1, 1, 1, 1, 1, 1, 1, 1, 1, 1, 1, 1, 1, 1, 1, 1, 1, 1, 1, 1, 1, 1, 1, 1, 1, 1]}