{
<<<<<<< HEAD
    "brightness": [
        134, 
        133, 
        131, 
        129, 
        128, 
        127, 
        126, 
        125, 
        121, 
        120, 
        118, 
        117
    ], 
    "horizontal_movement": [
        [
            -0.775, 
            -0.3142857142857143, 
            1.1081081081081081, 
            0.875, 
            0.425, 
            1.275, 
            0.2, 
            1.8421052631578947, 
            0.05, 
            0.225, 
            0.325
        ], 
        [
            -1.0555555555555556, 
            -0.9090909090909091, 
            0.4117647058823529, 
            0.4722222222222222, 
            0.0, 
            0.6111111111111112, 
            -0.1388888888888889, 
            1.3888888888888888, 
            -0.05405405405405406, 
            0.02857142857142857, 
            0.0
        ], 
        [
            -0.45, 
            0.1, 
            1.35, 
            1.8, 
            0.95, 
            1.0, 
            0.35, 
            1.95, 
            -0.025, 
            0.6052631578947368, 
            0.225
        ], 
        [
            0.2553191489361702, 
            1.2790697674418605, 
            2.142857142857143, 
            1.0869565217391304, 
            0.9166666666666666, 
            1.3191489361702127, 
            0.5833333333333334, 
            1.2790697674418605, 
            0.625, 
            1.0217391304347827, 
            0.875
        ], 
        [
            -1.9444444444444444, 
            -0.7777777777777778, 
            -0.4117647058823529, 
            -1.6944444444444444, 
            -2.4545454545454546, 
            -2.3333333333333335, 
            -2.9, 
            -1.2580645161290323, 
            -1.6176470588235294, 
            -1.7666666666666666, 
            -2.1785714285714284
        ], 
        [
            0.3333333333333333, 
            1.5416666666666667, 
            2.0, 
            1.0833333333333333, 
            0.9791666666666666, 
            1.0625, 
            0.625, 
            1.4791666666666667, 
            0.6458333333333334, 
            1.0, 
            0.875
        ], 
        [
            2.4838709677419355, 
            3.772727272727273, 
            4.75, 
            1.7916666666666667, 
            2.081081081081081, 
            1.8421052631578947, 
            1.263157894736842, 
            1.1515151515151516, 
            1.0810810810810811, 
            1.5135135135135136, 
            1.0833333333333333
        ], 
        [
            0.5833333333333334, 
            2.0, 
            2.3181818181818183, 
            0.0, 
            0.8620689655172413, 
            0.8275862068965517, 
            0.07142857142857142, 
            0.6785714285714286, 
            0.9642857142857143, 
            1.36, 
            0.8928571428571429
        ], 
        [
            1.25, 
            2.611111111111111, 
            2.7027027027027026, 
            0.24324324324324326, 
            1.05, 
            1.275, 
            0.825, 
            1.2105263157894737, 
            1.0, 
            1.641025641025641, 
            1.125
        ]
    ], 
    "mean_vector_length": [
        [
            1.1096194077712558, 
            1.2408443795496493, 
            2.6406765025173042, 
            1.1035533905932735, 
            1.4010407640085654, 
            1.4272150459088937, 
            0.506066017177982, 
            1.9337657176281666, 
            0.4103553390593274, 
            0.3664213562373095, 
            1.3623512096620929
        ], 
        [
            1.656545994649287, 
            1.8034021376278533, 
            0.8205733804885785, 
            1.5350048531002645, 
            1.9902855983298022, 
            0.661900753465172, 
            1.1293570624858995, 
            1.6913232894043793, 
            0.35135135135135137, 
            1.0404061017820883, 
            0.22857142857142856
        ], 
        [
            2.699324315291281, 
            3.8930040053802237, 
            2.25856156615785, 
            2.7889526201683297, 
            2.4999240177909146, 
            1.411341500458687, 
            2.069139953057139, 
            2.2646822724840083, 
            1.0016123775561492, 
            2.2180715498934114, 
            0.8344550900307686
        ], 
        [
            0.9154996838532685, 
            1.6508237436390714, 
            2.5470455049789824, 
            1.4040181375479919, 
            1.4051733188057696, 
            1.3380074365398442, 
            1.0215637052233983, 
            1.2887026409854208, 
            0.6544627825494395, 
            1.1709453255536808, 
            1.3192896209959268
        ], 
        [
            2.224720840321135, 
            2.695662134759281, 
            2.4405299751460845, 
            2.5867572927072415, 
            3.4680989030078786, 
            3.440579003472558, 
            3.55948521061349, 
            2.589427941094029, 
            2.6705837311890135, 
            3.1824699839758024, 
            4.260860984716976
        ], 
        [
            1.9950922338142958, 
            3.5534516412101422, 
            2.7247692809691593, 
            1.6257562508943646, 
            1.656288818506449, 
            1.1901872959269157, 
            2.147542485937367, 
            1.5342329297377724, 
            1.6456310640748546, 
            1.9508799732344004, 
            1.0856812160876679
        ], 
        [
            2.6766132006531085, 
            3.8867212041360024, 
            5.088619984185827, 
            2.3302091875243662, 
            2.352135961057704, 
            1.8421052631578947, 
            2.004119032504641, 
            1.3051838730868326, 
            1.2490054982593626, 
            1.8110192055828251, 
            1.37753908435631
        ], 
        [
            1.1963355890272056, 
            2.471124530514128, 
            2.75684532977623, 
            0.8260869565217391, 
            1.3368018628901202, 
            0.8844924668921684, 
            1.903069003953972, 
            1.052147079801722, 
            1.6379627418796072, 
            1.7665380827133836, 
            1.1094462536516423
        ], 
        [
            2.0302516805202235, 
            3.460034062419531, 
            3.3939498265187846, 
            0.6233647324931346, 
            1.1017766952966368, 
            1.275, 
            2.114731741035937, 
            1.3039414862232774, 
            2.2155216171216203, 
            1.9593146576977238, 
            1.1368033988749893
        ]
    ],