{
<<<<<<< HEAD
    "brightness": [
        86, 
        87, 
        89, 
        91, 
        91, 
        92, 
        91, 
        91, 
        91, 
        91, 
        91, 
        91, 
        92, 
        92, 
        93, 
        92
    ], 
    "horizontal_movement": [
        [
            -12.5, 
            -16.153846153846153, 
            -12.62962962962963, 
            -7.9411764705882355, 
            -2.7027027027027026, 
            0.717948717948718, 
            -0.2564102564102564, 
            -0.8205128205128205, 
            -2.763157894736842, 
            -3.2972972972972974, 
            -3.5555555555555554, 
            -5.111111111111111, 
            -4.46875, 
            -2.0555555555555554, 
            0.05263157894736842
        ], 
        [
            0.0, 
            -0.025, 
            -0.825, 
            -0.95, 
            -1.05, 
            0.025, 
            -1.075, 
            -1.0, 
            -0.9, 
            0.7, 
            1.025, 
            -0.05, 
            0.1, 
            0.85, 
            0.675
        ], 
        [
            0.0, 
            0.02564102564102564, 
            -0.8974358974358975, 
            -0.8461538461538461, 
            -0.8974358974358975, 
            -0.07692307692307693, 
            -1.0512820512820513, 
            -0.8461538461538461, 
            -1.0512820512820513, 
            0.3333333333333333, 
            0.8717948717948718, 
            -0.02564102564102564, 
            -0.23076923076923078, 
            0.07692307692307693, 
            0.48717948717948717
        ], 
        [
            -6.228571428571429, 
            -8.32258064516129, 
            -7.21875, 
            -5.052631578947368, 
            -2.2, 
            0.11627906976744186, 
            -0.29545454545454547, 
            -0.9761904761904762, 
            -2.1904761904761907, 
            -1.6666666666666667, 
            -2.5609756097560976, 
            -3.8974358974358974, 
            -3.388888888888889, 
            -1.7906976744186047, 
            -0.02127659574468085
        ], 
        [
            -0.27906976744186046, 
            -0.3023255813953488, 
            -1.1363636363636365, 
            -1.1304347826086956, 
            -1.1304347826086956, 
            -0.14893617021276595, 
            -1.0425531914893618, 
            -1.173913043478261, 
            -0.5714285714285714, 
            0.5476190476190477, 
            0.47368421052631576, 
            -0.42857142857142855, 
            -0.3076923076923077, 
            -0.3488372093023256, 
            -0.3170731707317073
        ], 
        [
            -0.021739130434782608, 
            0.0, 
            -0.8125, 
            -0.782608695652174, 
            -1.0227272727272727, 
            -0.043478260869565216, 
            -1.0416666666666667, 
            -1.125, 
            -0.6666666666666666, 
            0.7291666666666666, 
            0.8958333333333334, 
            -0.22916666666666666, 
            -0.0625, 
            -0.5416666666666666, 
            -0.14583333333333334
        ], 
        [
            -0.625, 
            -0.75, 
            -1.325, 
            -1.35, 
            -1.2972972972972974, 
            -0.5588235294117647, 
            -1.0571428571428572, 
            -1.3428571428571427, 
            -0.6111111111111112, 
            0.7631578947368421, 
            0.3333333333333333, 
            -0.8, 
            0.125, 
            -0.7, 
            -0.425
        ], 
        [
            -0.8461538461538461, 
            -0.717948717948718, 
            -1.368421052631579, 
            -1.641025641025641, 
            -1.6578947368421053, 
            -0.6, 
            -1.55, 
            -1.525, 
            -0.75, 
            0.55, 
            0.05, 
            -0.625, 
            -0.025, 
            -0.875, 
            -0.5
        ], 
        [
            -0.07692307692307693, 
            0.0, 
            -0.6, 
            -0.75, 
            -0.717948717948718, 
            -0.025, 
            -0.725, 
            -0.9, 
            -0.23076923076923078, 
            1.0256410256410255, 
            0.20512820512820512, 
            -0.35, 
            0.075, 
            -0.34210526315789475, 
            -0.02564102564102564
        ]
    ],