{"phase1": {"shift_vectors": [[-19, 12], [-1, 0], [-4, 3], [1, 0], [5, -4], [-4, -3], [-3, 0], [-4, 3], [-1, 0], [4, -1], [5, -4], [7, -6], [-1, 0], [-1, 0], [-1, 0], [5, -2], [5, -4], [3, -2], [2, -1], [-2, -1], [-1, 0], [-1, 0], [2, -1], [5, -4], [-1, 0], [2, -1], [-1, 0], [-1, 0], [4, -1], [-3, 2], [-2, -1], [-7, -6], [-8, -3], [-9, 0], [-5, 0], [-3, 2], [-5, 4], [-4, 3], [-4, 3], [-4, 3], [-4, 3], [-5, 4], [-5, 2], [-2, 1], [-4, 3], [-2, 11], [-5, 4], [-3, 2], [1, 0], [-2, -1], [-1, 0], [-2, 1], [-3, -2], [1, 0], [-1, 0], [-1, 0], [10, -3], [-3, -2], [-8, -5], [1, 0], [2, -1], [7, -6], [7, 0], [-1, 0], [-5, 4], [-7, 6], [-2, -1], [0, -11], [2, -1], [-7, 6], [-1, 0], [1, 0], [-1, 0], [6, -5], [-1, 0], [-3, 2], [-1, 0], [-1, 0], [-2, 1], [-1, 0], [4, -1], [-1, 0], [-2, 1], [-4, 3], [-2, 1], [3, -2], [1, 0], [-4, 1], [-4, 1], [6, -5], [-7, -6], [-7, -4], [-6, 3], [-6, 3], [-2, -1], [-1, 0], [-1, 0], [-1, 0], [-1, 0], [-2, 1], [0, 9], [1, 0], [3, -2], [3, -2], [4, -3], [-1, 0], [-1, 0], [7, 0], [4, -3], [6, -1], [8, -3], [-1, 0], [-3, 2], [-3, 2], [-1, 0], [6, 1], [5, -2], [-2, 1], [-3, 2], [-3, -2], [-1, 0], [-2, 1], [-3, 2], [-1, 0], [2, -1], [-1, 0], [-1, 0], [-2, -1], [-4, 3], [-2, 1], [-1, 0], [2, -1], [-3, 0], [-2, 1], [1, 0], [1, 0], [-1, 0], [-1, 0], [-1, 0], [2, -1], [1, 0], [-1, 0], [2, -1], [-1, 0], [1, 0], [-1, 0], [-2, 1], [-3, 2], [-1, 0], [3, 2], [2, 1], [4, -3], [2, -1], [-1, 0], [1, 0], [-1, 0], [-6, 5], [1, 0], [4, -3], [2, -1], [1, 0], [-2, 1], [3, 2], [-2, 1], [-2, 1], [2, 1], [1, 0], [1, 0], [1, 0], [3, -2], [1, 0], [1, 0], [1, 0], [3, -2], [3, -2], [1, 0], [1, 0], [1, 0], [2, 1], [2, 1], [4, 1], [4, 1], [-1, 0], [3, 0], [3, 0], [2, 1], [3, 0], [4, -1], [4, -1], [4, -1], [-1, 0], [-2, 1], [2, -1], [2, -1], [2, 1], [-1, 0], [1, 0], [-2, 1], [-2, 1], [-1, 0], [-1, 0]], "stand_dev": [59.923218941918, 59.5038620354681, 59.527202533723816, 59.69461637657443, 59.940208571123584, 60.19243499773329, 60.21410976364082, 60.181226091176335, 60.39038061906911, 60.439646855132764, 60.3244469965816, 60.42869376096072, 59.90924900670227, 59.433062113643935, 58.788144945078294, 58.35178968439485, 57.990931569998956, 58.07567719417088, 58.13239587381988, 58.028010786748574, 58.07436319572975, 58.046435614406846, 58.15308713980464, 58.17765093305231, 57.92102021414215, 57.79389427699219, 57.554198584325725, 57.443521837015965, 57.26847227077333, 56.96589805954878, 56.93268447448764, 56.782010649728285, 56.764425476322195, 56.475534743306994, 56.532329812989914, 56.49250959023765, 56.833587066856985, 57.10420385486893, 57.267045487759994, 57.30089987204321, 57.19925915406575, 57.54925399423059, 57.77475314955892, 57.67899699368824, 57.087130513063535, 56.790026578373684, 57.091373140686784, 57.58199597878368, 58.15008414942273, 58.13282513484875, 57.5708890056073, 57.628952694246145, 57.46896867132102, 57.75367112794719, 58.0706763594757, 57.94020057851955, 57.298313736774006, 56.74489149880243, 57.64754316758726, 58.288140657962344, 58.20198989935499, 57.75055630423957, 57.04118362370511, 56.700567732252566, 55.02066962716881, 53.916108412622016, 53.67741026091219, 54.36327596747061, 53.949660694975506, 53.89077050292313, 54.323314650886445, 54.80384971595783, 55.365001902672496, 55.470646582199436, 55.617410146374546, 55.816435488005375, 56.02780592838227, 55.984771566317676, 55.95490291538744, 55.95015138588493, 55.97366477085995, 55.85938491525243, 55.76956270172016, 55.69204986019025, 56.093205465867406, 56.437245495600095, 56.575223030738776, 56.49519278592766, 56.53572369855221, 56.65695559916719, 57.10890217072062, 57.611382826712216, 57.96124416813824, 58.51085676717483, 58.82054708151234, 58.96713735269716, 59.12533535179846, 58.87258020023685, 58.5813105069488, 57.697133790805566, 57.909790122236835, 57.843565213074164, 57.543310962188485, 57.20081408832778, 56.671241249184106, 56.04133818057537, 55.86937414099692, 55.559586018967416, 55.690727916578204, 55.48706439055371, 55.42031459525742, 55.08912002108171, 54.90128619280482, 54.94431452165349, 55.15806076361865, 55.00843179857844, 54.96554227436463, 54.603968445113935, 54.44098432948958, 54.42625305584385, 54.745310286265095, 54.49349314055964, 54.35886585863475, 54.39257329437578, 54.37192484057626, 54.28737457550043, 54.14680035042939, 53.910223634977896, 53.76637719662049, 53.68368549127984, 53.58377985881215, 53.60451821810082, 53.942383772319445, 53.81264749154211, 53.8304638356428, 53.815710527531245, 53.82096733584824, 53.76580559230526, 53.69545242120331, 53.74310239114135, 53.709773376823215, 53.75742847079069, 53.80647112527108, 53.945790791069136, 54.405261635226374, 54.217395667222206, 54.00574541570824, 53.85350178184853, 53.76724005793426, 53.7424402537996, 53.7517954788126, 53.97102780222367, 54.00588583344273, 54.07053292703956, 54.18525911438428, 54.01500121749312, 54.224545742084494, 54.133492149772216, 54.264054103279655, 54.4822411915271, 54.45082682713848, 54.36680446001109, 54.3017398016493, 54.1310105690821, 54.05796214544011, 53.96746871825021, 53.95926541095564, 54.06180491482048, 54.57513447881686, 54.535482384760854, 54.399172023569136, 54.18487891023108, 54.184266321327456, 54.236990313612836, 54.33328027492045, 54.21516061246188, 54.210385311772654, 54.19810249095795, 54.11824249457352, 54.1520894839886, 54.47713098366717, 54.366388333104844, 54.34281547197373, 54.53263644437576, 54.53874447989641, 54.42119385637675, 54.31623604000952, 54.28791570433683, 54.18118524088322, 54.34416048639359, 54.3899744781723, 54.30855741382707, 54.76956287078523, 54.74814096755305, 54.669703302163704, 54.675066172324705, 54.65593665846187, 54.380419843160645, 54.27915250327686, 54.240263884257374, 54.173163093845886],