{"phase1": {"shift_vectors": [[-3, 2], [-2, -1], [-1, 0], [-1, 0], [-1, 0], [-3, 0], [-1, 0], [-1, 0], [-1, 0], [1, 0], [-1, 0], [1, 0], [1, 0], [1, 0], [1, 0], [1, 0], [1, 0], [2, -1], [2, -1], [1, 0], [1, 0], [-1, 0], [-1, 0], [-1, 0]], "stand_dev": [69.99752392921475, 69.91335272061193, 69.88429245413442, 69.99208713723581, 70.06899543487486, 69.99424768359923, 70.0072404660536, 70.07915137961898, 70.06004599146152, 70.0465400925093, 70.12165363924449, 70.03624733179888, 70.21827251183916, 70.32301816669522, 70.3258486428255, 70.32586884906327, 70.28949309843482, 70.21842304718284, 70.12034632231344, 69.9527475268525, 69.88148871784597, 69.90826642613865, 69.83498194795676, 69.79200234248438], "rmsdiffs": [8.345332067936923, 5.768855264350815, 5.974562448647668, 5.952552497714368, 4.367037180599844, 5.55350267321372, 4.640815854589509, 4.603019088933903, 4.474266147113713, 5.324013358389142, 5.298903440660916, 5.049402522282137, 5.417165620452798, 5.108716353997598, 5.269072798095107, 5.582171766216357, 5.674572563504084, 5.42449287060302, 5.235022291026528, 5.4190298203694365, 6.083259909090198, 5.587177220723775, 5.8280156848760445, 5.843787487547563]}, "frame_states": [1, 1, 1, 1, 1, 1, 1, 1, 1, 1, 1, 1, 1, 1, 1, 1, 1, 1, 1, 1, 1, 1, 1, 1]}