{"phase1": {"shift_vectors": [[0, -63], [4, 3], [4, 1], [3, 0], [-1, 0], [-1, 0], [-1, 0], [-1, 0], [-1, 0], [-1, 0], [-1, 0], [-1, 0], [-2, 1], [-5, 4], [-3, 2], [-1, 0], [-1, 0], [-1, 0], [-1, 0], [1, 0], [5, 0], [1, 0], [-1, 0], [-1, 0], [2, 1], [-1, 0], [-1, 0], [-1, 0], [-1, 0], [-1, 0], [-1, 0], [-1, 0], [-2, 1], [-2, 1], [-2, 1], [-4, 3], [3, 12], [10, 9], [8, 13], [7, 14], [13, 2]], "stand_dev": [72.58046456531133, 73.6619670674099, 74.36444305763048, 74.60133395726326, 74.69700551544597, 74.5971089528545, 74.34267478863754, 74.06588002505966, 74.00489031873049, 73.9184149728824, 73.85277974724339, 73.68000053642565, 73.73558531491574, 74.3833671395522, 75.1957974086307, 75.21595730815896, 74.98142957324559, 74.52700412867082, 74.41521566901105, 74.4525540874048, 74.48059165192214, 74.34192082600413, 74.19076206123448, 74.03155438218421, 73.66150044335042, 73.30125048459124, 73.05798891536375, 72.8464434607804, 72.57071963912874, 72.4795978920866, 72.36052948534977, 72.11947023293972, 72.11304098920428, 72.6029707624771, 73.31134549369266, 74.75784960296012, 76.66607965108211, 78.40236164017166, 79.30920918839963, 80.36398047542191, 81.2028191697766], "rmsdiffs": [9.367502613762925, 6.061095582279114, 5.8084899704299096, 5.5601146041518765, 5.294528233215014, 5.0480890365791975, 5.6676120755434045, 5.305989584783468, 4.961387159418647, 5.56565631068487, 5.438278182283227, 4.979011329242737, 6.013572404528231, 6.694762121653198, 6.674189594963231, 6.294017315929632, 6.1339908160670165, 5.940918249773815, 5.316190007462513, 4.192315941608984, 4.916434222006594, 5.081974514164273, 5.414092121194759, 5.243718037409254, 5.154857357742589, 5.6376728415795565, 5.660258658583783, 5.599067864021872, 5.607356698060158, 5.600259498545759, 5.748846398684422, 5.2747388499965915, 5.675732072800832, 6.1550153026383905, 6.521954020713715, 7.411288504302875, 4.933510164823733, 4.4408557957873365, 4.7085331231439085, 4.839335332584848, 4.983099840982275]}, "frame_states": [0, 0, 0, 0, 0, 0, 0, 0, 0, 0, 0, 0, 1, 1, 1, 1, 1, 1, 1, 1, 1, 1, 1, 1, 1, 1, 1, 1, 1, 1, 1, 0, 0, 0, 0, 0, 0, 0, 0, 0, 0]}