{
    "frame_states": [
        0, 
        0, 
        0, 
        0, 
        1, 
        1, 
        1, 
        1, 
        1, 
        1, 
        1, 
        1, 
        1, 
        1, 
        1, 
        1, 
        1, 
        1, 
        1, 
        1, 
        1, 
        1, 
        1, 
        1, 
        1, 
        1, 
        1, 
        1, 
        1, 
        1, 
        1, 
        1, 
        1, 
        1, 
        1, 
        1, 
        1, 
        1, 
        1, 
        1, 
        1, 
        1, 
        1, 
        1, 
        1, 
        1, 
        1, 
        1, 
        1
    ], 
    "phase1": {
        "rmsdiffs": [
            9.038762580174671, 
            6.316010477338697, 
            6.4368918562655315, 
            6.478492231166818, 
            5.9837518361986675, 
            7.257417784932649, 
            7.041142028001979, 
            6.3252066394730075, 
            6.178151437770224, 
            6.121982088637088, 
            6.82373517721799, 
            6.930596297706478, 
            6.821171688976773, 
            5.305156733710285, 
            5.5251048220308245, 
            5.580209711542308, 
            7.5446983415151125, 
            6.164419675986226, 
            5.951650598514386, 
            7.663069645382272, 
            7.5216239467233486, 
            6.121422908051694, 
            4.285366123608399, 
            4.352706330836824, 
            6.031266462300913, 
            5.895246406048035, 
            6.986431711830214, 
            5.344013731702414, 
            6.907735237608877, 
            6.943392494266336, 
            4.734364844464502, 
            6.40497418337448, 
            6.6047664605779985, 
            6.9093709074739476, 
            5.740866019443699, 
            5.940408135486651, 
            6.431272341269385, 
            6.1219245021502715, 
            6.134795830475175, 
            6.195943810875054, 
            4.905100008492667, 
            5.358890723286169, 
            4.847892637248078, 
            5.019649759169994, 
            4.302952321009405, 
            5.522418462547678, 
            5.39965115452186, 
            5.515259993189724, 
            6.507837571784059
        ], 
        "shift_vectors": [
            [
                -11, 
                14
            ], 
            [
                -1, 
                0
            ], 
            [
                -1, 
                0
            ], 
            [
                -1, 
                0
            ], 
            [
                -1, 
                0
            ], 
            [
                -2, 
                -1
            ], 
            [
                0, 
                1
            ], 
            [
                0, 
                1
            ], 
            [
                0, 
                1
            ], 
            [
                0, 
                -1
            ], 
            [
                0, 
                -1
            ], 
            [
                0, 
                -1
            ], 
            [
                1, 
                -2
            ], 
            [
                2, 
                -3
            ], 
            [
                1, 
                -2
            ], 
            [
                0, 
                -1
            ], 
            [
                2, 
                -3
            ], 
            [
                1, 
                -2
            ], 
            [
                0, 
                -1
            ], 
            [
                2, 
                -3
            ], 
            [
                2, 
                -3
            ], 
            [
                0, 
                -1
            ], 
            [
                0, 
                -1
            ], 
            [
                0, 
                -1
            ], 
            [
                0, 
                -1
            ], 
            [
                0, 
                -1
            ], 
            [
                0, 
                -1
            ], 
            [
                0, 
                1
            ], 
            [
                -1, 
                2
            ], 
            [
                -1, 
                2
            ], 
            [
                0, 
                1
            ], 
            [
                0, 
                -1
            ], 
            [
                -1, 
                2
            ], 
            [
                0, 
                1
            ], 
            [
                0, 
                1
            ], 
            [
                0, 
                1
            ], 
            [
                0, 
                1
            ], 
            [
                0, 
                1
            ], 
            [
                0, 
                1
            ], 
            [
                0, 
                -1
            ], 
            [
                0, 
                -1
            ], 
            [
                0, 
                -1
            ], 
            [
                0, 
                -1
            ], 
            [
                0, 
                -1
            ], 
            [
                0, 
                -1
            ], 
            [
                0, 
                -1
            ], 
            [
                0, 
                -1
            ], 
            [
                0, 
                -1
            ], 
            [
                0, 
                1
            ]
        ], 
        "stand_dev": [
            53.563171611974624, 
            53.84973604701092, 
            54.41225899862418, 
            55.09420138775117, 
            55.43041136171468, 
            55.65435563258141, 
            55.97600114515048, 
            56.06172766237932, 
            56.19250393350583, 
            56.304973780231464, 
            56.32098250935841, 
            56.25126032384443, 
            56.16461762022374, 
            56.07712711679308, 
            55.903439323955986, 
            55.771732853512, 
            55.74067055978741, 
            55.66012899697518, 
            55.57104692031499, 
            55.498398700360404, 
            55.43773425951342, 
            55.42583809718908, 
            55.37263761119664, 
            55.40662251121354, 
            55.372105869999594, 
            55.26986538520875, 
            55.19534030872897, 
            55.10090179656755, 
            55.12364960624907, 
            55.02871403537124, 
            55.014555661222246, 
            55.10254203240825, 
            55.047426228145184, 
            54.966082030876166, 
            54.920392952520324, 
            54.88793284301411, 
            55.07657743835005, 
            54.95575805319789, 
            54.84314858829978, 
            54.74051482136992, 
            54.679819586382536, 
            54.63900701039468, 
            54.654055684962756, 
            54.6287531823883, 
            54.70633117245764, 
            54.70345056215429, 
            54.75596029722806, 
            54.672785758568565, 
            54.85224431295756
        ]
    }
}