{"phase1": {"shift_vectors": [[-1, 0], [-3, 0], [-4, -1], [-3, 0], [-7, 0], [-3, 0], [-3, 0], [-5, 0], [-4, 1], [-6, -1], [-3, 0], [-2, 1], [-3, 0], [-3, 0], [-6, 1], [-3, 0], [-3, 2], [-6, 1], [1, 0], [-6, 1], [-3, 0], [-6, -1], [-3, 0], [1, 0], [-6, -1], [-6, -1], [-4, -1], [-4, -1], [-1, 0], [-13, -2], [-4, -1], [-3, 0], [-4, -1], [-7, 0], [-3, 0], [-3, 0], [-5, 0], [-3, 0], [-7, 0], [-5, 0], [-5, 0], [-10, 1], [-1, 0], [-11, 0], [-6, 1], [-12, 1], [-6, 1], [-1, 0], [-10, 1], [-11, 0], [-5, 0], [-5, 0], [-1, 0], [-12, -1], [-4, -1], [-4, -1], [-4, -1], [-6, -1], [-4, -1], [-4, -1], [-4, -1], [-4, -1], [-7, 0], [-3, 0], [-3, 0], [-10, -1], [0, 1], [-7, 0], [-5, 0], [-9, 0], [0, -1], [0, 1], [-7, 0], [-7, 0], [-3, 0], [-3, 0], [-1, 0], [-11, 0], [-5, 0], [-5, 0], [-5, 0], [-9, 0], [-5, 0], [-5, 0], [-5, 0], [-5, 0], [-9, 0], [-5, 0], [-3, 0], [-7, 0], [1, 0], [-7, 0], [-3, 0], [-7, 0], [-3, 0], [1, 0], [-9, 0], [-10, -1], [-5, 0], [-6, -1], [1, 0], [-14, -1], [-5, 0], [-5, 0], [-5, 0], [-11, 0], [-5, 0], [-6, 1], [-6, 1], [-5, 0], [-10, 1], [-5, 0], [-5, 0], [-10, 1], [1, 0], [-9, 0], [-3, 0], [-5, 0], [0, 1], [1, 0], [-5, 0], [-5, 0], [-5, 0], [-5, 0], [0, 1], [-7, 0], [-3, 0], [-3, 0], [-3, 0], [-7, 0], [-3, 0], [-3, 0], [-3, 0], [-7, 0], [1, 0], [-5, 0], [-5, 0], [-7, 0]], "stand_dev": [65.83039797186568, 65.71540831309704, 65.86549090983729, 66.3304559801676, 67.08936578091117, 67.25988186843968, 67.58392727475982, 67.63775225207311, 67.73430867118708, 67.43637737350753, 67.92467371029544, 68.24138409320945, 68.62459207599592, 68.89001548450744, 69.59547405995087, 70.26585279208904, 70.78908080324968, 71.19108552957563, 71.22748494405714, 71.3388638966632, 71.36336106773446, 71.54768317660604, 71.82037578876887, 71.84641711332154, 72.12348734163204, 72.30881519025945, 72.41732976835469, 72.61937087470628, 72.7150188229373, 72.35131673175714, 72.25388835430252, 72.1555043155225, 72.03441566981824, 71.8089797343607, 72.16376826687923, 71.98743243162255, 72.35135851790288, 72.44862408180241, 72.7883867291094, 73.0822155395949, 73.5182143254201, 72.91697616933526, 73.27910311883832, 72.33082415212309, 72.9155171826953, 72.69446816998266, 73.30182852835361, 73.27449460930973, 74.13137443474457, 74.34872290880132, 74.80242702378416, 74.68885740921141, 74.82904346387184, 75.21828546010461, 75.13019278073875, 74.8261305641853, 74.72649819235089, 74.31897127777422, 74.18764514769231, 73.51624540999663, 73.32986222499947, 72.98394928532603, 72.95690666349951, 72.96959057802233, 72.86961363301235, 72.45624341477603, 72.51288016867417, 72.28175321252547, 72.4726926696446, 72.28235130426339, 72.99533192497958, 72.58132680899067, 72.71369205637664, 72.2088507826203, 72.16441169481358, 71.98939703973838, 72.07558581183211, 71.77000310002953, 71.96863083993499, 71.76447030265456, 71.31309210288963, 70.89583853639554, 71.07503372717736, 71.01068996953127, 70.94942842291306, 70.89146644941009, 70.76506588077497, 70.83847848432909, 70.98461820578679, 71.1000075534724, 71.18818472363529, 70.51409095229661, 70.08484303767497, 69.48070872489194, 69.89671531910123, 69.96016334596065, 70.11149449683823, 69.01578943542826, 68.8170238824192, 68.5067831571139, 68.57490852384156, 68.5296415021428, 68.46192834675955, 68.1074327224411, 67.46078136493368, 65.97290604886932, 65.39972316351862, 64.68812113622711, 64.01154989664404, 63.45975951303069, 61.9811120984695, 61.248617980568994, 61.09955893225798, 61.31703365758468, 61.53479880552221, 62.11846651657174, 63.206653294736796, 65.05853387490376, 66.55402587261248, 66.51320245421725, 67.91027953938912, 68.87164603247837, 69.39472587646333, 70.12370772383699, 69.7443152869125, 72.35874568533171, 73.21007872263677, 73.7632685240416, 74.16664305358381, 75.40711437451144, 76.82145579516607, 77.2291898436309, 78.0586145479765, 78.79647592807146, 79.07955671951004, 79.00552431943314, 79.24493693202459, 79.70308097016608], "rmsdiffs": [7.914577738295158, 5.707523853348563, 5.386720827096368, 4.687273687774808, 6.223334550391892, 5.607856164236476, 5.399101455693156, 4.971783462315156, 4.976065240364284, 5.478176441511252, 5.248511953444439, 5.4080276074084646, 5.311988373286859, 4.544577353793408, 5.512974647763742, 5.59614714772635, 5.358405932913599, 4.985542307621806, 5.410342401687258, 5.614663458547464, 4.698572900529192, 5.453898707869439, 5.529171958184255, 5.377943727311879, 5.933550742969289, 6.15260238740778, 4.799119883339671, 4.842535923138377, 5.313556348074494, 6.3474295010460136, 5.144983267531693, 5.586953964030619, 4.740321861972232, 5.865510815932724, 5.561550053920901, 5.6499229343847075, 5.695376553463281, 5.370268007789998, 6.290606547501982, 5.476549465744252, 4.969079369589235, 5.78451537461125, 5.273990899070424, 5.955098652807571, 5.622602327523507, 6.02048639308707, 5.625158519754156, 5.317243923509342, 6.134508702409733, 6.160883651694996, 5.468795597235232, 5.482003484559674, 5.323099205388589, 6.075390983386571, 5.286571825256973, 4.85251463340137, 5.422954245930498, 6.451931644744447, 5.2532328177588115, 4.999982043029369, 5.471246294056874, 5.448182060054497, 6.237431455918456, 5.541870419958722, 5.614924839424028, 5.999981945706872, 5.482731183053455, 6.3940477603356545, 4.931498825399524, 5.4836126708521515, 7.020846334459196, 5.696268188417155, 5.832485457074551, 5.138682730732318, 4.920406076052371, 5.249474403266763, 5.2389424502346, 5.873357655862879, 5.345042919801784, 4.928130902352956, 4.9782185234822265, 5.413223538944698, 4.902177368999449, 3.9788400293304864, 4.942933306882712, 4.797754377739273, 5.325604790531018, 5.090456048543414, 5.3955303516923605, 4.932198715289713, 5.2483281818664045, 5.173082021604412, 5.149324382990053, 5.749968137222736, 5.558772137025968, 5.31785949698087, 5.8775443325917385, 5.3575554217639185, 4.867795054890145, 5.137808105936183, 5.15302859527324, 6.563115728176788, 5.2571061768173095, 4.739186244938784, 4.862617864220704, 5.447539307617472, 4.965426838856706, 5.400963258475224, 5.462190694486869, 5.359091342522332, 5.524465956211487, 4.7447839390399515, 5.405573336577061, 6.1367422633187285, 5.408494899257209, 6.92520094801967, 6.669945883719711, 7.0756322193558825, 7.2807226532646085, 5.485123571504947, 7.160504278492522, 7.021673109974722, 6.259169651352282, 6.303374021862622, 5.991886052652084, 7.261899255491683, 6.312608963056439, 6.066965967510712, 5.877650301625781, 6.865610779414136, 6.378313242432838, 6.063177975167456, 6.329927958864661, 7.164527829069819, 5.927604743937281, 6.2188787730065, 6.079780539507485, 6.781572932410204]}, "frame_states": [1, 1, 1, 1, 1, 1, 1, 1, 1, 1, 1, 1, 1, 1, 1, 1, 1, 1, 1, 1, 1, 1, 1, 1, 1, 1, 1, 1, 1, 1, 1, 1, 1, 1, 0, 0, 0, 0, 0, 0, 0, 0, 0, 0, 0, 0, 0, 0, 0, 0, 0, 0, 0, 0, 0, 0, 0, 0, 1, 1, 1, 1, 1, 1, 1, 1, 1, 1, 1, 1, 1, 1, 1, 1, 0, 0, 0, 0, 0, 0, 0, 0, 0, 0, 0, 0, 0, 0, 0, 0, 0, 0, 0, 0, 0, 0, 0, 0, 0, 0, 0, 0, 0, 0, 0, 0, 0, 0, 0, 0, 0, 0, 0, 0, 0, 0, 0, 1, 1, 1, 1, 1, 1, 1, 1, 1, 1, 1, 1, 1, 1, 1, 1, 1, 1, 1, 1, 1]}