{"phase1": {"shift_vectors": [[0, 15], [1, 0], [-5, 4], [-3, 2], [2, 1], [4, -1], [2, -1], [3, -2], [2, -1], [1, 0], [1, 0], [3, -2], [2, -1], [-1, 0], [1, 0], [1, 0], [3, 0], [3, -2], [3, -2], [-1, 0], [-1, 0], [5, 2], [3, 2], [3, 2], [2, -1], [1, 0], [1, 0], [1, 0], [-1, 0], [-2, 1], [-1, 0], [-2, 1], [-3, 2], [-2, 1], [-1, 0], [-4, 1], [1, 0], [-2, 1], [-3, 2], [1, 0], [-1, 0], [-2, 1], [1, 0], [1, 0], [1, 0], [-1, 0], [1, 0], [-1, 0], [-3, 0], [-1, 0], [-5, 0], [-12, 1], [-10, 1], [-12, 1], [1, 0], [-18, 1], [-15, 0], [-14, 1], [-21, 0], [-3, 0], [-21, 2], [-22, 1], [-14, 1], [1, 0], [-39, 2], [-30, 1], [-1, 0], [-61, 2], [1, 0], [-30, 1], [-35, 2], [-63, 0], [-37, 0], [-1, 0], [-26, 1], [-1, 0], [-31, 0], [-1, 0], [-1, 0], [63, 0], [1, 0], [-30, 1], [-29, 2], [-30, 1], [-3, 0], [-29, 2], [-33, 0], [-35, 2], [-3, 0], [-29, 0], [-27, -2], [-38, -1], [1, 0], [-23, -2], [-23, -2], [-24, -3], [-10, -1], [1, 0], [-3, -2], [-5, -2], [-2, 1], [-4, -1], [-1, 0], [-5, -4], [2, -1], [1, 0], [1, 0], [2, 1], [1, 0], [-1, 0], [-2, 1], [1, 0], [-1, 0], [-1, 0], [-1, 0], [-3, 0], [1, 0], [-1, 0], [-1, 0], [-6, 1], [-1, 0], [2, 1], [2, 1], [1, 0], [-2, 1], [1, 0], [-2, 1], [-7, 0], [-1, 0], [-5, 0], [1, 0], [-10, 3], [-1, 0], [-5, 2], [-1, 0], [2, 1], [-6, 1], [-1, 0], [-5, 0], [-3, 0], [-1, 0], [-3, 0], [-1, 0], [-1, 0], [1, 0], [1, 0], [-1, 0], [1, 0], [-1, 0], [1, 0], [-1, 0], [-2, -1], [-1, 0], [-1, 0], [-1, 0], [2, -1], [2, -1], [1, 0], [1, 0], [-1, 0], [-1, 0], [1, 0], [1, 0], [3, -2], [2, -1], [2, -1], [1, 0], [2, 1], [-1, 0], [1, 0], [-1, 0], [3, 0], [1, 0], [1, 0], [-1, 0], [-2, -1], [-1, 0], [-1, 0], [-1, 0], [-2, -1], [-1, 0], [-1, 0], [-1, 0], [-1, 0], [-1, 0], [-1, 0], [1, 0], [1, 0], [1, 0], [1, 0], [1, 0], [1, 0], [-1, 0], [-1, 0], [-1, 0], [-1, 0], [-1, 0], [1, 0], [-1, 0], [-1, 0], [-1, 0], [-1, 0], [1, 0], [-1, 0], [-1, 0], [1, 0], [-1, 0], [-1, 0], [-1, 0], [-1, 0], [-1, 0], [-1, 0], [-1, 0], [-1, 0], [-1, 0], [1, 0], [-1, 0], [-1, 0], [1, 0], [1, 0], [-1, 0], [1, 0], [-1, 0], [-1, 0], [-1, 0], [-1, 0], [-1, 0], [-1, 0], [-1, 0], [-1, 0], [2, 1], [1, 0], [2, 1], [1, 0], [1, 0], [1, 0], [-1, 0], [-1, 0], [1, 0], [1, 0], [-1, 0], [1, 0], [1, 0], [-1, 0], [-1, 0]], "stand_dev": [68.81420404281413, 68.82357584349452, 68.96831531268862, 69.17752475967463, 69.17025352978168, 69.44293392611395, 69.40933035400623, 69.42713169515, 69.6798639257822, 69.8652190652127, 69.7741050822105, 70.23485763686853, 70.30378079353656, 70.56426127905581, 70.58546635971365, 70.58954814854235, 70.95290521033763, 70.64432871959036, 70.90232730236535, 70.74711763572807, 70.73740838682363, 70.81374232047501, 70.9082192728324, 70.90752674761995, 70.83522836923616, 70.83730307819977, 70.18352479669718, 70.02089938186266, 69.94667707359062, 69.90323622940952, 69.83742705519207, 69.78116476468355, 69.67320243975271, 69.60439625585923, 69.39159190814262, 69.16332409307552, 69.53728172875061, 69.51847882918553, 69.49040075578218, 69.48935543902734, 69.8323123464899, 69.96648957973656, 70.12540452793347, 70.44388482130749, 70.45442327317517, 70.5589123129621, 70.54042511055793, 70.64480998400897, 70.27491528329344, 70.27703613381588, 69.90175672004425, 68.67471182576425, 67.1669659427893, 66.69853630567218, 66.67588677705768, 67.2582701216152, 68.89258443023047, 67.40590800541618, 67.10931174044987, 66.84674815678873, 66.15735889414456, 65.74501478379815, 65.7790344418502, 65.7801903987349, 62.72770323525165, 63.72683284969507, 63.29429511069114, 64.3392020796514, 64.35029353892148, 63.14840432366499, 64.23589150560494, 65.52488081262082, 65.01208592717738, 65.03926817948548, 65.96879033534425, 67.90389774732041, 68.74886751402843, 70.93964592712722, 70.92611824978917, 77.29096155041572, 75.80523982411295, 78.4735734086592, 79.0035441290588, 80.73933814402162, 78.97949008725139, 79.01940370964037, 77.15681930670532, 74.6714188425006, 75.4056232714018, 72.70255895965033, 71.88048762068148, 69.50207967480208, 69.47774291415885, 67.8659319430246, 67.22156729319602, 69.561529775359, 69.82382339693147, 69.85309452360686, 71.56352782347187, 70.83510662656755, 70.73478544571921, 70.4173482983859, 70.4337755062322, 70.19991364145915, 70.48800888795839, 70.75184130528494, 71.58961717105173, 72.23200265007681, 72.64132358847549, 72.49203102730253, 72.85528451114264, 72.88880026116618, 72.7242115618268, 72.70495174625808, 72.80896739215969, 72.66835419306693, 72.6732944459519, 72.63359204198639, 72.48770663068052, 72.45501862264294, 72.58206759763252, 72.77156909681193, 73.05885157510673, 73.43718552982267, 73.59168741825017, 73.61302329417848, 73.89854558469911, 74.29959077023925, 74.20766663848886, 74.65972266855812, 74.65855071641633, 75.54247350321315, 75.57721572264316, 75.64270519734214, 75.68031212025714, 76.71173005830732, 76.73231663932343, 76.52410224388932, 76.19431221921676, 75.81509323036003, 75.60459490094779, 75.47741096490613, 75.33575627858187, 75.19631749007452, 75.22347363724909, 75.27766349615356, 75.16797388210485, 75.4499683111848, 75.46392594155685, 75.47643662715477, 75.53865529533716, 75.34405648544873, 75.17614423345249, 75.04083817326081, 75.03791061103735, 74.79747340365842, 74.72496967611683, 74.74647916276092, 74.80485001968518, 74.68333923783294, 74.60990102922354, 74.67272497759721, 74.54295391618477, 74.28580433488878, 73.97437423094391, 73.91120907190968, 73.82186127712413, 74.0128442168664, 73.97582596534039, 73.99469793400213, 73.9674891446379, 74.10994737780388, 74.08198432421425, 74.10981588462779, 74.19128129883973, 73.9475993980746, 73.89900724783234, 73.85880535570978, 73.86089440964645, 73.42261451382383, 73.00635491962771, 72.82159832193844, 72.79503970516595, 72.70806490427506, 72.6482444604348, 72.75275540941792, 72.76093229210628, 72.92086238226555, 73.10031200187036, 73.34409724648805, 73.41762697135421, 73.5151774333342, 73.4933054899938, 73.48084098641912, 73.44862893353701, 73.31810314293581, 73.33941249405683, 73.34936370688867, 73.14517642695564, 72.96519372008395, 72.97343107390809, 72.9657261937089, 72.94878859212683, 72.83181893147268, 72.78232614678733, 72.8237491933205, 72.79402907487939, 72.84236059796989, 73.05080818490471, 73.08246648283924, 73.08108162954667, 73.07653485429462, 73.04889806118943, 73.10996511944204, 73.08337388501717, 73.14497537707959, 73.07112644431177, 72.9570166980492, 72.67957759507485, 72.64861170737751, 72.41045604726719, 72.39903546476022, 72.31559345518066, 72.33483711789329, 72.46846246116934, 72.53935504144357, 72.5337904029658, 72.40608826570312, 72.1710986600008, 72.16395506704878, 72.77290525977489, 72.86568423892922, 73.36539006336875, 73.61821153216755, 73.78252061867558, 73.90901680299687, 73.8045752877933, 73.60663800508318, 73.4223417812059, 73.44367970251662, 73.4281758326024, 73.56620979976198, 73.69701553136622, 73.59962736290841, 73.55158190770035],