{"phase1": {"shift_vectors": [[-62, -1], [1, 0], [-6, -1], [-1, 0], [-7, 0], [-4, 1], [-3, 0], [-1, 0], [-2, -1], [-3, 0], [-2, -1], [-2, -1], [-3, 0], [-2, -1], [-3, 0], [-1, 0], [-2, 1], [-3, 0], [-4, 1], [-1, 0], [1, 0], [-3, 0], [-2, 1], [1, 0], [-3, 0], [-1, 0], [-3, 0], [-1, 0], [-1, 0], [-3, 0], [-2, -1], [-3, -2], [-1, 0], [-1, 0], [-2, -1], [-1, 0], [-1, 0], [-1, 0], [-1, 0], [1, 0], [-1, 0], [1, 0], [-3, 0], [-1, 0], [1, 0], [-3, 0], [-13, 2], [-25, 6], [-1, 0], [1, 0], [-61, 2], [-45, 2], [-3, 0], [-53, 2], [-50, 1], [-53, 2], [-17, 0], [-2, 1], [1, 0], [-58, 1], [1, 0], [-3, -2], [-41, 0], [1, 0], [-45, 0], [-21, 0], [-63, 0], [-38, 1], [-1, 0], [-28, 1], [-53, 2], [-13, 2], [-14, 1], [-1, 0], [3, 2], [1, 0], [1, 0], [-1, 0], [1, 0], [-1, 0], [-1, 0], [-1, 0], [-5, 0], [3, 0], [-5, -2], [-1, 0], [-2, -1], [1, 0], [-1, 0], [-1, 0], [-1, 0], [-2, -1], [1, 0], [-2, -1], [-1, 0], [-2, -1], [-2, -1], [-1, 0], [-1, 0], [1, 0], [1, 0], [-2, -1], [1, 0], [-2, -1], [-1, 0], [-1, 0], [-1, 0], [-1, 0], [-3, 0], [1, 0], [1, 0], [-1, 0], [-4, 1], [-4, -1], [-2, -1], [-4, -1], [1, 0], [-3, -2], [1, 0], [-1, 0], [-1, 0], [1, 0], [-1, 0], [-4, -3], [-2, -1], [-3, -2], [1, 0], [-4, -3], [-2, -1], [-1, 0], [-2, -1], [1, 0], [5, 4], [2, 1], [2, 1], [1, 0], [1, 0], [3, 2], [2, 1], [-8, 1], [1, 0], [1, 0], [5, 4], [6, 5], [5, 4], [1, 0], [2, 1], [4, 3], [3, 2], [-1, 0], [1, 0], [1, 0], [-2, -1], [-5, 2], [1, 0], [1, 0], [-1, 0], [-3, 0], [-2, -1], [-1, 0], [-1, 0], [-3, -2], [-3, -2], [-1, 0], [-1, 0], [-1, 0], [-1, 0], [-4, -1], [2, 1], [1, 0], [1, 0], [-2, -1], [-1, 0], [-1, 0], [1, 0], [-1, 0], [-1, 0], [-2, 1], [1, 0], [1, 0], [2, 1], [1, 0], [2, 1], [-2, -1], [-1, 0], [1, 0], [2, 1], [1, 0], [-1, 0], [1, 0], [3, 0], [-1, 0], [1, 0], [1, 0], [-1, 0], [-2, -1], [-1, 0], [-1, 0], [1, 0], [-1, 0], [1, 0], [-2, -1], [2, 1], [-2, -1], [-1, 0], [-1, 0]], "stand_dev": [60.74194630986681, 60.765691042811284, 60.636808212966855, 60.48658483276575, 59.285549789238225, 60.09643916525612, 59.41613744561016, 60.123759111357685, 60.13272870107299, 60.713389253723946, 60.79753077433962, 61.01729103020859, 61.072547255510806, 60.77212111328293, 61.20051022230441, 61.223340891571134, 61.13929006327122, 61.19483577804413, 61.52082407826218, 61.45035524862987, 61.44997704545978, 61.57868093278547, 61.164904109435696, 61.043946096543685, 60.7779703574165, 60.77946493982212, 60.72291473498479, 60.88511674110983, 60.99789597607048, 61.12630200199068, 60.865961952782406, 60.562922644604775, 60.69457329224051, 60.906735168426636, 61.08812754529908, 61.00590305087413, 61.21072297282206, 60.93120276269577, 60.72906148539386, 60.753894473880656, 60.81743748127222, 60.99972789874683, 61.406659891358196, 61.768170641757614, 61.7609818953743, 61.41950016790222, 56.53292293625908, 60.777867257752824, 56.3364288446754, 56.32734285302255, 55.20649636032446, 54.89562119748901, 55.99423601591397, 52.11087945913649, 54.49063825947389, 50.31459728046021, 53.626066120139726, 47.63677981491817, 46.19739966974961, 48.88025545858407, 48.98213978005652, 53.90426598522103, 60.62589725874962, 60.6440122773594, 60.64323331332611, 62.629082026421685, 62.951866640753366, 67.20547117132442, 67.19812267087259, 68.99819257317071, 68.83607717728074, 68.93300246605054, 71.59624663919857, 71.61243292604657, 72.09177005266699, 72.76620050244577, 73.262078874766, 73.2836095094989, 73.31972411064928, 73.53703833547543, 73.57992521755342, 73.71662793347083, 73.51977217844322, 73.81037075714704, 73.64736485724795, 73.64071904860154, 73.49983250832112, 73.5178392680461, 73.74709448220337, 73.82386241714158, 73.75288001292594, 73.78572620205195, 73.79297635316964, 73.90966950446911, 73.66840069252274, 73.66051547461319, 73.43977469476977, 73.43700318697059, 73.65350963695779, 73.54161149976623, 73.04736270833686, 72.99367794794753, 73.03064846922047, 72.60721759725993, 72.30553749884268, 71.96672899494848, 71.9342117819416, 71.97177247638889, 72.32631655666977, 71.77170798335062, 72.40834020683832, 72.11129473183207, 71.61367435238587, 71.85123192361502, 71.78478648983534, 71.34613967472262, 71.3474739226243, 71.1199614914706, 71.29212524978102, 71.25625372830898, 71.2179697751889, 71.21071179095618, 71.28225600389733, 70.84998102409315, 70.47838855137405, 69.90235479193554, 69.89901121789657, 69.380893266712, 69.42216792553381, 69.28969989182295, 69.26107555640468, 68.98930881841224, 69.97286619249088, 70.45021873640404, 70.21346922952551, 70.67091447292967, 70.59620028249451, 71.1168682639658, 71.10193025645879, 70.61868768820871, 70.60461325088254, 71.01980887186802, 71.98507723828477, 72.34804874138142, 72.01959154901398, 72.00680477282387, 72.80695472007724, 72.91217971358817, 73.72386197959716, 73.83130303302977, 73.81883764264433, 74.04567937080118, 73.46379817410073, 73.83125502380516, 73.93062848528318, 74.22058204402609, 74.01956006724238, 74.30189874842158, 74.28385182676912, 74.28357418434562, 74.26249069938538, 72.90341370663704, 73.31272065085712, 73.43116952821806, 73.44879454251267, 73.22352578447811, 73.21611119093201, 73.19998235055996, 73.44079344426524, 73.43700223118685, 73.076347306909, 73.19335738453375, 73.18427451497668, 73.11244196598592, 73.1192086972121, 73.17899763833407, 73.01161809848458, 73.01229397045115, 72.92623769844623, 72.9768782434212, 73.17980892821062, 73.23120580883472, 73.67125946446447, 73.52400047827115, 73.53305011640563, 73.53946758343452, 73.74526471673389, 73.83419532634457, 73.82986924657204, 73.92779328241733, 73.982157320394, 73.97948271219529, 73.92229869132775, 73.92532927128231, 73.73236611195493, 73.24010450183562, 73.11343057106238, 73.13617530899654, 73.13997189186436, 72.88401777432998, 72.83061729044321, 72.63489441768473, 72.92610644919968, 72.84039361593803, 72.84276442572904, 72.91966399281237],