{"phase1": {"shift_vectors": [[63, 0], [-1, 0], [-1, 0], [1, 0], [1, 0], [1, 0], [-1, 0], [1, 0], [2, -1], [1, 0], [1, 0], [4, -1], [1, 0], [1, 0], [1, 0], [-1, 0], [-2, -1], [-1, 0], [-2, -1], [-3, -2], [-3, -2], [-2, -1], [-1, 0], [3, -2], [3, -2], [3, -2], [4, -3], [4, -3], [4, -3], [3, -2], [3, -2], [3, -2], [3, -2], [1, 0], [-1, 0], [-4, -3], [-2, -1], [-1, 0], [-2, -1], [-4, -1], [-4, -1], [-4, -1], [-2, -1], [-2, -1], [-1, 0], [2, -1], [2, -1], [-2, -1], [-2, -1], [-1, 0], [-1, 0], [-1, 0], [2, 1], [4, 3], [4, 3], [4, 3], [2, 1], [2, 1], [2, 1], [4, 1], [1, 0], [1, 0], [1, 0], [1, 0], [1, 0], [2, -1], [-1, 0], [2, -1], [-1, 0], [-1, 0], [-1, 0], [-1, 0], [2, -1], [2, -1], [2, -1], [-1, 0], [-1, 0], [-1, 0], [1, 0], [1, 0], [1, 0], [1, 0], [-1, 0], [-3, -2], [-2, -1], [-2, -1], [-2, -1], [-3, -2], [-3, -2], [-3, -2], [-2, -1], [-2, -1], [-2, -1], [-2, -1], [-1, 0], [-1, 0], [-1, 0], [1, 0], [-1, 0], [1, 0], [1, 0], [-1, 0], [1, 0], [1, 0], [2, 1], [1, 0], [2, 1], [4, 1], [3, 0], [3, 0], [3, 0], [3, 0], [3, 0], [4, 1], [5, 2], [5, 0], [5, 0], [4, 1], [4, 1], [3, 0], [3, 0], [3, 0], [3, 0], [3, 0], [4, -1], [3, 0], [3, -2], [3, -2], [3, 0], [3, 0], [4, -1], [7, 0], [5, 0], [4, -1], [4, -1], [3, 0], [5, 0], [5, 0], [6, -1], [6, -1], [6, -1], [5, -2], [5, -2], [5, -2], [6, -3], [6, -1], [6, -1], [6, -1], [6, -1], [6, -1], [6, -1], [6, -1], [6, -1], [6, -1], [6, -1], [11, -2], [5, 0], [5, 0], [5, 0], [5, 0], [5, 0], [5, 0], [4, -1], [4, -1], [4, -1], [4, -1], [4, -1], [4, -1], [3, 0], [2, -1], [1, 0], [2, -1], [2, -1], [3, 0], [2, -1], [1, 0], [-1, 0], [-1, 0], [-1, 0], [2, 1], [1, 0], [1, 0], [1, 0], [1, 0], [1, 0], [-1, 0], [-1, 0], [-1, 0], [-1, 0], [1, 0], [-1, 0], [-1, 0], [-2, 1], [-2, 1], [-3, 0], [-3, 0], [-3, 0], [-3, 0], [-3, 0], [-3, 0], [-3, 0], [-3, 0], [-3, 0], [-7, 0], [-3, 0], [-3, 0], [-3, 0], [-3, 0], [-3, 0], [-3, 0], [-3, 0], [-3, 0], [-3, 0], [-3, 0], [-3, 0], [-3, 0], [-3, 0], [-3, 0], [-3, 0], [-3, 0], [-3, 0], [-2, -1], [-2, -1], [-1, 0], [-1, 0], [-2, -1], [-1, 0], [-2, -1], [-1, 0], [-1, 0], [-1, 0], [-1, 0], [-2, 1], [1, 0], [-1, 0], [-1, 0], [-1, 0], [-1, 0], [1, 0], [-1, 0], [-1, 0], [-1, 0], [-1, 0], [-1, 0], [-1, 0], [-1, 0], [-1, 0], [-1, 0], [-1, 0], [-1, 0], [-1, 0], [-2, 1], [-1, 0], [-1, 0], [1, 0], [-1, 0], [1, 0], [1, 0], [1, 0], [2, 1], [2, 1], [2, 1], [2, 1], [2, 1], [1, 0], [1, 0], [2, 1], [2, 1], [2, 1], [2, 1], [2, 1], [1, 0], [1, 0], [1, 0]], "stand_dev": [83.4768577935424, 83.0799393832016, 83.34523662876119, 83.60903521445968, 84.1798899861412, 84.60491061962034, 84.59321315754097, 84.76740484936336, 84.88383012930211, 84.76510629867832, 84.63516415444872, 84.64795304575004, 84.672515427682, 84.68444245428043, 85.04783069438665, 85.14918444328669, 85.25523456764245, 85.35384320269783, 85.41573905068438, 85.41521359286784, 85.36706923418845, 85.24295333248585, 85.29326134299812, 85.51872624688579, 85.60290884384777, 85.61485107753207, 85.84182082966646, 85.99013033785282, 86.34149906402915, 86.64057541415379, 86.64929485938225, 86.58402849549213, 86.55702191426849, 86.48515089885514, 86.61702043554826, 86.59425812206847, 86.58338053214914, 86.33376261720684, 86.44175508707175, 86.5767318435626, 86.72266726386817, 86.91728420040414, 87.04441021946927, 86.97991713375646, 86.86277310261723, 86.82245587183674, 86.77378968162338, 86.66771532694973, 86.79665159431663, 86.70833325020668, 86.6167341456809, 86.55562099111295, 86.54480906071565, 86.91433181767377, 87.18522301535533, 87.46215841020958, 87.6451720297599, 87.76275331539541, 87.70314238463057, 87.82755825636306, 87.91308244107742, 87.85222014692653, 87.67077158078403, 87.57735589152854, 87.62574718833078, 87.61309457533265, 87.5868098348547, 87.62071293362834, 87.4882709310241, 87.48650299066291, 87.40879895822972, 87.32321679129903, 87.4554779876305, 87.47037795141524, 87.74341870794876, 87.57012344566657, 87.40050359977283, 87.33831457845714, 87.22104230145449, 87.13491317048405, 86.94149435444653, 86.7974454574461, 86.7591713793436, 86.83119302105331, 86.9262188155709, 87.30484480316724, 86.99620180494658, 86.43421751533408, 86.30377768454834, 86.08816975777164, 85.95785591738255, 85.76492072476587, 85.68730490999452, 85.77339635112382, 85.4100459461468, 85.72493485158309, 85.62017784436024, 85.90585012716734, 85.58935129420946, 85.39289440218319, 85.38711923373074, 85.24620162421226, 85.24550436601923, 85.30166639113935, 84.97632791085711, 85.0386961486279, 85.11206523543017, 85.90063700184757, 86.03498239208372, 86.02546208467676, 86.06514787479993, 86.05676286010132, 86.13708177760694, 86.41090093425656, 86.58861047532432, 86.73083512880844, 86.95513210610797, 87.20768961329912, 87.22327667412114, 87.23268584119124, 87.34499362308328, 87.24279864823498, 87.36293811773575, 87.45846570997332, 87.47927005152026, 87.55659002754423, 87.57516116667423, 87.6958234604947, 87.81139700126631, 87.9278190967881, 87.9718258738037, 88.14911174154601, 88.02482655444548, 87.98636467889561, 88.19547783813502, 88.42983107863033, 88.52736201275279, 88.58528809455315, 88.67764157028505, 88.9213256002026, 89.5464597658587, 90.08312410036102, 90.59851263477572, 91.04724385579468, 91.52170920023045, 91.62141120555088, 91.71584937818959, 91.85550836076166, 92.03841264998199, 92.16825088529589, 92.13051221819569, 91.89422185402981, 91.55181087803322, 91.35279087639015, 91.0958568835996, 91.28460840163126, 91.59706727003422, 91.76594363069474, 91.7984787112088, 91.83974923412926, 91.82840087771378, 91.94614043501446, 92.10365774855075, 92.2582598558558, 92.19323727901582, 92.12790643939753, 92.0106575570949, 91.93303146392523, 91.94269585041273, 91.98491230238132, 91.98837927475111, 91.92831366126609, 91.92192239799446, 92.02359757317029, 92.16080046967255, 92.27949915601194, 92.24024664437967, 92.29684368040208, 92.26559331557452, 92.046781157193, 92.15339908891498, 92.18736237236106, 92.25067697283353, 92.31189295216663, 92.35995562855982, 92.62932768740964, 92.76367301023348, 92.72377584183485, 92.5953689390251, 92.41398240766708, 92.41701102975536, 92.43608065067896, 92.62633294355904, 92.59877202619474, 92.62439741330196, 92.55573749842307, 92.5641676021926, 92.54652293513934, 92.62788873926038, 92.76208927618502, 92.92184105414644, 93.06995584470052, 93.05512884827995, 93.04659271921729, 92.98752380811257, 92.75729852608046, 92.6631173198358, 92.5834844421189, 92.41566292399895, 92.2305625882879, 91.91637858110403, 91.74383224608111, 91.62502250554223, 91.40450297680212, 91.20927671357123, 91.08012470257312, 90.98626274126507, 91.06587383493748, 91.18248448586009, 91.24298398158884, 91.26405895305805, 91.24739625772968, 91.13274365385291, 91.13405925512635, 91.05128514437723, 90.92484309737493, 90.63489383237192, 90.3615606732046, 90.53483256485472, 90.5548371379044, 90.47451179006475, 90.46854378284168, 90.49640589954082, 90.46431619437523, 90.29451428100766, 90.08564361471029, 90.07971927108848, 90.21640469343147, 90.36147840917886, 90.56575675842463, 90.76510174660237, 90.71784326329133, 90.73134956309262, 90.66021193928538, 90.65370685102808, 90.71069207411055, 90.67729757473066, 90.67017063389709, 90.47574733663004, 90.37817828887208, 90.39554930012116, 90.32777967161701, 90.41838819120176, 90.2945290297968, 90.28199113652043, 90.26419605285727, 90.40652985804465, 90.64142543320365, 90.85354036269841, 91.14670476193106, 91.44574813146319, 91.71302780234355, 91.78800123233624, 91.78679968842795, 91.96269152434499, 91.94796070882563, 91.87638948543096, 91.86062834120875, 91.74755293136514, 91.69190442651515, 91.72385199172565, 91.90014291348119, 91.89557655488181, 91.92997846617153],