{"phase1": {"shift_vectors": [[-29, 18], [3, 0], [2, -1], [1, 0], [2, -1], [2, -1], [1, 0], [1, 0], [1, 0], [1, 0], [-1, 0], [-1, 0], [-1, 0], [-1, 0], [1, 0], [2, 1], [2, 1], [1, 0], [1, 0], [1, 0], [1, 0], [-1, 0], [1, 0], [1, 0], [1, 0], [-1, 0], [-1, 0], [-1, 0], [-1, 0], [1, 0], [1, 0], [1, 0], [1, 0], [1, 0], [1, 0], [-1, 0], [1, 0], [1, 0], [1, 0], [1, 0], [1, 0], [1, 0], [-1, 0], [1, 0], [-1, 0], [-1, 0], [1, 0], [-1, 0], [1, 0], [1, 0], [-1, 0], [-1, 0], [-1, 0], [1, 0], [1, 0], [1, 0], [-1, 0], [-1, 0], [-1, 0], [-1, 0], [1, 0], [1, 0], [1, 0], [-1, 0], [-1, 0], [1, 0], [-1, 0], [1, 0], [-1, 0], [1, 0], [1, 0], [1, 0], [1, 0], [1, 0], [1, 0], [1, 0], [1, 0], [-1, 0], [1, 0], [-1, 0]], "stand_dev": [83.35204587915155, 83.4827630890809, 83.47740713155625, 83.722667847679, 83.85980429879682, 84.21286344188185, 84.25014262472293, 84.0870008926263, 84.11960478094853, 83.97871210999058, 83.8118779094648, 83.67766018876519, 83.62544473958621, 83.66742055770531, 83.4732320632916, 83.69504692334242, 83.82363465597652, 83.96380806485107, 84.0852590688478, 84.20565611971831, 84.09974903067074, 84.09486921453889, 84.0374486007984, 84.12424638154539, 84.39905256731295, 84.56601547511181, 84.46682056521136, 84.5823789209022, 84.66523941418652, 84.9235416119258, 84.95949966581311, 85.12769563367044, 85.09341656035349, 85.21612604096511, 85.47739310309574, 85.58345691242688, 85.61461092582398, 85.58434343690992, 85.32268480236552, 85.09135984126375, 84.83022947390656, 84.7587723417051, 84.77816746493373, 84.93534809096839, 85.11971865655846, 85.45239887757369, 85.38828701881222, 85.60761166521345, 86.0084631942149, 86.399909181896, 86.58200240549711, 86.72117981687198, 86.69512093980438, 86.73068990859876, 86.60365312044678, 86.64682162326227, 86.6875413998753, 86.71855708893536, 86.73760268989426, 86.75552334523707, 86.96232787635196, 86.87206299315243, 86.61115144783433, 86.60870099211141, 86.41512935396476, 86.34077853516048, 86.1961903431488, 86.08236412841407, 85.71443510669786, 85.61907420337782, 85.60049571783254, 85.57693767890929, 85.81743346079142, 85.93872675269517, 85.70476188158919, 85.48618419450295, 85.49401086136746, 85.42525488086454, 85.4563161137908, 85.58682175482275], "rmsdiffs": [8.06875774824182, 5.8877846596280214, 5.487359166848725, 5.6009790143304965, 5.574764852528967, 6.048233201456118, 5.69472402840506, 5.932966483005915, 6.646756261923943, 6.639723201090381, 5.1802109309867745, 6.1707348872610845, 6.452256004415328, 6.721991356503286, 6.8921927813592045, 5.996596456382261, 5.892264120772639, 5.314760877549709, 4.683151449008329, 5.008862776314175, 5.549343161922644, 6.587433764589339, 5.474091297620968, 5.406963943413758, 6.082857578526714, 6.537711450785874, 6.481484872195253, 6.604928001136066, 6.7568055300020315, 6.7375463921108505, 6.7546013348815634, 6.840142223977202, 6.598919928169821, 5.73090487929474, 6.2643509384080645, 6.872140653554222, 6.508666293129421, 6.157279013883312, 5.393860539998433, 5.450819062051736, 5.9813067347869495, 6.175806364048184, 6.753504921552886, 6.878351840956644, 7.305903197188628, 7.2575723889875565, 6.871846821207032, 7.01751571889177, 6.321427185558622, 6.871279996082186, 7.163783676041628, 7.122507129328678, 7.018880256539678, 5.408768166869615, 6.350928938579767, 6.897226641946301, 6.91632145878867, 6.523786779844851, 6.328153168012212, 6.621741890027609, 6.397445450663077, 5.819819281573879, 6.10140216089599, 6.381740574717664, 6.369659774333173, 6.960016031676174, 6.241019978923773, 6.813646782202131, 6.979626685062836, 6.6760526650280765, 6.756261867470775, 6.387867510382744, 6.925163217218468, 6.964967483028566, 7.013512865855957, 6.914547852525769, 6.675514473012165, 5.310135549902439, 6.729866061110494, 5.828888313146526]}, "frame_states": [0, 0, 0, 0, 0, 0, 0, 0, 1, 1, 1, 1, 1, 1, 1, 1, 1, 1, 1, 1, 1, 1, 1, 1, 1, 1, 1, 1, 1, 1, 1, 1, 1, 1, 1, 1, 1, 1, 1, 1, 1, 1, 1, 1, 1, 1, 1, 1, 1, 1, 1, 1, 1, 1, 1, 1, 1, 1, 1, 1, 1, 1, 1, 1, 1, 1, 1, 1, 1, 1, 1, 1, 1, 1, 1, 1, 1, 1, 1, 1]}