{"phase1": {"shift_vectors": [[13, 0], [1, 0], [-1, 0], [1, 0], [-1, 0], [-1, 0], [6, -1], [1, 0], [-1, 0], [-1, 0], [-1, 0], [-1, 0], [-3, 0], [1, 0], [1, 0], [-1, 0], [-3, 0], [-1, 0], [-1, 0], [-1, 0], [2, 1], [1, 0], [-3, 0], [3, 0], [-1, 0], [-1, 0], [-1, 0], [2, -1], [-1, 0], [-2, -1], [2, -1], [-1, 0], [-3, 0], [-2, 1], [-1, 0], [-2, 1], [-2, 1], [1, 0], [-3, 0], [1, 0], [2, 1], [1, 0], [-2, -1], [1, 0], [-1, 0], [-1, 0], [1, 0], [1, 0], [-3, 0], [-3, 0], [1, 0], [1, 0], [-2, 1], [-1, 0], [2, -1], [-2, -1], [-3, 0], [-1, 0], [3, 0], [-2, 1], [1, 0], [1, 0], [2, 1], [-3, 0], [3, 0], [3, 0], [1, 0], [-1, 0]], "stand_dev": [70.63910932585772, 70.54692650902328, 70.48823283876301, 70.49453060447284, 70.68559816148982, 70.59952869997993, 70.61227903383632, 70.43356730891614, 70.40188224488642, 70.4749267430256, 70.46871532148191, 70.50923669190347, 70.55522098459973, 70.55775566247618, 70.5734084637848, 70.5691556631079, 70.55169349762083, 70.57239378991548, 70.68347382962348, 70.46879152437866, 70.4851761040631, 70.55122780307246, 70.57299194830688, 70.58135685524871, 70.64244458408385, 70.59755764426167, 70.63616002342094, 70.54605220424138, 70.60491337272798, 70.55426673918458, 70.34682917632855, 70.37206481547271, 70.35081113026311, 70.31566598718135, 70.566784645373, 70.70232412649467, 70.93211425611123, 70.97064205853232, 71.03286738595595, 70.98226015139964, 71.06978876233872, 71.1671475625697, 71.12976920881331, 71.02940681306626, 71.13731761895984, 71.08312279568123, 70.94431720738935, 70.92369144682782, 70.95405261265141, 70.96786431872592, 70.92750975084664, 70.8869211560348, 71.00893841549545, 70.99939918637507, 70.80978741856822, 70.76832436950316, 70.77448273879823, 70.77260621853247, 70.67187812695516, 70.68229040068542, 70.87966373922805, 70.80363524432067, 70.9468918714948, 70.82545096779702, 70.90556179853044, 70.94048165603829, 71.00293735418967, 71.06409016600485], "rmsdiffs": [6.9156226994085035, 4.758541177364328, 4.388868088934687, 5.791195897373248, 4.191547518091381, 4.6809366181376655, 4.587596808828559, 4.450440985966504, 4.309198569848006, 4.73189839902579, 5.365037240041148, 4.323321164871634, 4.561330326233791, 5.267253736024698, 4.782334872226798, 4.992701593862344, 4.964622356625297, 5.56993405369809, 4.11399520287752, 5.929872593558001, 4.327934195329897, 4.792125525193265, 5.007047623367363, 2.8473802992029102, 6.173349661582942, 5.047568886164979, 4.739491116032369, 4.588968896614378, 5.2885792606727575, 4.529416874504053, 5.219419073695616, 4.892151511280095, 3.7424212619834067, 5.092772802775312, 6.475144752458665, 4.066656092793438, 4.45064445266574, 5.641511874816757, 4.690091745275718, 6.249964006156136, 3.9610307146878627, 5.058950003188327, 5.090018424620849, 5.0853645770227764, 5.408864610965969, 5.252805180799279, 4.641855947662036, 3.562035004750123, 5.313183498678845, 3.9122839190309695, 5.164938627674812, 4.9600459840756885, 4.979474728493258, 4.213790898141931, 5.048647823000159, 5.739391768989445, 3.690206772630618, 5.8433757360830985, 4.9456742591431375, 5.69928393680019, 6.062844674766051, 4.6625293717663485, 5.201560749215908, 4.780213885727493, 5.19541889204384, 4.081623484639973, 4.601377436975802, 4.759080586250898]}, "frame_states": [1, 1, 1, 1, 1, 1, 1, 1, 1, 1, 1, 1, 1, 1, 1, 1, 1, 1, 1, 1, 1, 1, 1, 1, 1, 1, 1, 1, 1, 1, 1, 1, 1, 1, 1, 1, 1, 1, 1, 1, 1, 1, 1, 1, 1, 1, 1, 1, 1, 1, 1, 1, 1, 1, 1, 1, 1, 1, 1, 1, 1, 1, 1, 1, 1, 1, 1, 1]}