{"phase1": {"shift_vectors": [[-38, -7], [8, 5], [7, 6], [8, 7], [-3, 2], [-1, 0], [11, 4], [-1, 0], [2, -1], [6, -1], [1, 0], [9, -4], [3, -2], [-1, 0], [14, 1], [5, 2], [-1, 0], [-2, -1], [14, 1], [-1, 0], [-1, 0], [16, 7], [7, 2], [6, 1], [9, 4], [10, 1], [6, 1], [7, 2], [4, 1], [-1, 0], [-2, -1], [-1, 0], [-3, 2], [-15, 0], [-11, -2], [-6, 1], [2, 1], [-4, -1], [-3, -2], [4, -3], [-1, 0], [3, -2], [2, -1], [1, 0], [1, 0], [1, 0], [1, 0], [-5, 0], [-3, 0], [-6, -1], [-5, -2], [-4, -3], [-5, -4], [-2, -1], [-1, 0], [-4, -1], [-5, 0], [-3, 2], [-3, 2], [-8, 3], [1, 0], [-6, -1], [-16, -5]], "stand_dev": [51.110868301484395, 50.03037775043968, 50.49771029158748, 48.7404492606112, 47.47144239524457, 47.255104682222395, 45.79435192745652, 44.63161240196046, 46.558924992046485, 46.31372980026604, 47.12356315012781, 49.27842820242743, 48.075158335562584, 48.9080606427159, 51.07728280076365, 47.92384776533955, 48.29561595493798, 49.56883663124274, 45.3221356601417, 43.52912019471842, 43.978991359663986, 46.27715518537508, 53.36914163282012, 55.425729175216745, 53.38764561108738, 52.16760984232432, 50.67187567085684, 50.829146188547654, 50.27669008913284, 52.017328268946706, 52.840621343579365, 53.26911143115446, 55.43825789281343, 54.66112069326886, 54.02313806004006, 51.18338032579221, 50.4423930681736, 48.963297443289115, 46.24085068481288, 44.69825702739783, 46.74197700066061, 45.56199334023073, 44.66211675707011, 45.81101215924868, 45.02852437594488, 43.52120044659041, 43.079933056089885, 42.14830519846977, 42.24396761243237, 42.35837473652518, 42.14135777355951, 42.28691556083265, 41.98387161492574, 42.064230290430906, 41.921353219333625, 42.53000687971213, 43.10833620416575, 47.749935019863656, 51.20370284391189, 50.23368768362304, 51.44489708691653, 48.776068338396286, 45.87080970584601], "rmsdiffs": [9.531391088028963, 5.2012048263426065, 5.443407826510861, 5.2754241579816785, 5.72837181208725, 6.1062268858460635, 6.735642811615824, 6.171130079773474, 4.678189107226356, 4.9671415776750525, 5.301004406095239, 5.815363910844469, 4.986536779759298, 5.53084606691982, 5.715548988919068, 5.620909975573681, 5.163283678833981, 7.002305498108309, 6.405621666094088, 6.623354675728443, 6.963241227694307, 6.705063709553273, 6.635002956219496, 5.771596613537616, 6.024770875323329, 6.316367135296893, 5.702375132410543, 5.1450596690877335, 4.64349898564252, 5.24685529849902, 5.047937349436169, 5.090489630764909, 5.22612727255189, 5.423290514069849, 4.813039190911801, 5.5150634527396525, 5.023138712945563, 4.3616687485410255, 5.077666094324669, 4.764721433233072, 5.082236684430491, 5.270486432969752, 5.143878246374268, 5.203406067856657, 5.326883407497466, 4.7144122104459365, 4.652103926631865, 3.908027272851909, 4.1748026271197, 4.117531464185576, 3.614024817817841, 3.804482834217332, 4.118698554720768, 4.88573739342279, 4.083086075147251, 4.996267505431145, 5.029563518472722, 5.295630849519674, 5.148895507628341, 5.607492591068115, 6.00458694138382, 5.336839795418214, 5.036224412993147]}, "frame_states": [0, 0, 0, 0, 0, 0, 0, 0, 0, 0, 0, 0, 0, 0, 0, 0, 0, 0, 0, 0, 0, 0, 0, 0, 0, 0, 0, 0, 0, 0, 0, 0, 0, 0, 0, 0, 0, 0, 0, 0, 0, 0, 1, 1, 1, 1, 1, 1, 1, 1, 1, 0, 0, 0, 0, 0, 0, 0, 0, 0, 0, 0, 0]}