{"phase1": {"shift_vectors": [[5, 12], [0, -1], [0, -1], [0, -1], [0, 1], [0, 1], [0, 1], [0, 1], [0, 1], [0, 1], [0, 1], [0, 1], [0, 1], [0, -1], [0, -1], [0, -1], [0, -1], [0, 1], [0, 1], [0, -1], [0, 1], [0, -1], [0, -1], [0, -1], [0, 1], [0, -1], [0, -1], [0, -1], [0, -1], [0, -1], [0, 1], [0, 1], [0, 1], [0, -1], [0, -1], [0, -1], [0, -1], [0, -1], [0, -1], [0, -1], [0, -1], [0, -1], [0, -1], [0, -1], [0, 1], [0, 1], [0, 1]], "stand_dev": [50.96592659306061, 50.49857872028825, 49.71278740238635, 49.14426193764852, 48.88045067110372, 49.2333524540983, 49.654453084901334, 49.77179217279406, 50.02039535656023, 50.16510449319878, 51.131075765794066, 51.98930771557351, 51.945497129565744, 51.310835032985864, 50.4150969474487, 49.147721596148486, 48.581489283877396, 48.907087067387295, 48.91862269506427, 48.72168566582597, 48.845523380409475, 47.486640574986055, 46.764344770472704, 45.52028134626951, 46.09358381267576, 46.163947394326044, 46.25539752476269, 46.12952359071933, 45.88460447446369, 45.700639680588644, 46.43760457268579, 47.823494956338834, 47.71721835414888, 47.66616877581964, 46.745586916074956, 46.38614565964205, 46.21228769368217, 46.18894525490953, 45.96988035673009, 45.751299410440055, 45.30439159730833, 44.14779648671321, 43.69933270582552, 43.7083187908015, 44.13794500324444, 44.503353717860456, 45.64493881296476], "rmsdiffs": [6.468445446667655, 5.479745561667331, 5.606400695673266, 5.747149817403135, 4.610741780151129, 4.831067219621498, 4.4938822156002285, 4.443528654247006, 4.527108555497543, 3.9640401367958087, 4.707594579721102, 5.4933724946432045, 5.836114123632853, 3.8976537028302847, 4.161232470733577, 5.16509639330082, 4.70236848029932, 5.398127915586682, 5.1023285824992, 4.581276707902859, 5.310755694302671, 3.7572631611846865, 3.4951923058502303, 4.053641241153159, 6.222425243045712, 2.9931662533270202, 4.806170321014029, 4.67747698147797, 4.558335327836554, 5.112052229235238, 5.163424305352318, 6.076757744033058, 5.1927992113141705, 4.617483352104671, 4.758681682770841, 4.66269924783553, 4.616461948958731, 4.739145621170862, 4.393852635432161, 4.367790019995739, 4.079151379261422, 4.842706498704059, 4.4047624738745546, 4.674279173719929, 4.963519423719211, 4.977418541198022, 4.524129154109558]}, "frame_states": [0, 1, 1, 1, 1, 1, 1, 1, 1, 1, 1, 1, 1, 1, 1, 1, 1, 1, 1, 1, 1, 1, 1, 1, 1, 1, 1, 1, 1, 1, 1, 1, 1, 1, 1, 1, 1, 1, 1, 1, 1, 1, 1, 1, 1, 1, 1]}