{
    "frame_states": [
        0, 
        0, 
        0, 
        0, 
        0, 
        0, 
        0, 
        0, 
        0, 
        0, 
        0, 
        0, 
        0, 
        0, 
        0, 
        0, 
        1, 
        1, 
        1, 
        1, 
        1, 
        1, 
        1, 
        1, 
        1, 
        1, 
        1, 
        1, 
        1, 
        1, 
        1, 
        1, 
        1, 
        1, 
        1, 
        1, 
        1, 
        0, 
        0, 
        0, 
        0, 
        0, 
        1, 
        1, 
        1, 
        1, 
        1, 
        1, 
        1, 
        1, 
        1, 
        1, 
        1, 
        1, 
        1, 
        1, 
        1, 
        1, 
        1
    ], 
    "phase1": {
        "rmsdiffs": [
            9.291342041633573, 
            4.206892769894012, 
            4.464889642492976, 
            4.873920446075243, 
            4.47745915460662, 
            4.585390687335957, 
            3.7143124497098015, 
            4.212673113844689, 
            4.32410368048239, 
            4.285892547896414, 
            4.732120935787349, 
            4.875466880234227, 
            4.4741363847478945, 
            4.265133734958384, 
            4.370627066266459, 
            4.594565230017612, 
            4.177133310616645, 
            3.676040273308853, 
            3.3871799113024776, 
            4.53059300377768, 
            3.1356686635309163, 
            4.180634854484027, 
            4.205067939032863, 
            4.219054233947468, 
            4.679076345914684, 
            2.9760146468207695, 
            3.171765291390032, 
            4.390914775516242, 
            3.6874944974822204, 
            3.6352316703412666, 
            3.4013424515479036, 
            4.65726046129704, 
            4.280864931113163, 
            4.177387444629264, 
            4.008324343016921, 
            4.790003788265792, 
            4.25864464861998, 
            2.880980409337267, 
            3.455025376166759, 
            3.167040315018958, 
            3.857337827843218, 
            4.428985692087683, 
            3.5052504050994266, 
            4.655842339632385, 
            3.423311482918781, 
            3.0175268128869526, 
            2.5542272785279314, 
            3.6405770696175384, 
            4.765586031279312, 
            3.7772671545186505, 
            4.099371263793533, 
            3.7649730149887173, 
            3.6701787328311704, 
            3.6153538118791224, 
            3.6755084631835486, 
            3.9698969736644996, 
            3.963912384375538, 
            4.127361974343869, 
            4.417515444246572
        ], 
        "shift_vectors": [
            [
                1, 
                -34
            ], 
            [
                -4, 
                -1
            ], 
            [
                -5, 
                -2
            ], 
            [
                -5, 
                -2
            ], 
            [
                -7, 
                -2
            ], 
            [
                -6, 
                -1
            ], 
            [
                -6, 
                -1
            ], 
            [
                -6, 
                -1
            ], 
            [
                -6, 
                -1
            ], 
            [
                -4, 
                -1
            ], 
            [
                -6, 
                1
            ], 
            [
                -10, 
                1
            ], 
            [
                -3, 
                0
            ], 
            [
                -3, 
                0
            ], 
            [
                -3, 
                0
            ], 
            [
                -3, 
                0
            ], 
            [
                -5, 
                0
            ], 
            [
                -5, 
                0
            ], 
            [
                -5, 
                0
            ], 
            [
                -5, 
                0
            ], 
            [
                -4, 
                1
            ], 
            [
                -5, 
                0
            ], 
            [
                -3, 
                0
            ], 
            [
                -3, 
                0
            ], 
            [
                -3, 
                0
            ], 
            [
                -3, 
                0
            ], 
            [
                -3, 
                0
            ], 
            [
                -3, 
                0
            ], 
            [
                -4, 
                -1
            ], 
            [
                -3, 
                0
            ], 
            [
                -3, 
                0
            ], 
            [
                -3, 
                0
            ], 
            [
                -4, 
                1
            ], 
            [
                -4, 
                1
            ], 
            [
                -4, 
                1
            ], 
            [
                -9, 
                0
            ], 
            [
                -5, 
                0
            ], 
            [
                -5, 
                0
            ], 
            [
                -5, 
                0
            ], 
            [
                -5, 
                0
            ], 
            [
                -5, 
                0
            ], 
            [
                -5, 
                0
            ], 
            [
                -5, 
                0
            ], 
            [
                -5, 
                0
            ], 
            [
                -4, 
                1
            ], 
            [
                -5, 
                0
            ], 
            [
                -5, 
                0
            ], 
            [
                -5, 
                0
            ], 
            [
                -3, 
                0
            ], 
            [
                -5, 
                0
            ], 
            [
                -3, 
                0
            ], 
            [
                -3, 
                0
            ], 
            [
                -3, 
                0
            ], 
            [
                -3, 
                0
            ], 
            [
                -3, 
                0
            ], 
            [
                -3, 
                0
            ], 
            [
                -4, 
                1
            ], 
            [
                -3, 
                0
            ], 
            [
                -3, 
                0
            ]
        ],