{"phase1": {"shift_vectors": [[-8, 55], [13, 2], [12, -1], [12, 5], [8, 9], [6, 11], [4, 5], [1, 2], [-2, -3], [-6, -7], [-10, -11], [-12, -13], [-10, -11], [-6, -11], [-1, -2], [-2, -3], [-1, -2]], "stand_dev": [27.24758282474681, 27.482286678642637, 27.549753331362435, 27.67754061734167, 28.73873575802275, 29.759438044935983, 30.646554778881406, 31.775770090295858, 32.63726575779773, 32.76394571926602, 31.850922645538347, 32.03585692742973, 32.36093938984272, 33.396345614396864, 33.61907256449695, 33.96521021446852, 34.01316406579778], "rmsdiffs": [9.608208991097195, 3.168619355395977, 3.0872913850317736, 3.735353563190266, 5.973338801996307, 6.015366404109929, 5.289809060900817, 5.218131170307608, 4.111832667172524, 5.384976869904108, 5.492874026847597, 5.314614863887397, 5.520585028153884, 6.166724095951045, 5.18815253845836, 5.677292877529993, 5.050258853345784]}, "horizontal_movement": [[0.18518518518518517, -2.0, -1.9090909090909092, -0.37142857142857144, -0.5, 2.05, 1.975, 2.425, 3.6153846153846154, 5.657894736842105, 3.5135135135135136, 2.325, 1.2564102564102564, 0.8, -0.3333333333333333, -4.384615384615385, -6.485714285714286, -3.05], [0.6923076923076923, 1.15, 1.325, 0.95, 1.175, 1.8, 0.7894736842105263, 0.225, -0.2222222222222222, -0.1, -0.35, -1.3055555555555556, 0.15, -0.4, -1.35, -1.1764705882352942, 5.9, 11.054054054054054], [0.8947368421052632, 1.205128205128205, 1.875, 1.15, 1.675, 2.1, 0.975, 0.275, -0.37037037037037035, -0.2727272727272727, 0.1, -1.3870967741935485, 0.4, -0.175, -1.075, 0.8, 27.8, 24.0], [2.973684210526316, 0.391304347826087, -0.08695652173913043, -0.3617021276595745, -0.5208333333333334, 0.4583333333333333, -0.125, -0.3409090909090909, 0.022727272727272728, -0.22916666666666666, -0.0625, -0.2682926829268293, 0.20833333333333334, -1.0625, -1.0416666666666667, -5.0, -6.205128205128205, -3.3636363636363638], [0.1276595744680851, 0.3958333333333333, 0.3125, 0.14583333333333334, 0.1875, 0.8125, -0.10416666666666667, -0.4583333333333333, -0.7272727272727273, -0.2708333333333333, -0.20833333333333334, -0.26666666666666666, -0.13043478260869565, -0.8958333333333334, -0.9583333333333334, -0.15789473684210525, 8.0, 10.272727272727273], [-0.0425531914893617, 0.25, 0.6222222222222222, 0.25, 0.4375, 1.1666666666666667, 0.2916666666666667, -0.3958333333333333, -0.4146341463414634, -0.2978723404255319, -0.041666666666666664, -0.28888888888888886, 0.16666666666666666, -0.5625, -0.5416666666666666, 3.090909090909091, 17.75, 16.967741935483872], [0.14705882352941177, -0.3142857142857143, -0.42105263157894735, -0.2222222222222222, -0.975, 0.15384615384615385, -0.02564102564102564, 1.3142857142857143, 1.7297297297297298, 2.65, 1.5384615384615385, 0.5, -0.675, -1.575, -2.051282051282051, -6.605263157894737, -7.566666666666666, -5.0], [-0.15384615384615385, -0.24324324324324326, -0.95, -1.0, -1.15, -0.5, -0.95, -1.025, -1.1538461538461537, -0.95, -0.41025641025641024, 0.4864864864864865, -0.09375, -0.05714285714285714, -0.08333333333333333, -0.18181818181818182, 5.3, 9.181818181818182], [-0.45, -0.475, -0.7, -0.625, -0.6, 0.075, -0.425, -0.7, -1.0277777777777777, -0.08108108108108109, -0.07894736842105263, 0.21621621621621623, 0.0, -0.4358974358974359, 0.025, 8.625, 24.11111111111111, 20.076923076923077]], "frame_states": [0, 0, 0, 0, 0, 0, 0, 0, 0, 0, 0, 0, 0, 0, 0, 0, 0], "brightness": [57, 57, 58, 58, 59, 59, 59, 60, 61, 63, 64, 65, 65, 65, 65, 65, 65, 64, 64], "mean_vector_length": [[8.899112214078253, 5.870804949228232, 4.703809544554337, 2.6119475386981534, 2.0618877482430817, 2.9662027302139684, 5.10217896141062, 5.599066413352626, 8.467024647785921, 8.524501777023692, 5.6553205572216285, 3.652967851556673, 4.250195861707931, 4.777634384254329, 3.358688019831934, 5.60695169763089, 9.82968901713896, 10.017988638790483], [1.4529735109467603, 1.8741293342547205, 2.2056278919142427, 2.0927692142241296, 2.1953827478967503, 2.3616375440495974, 3.158494204018115, 2.2400991299864716, 3.0066707894228633, 3.042603194932204, 2.3950387326118885, 3.0760570014487625, 1.9294576378194552, 2.327488823824227, 2.168086864545777, 4.411817854115808, 13.470836164117006, 15.004264006857541], [9.798596561616662, 3.2498510906971965, 5.132359327869123, 2.2948611095414266, 2.831731121795624, 3.2732406216252423, 1.7864377555625257, 2.4127667624601203, 3.368008163350962, 4.649965675324782, 4.435399881810369, 5.554936055326554, 4.351564605239283, 3.600659340813319, 2.197745073032785, 17.06447968034326, 31.709611716881522, 26.419800914599495], [4.08373330051257, 2.283125646122445, 1.3143403455475475, 0.8930666662253869, 1.3762902609309364, 0.7184433619633036, 1.2809330355550312, 1.981800837592793, 2.2190181147425823, 1.3694162271332273, 1.03126293950215, 1.484022957421391, 1.7392758211874353, 1.6056310628104162, 1.5161624693505653, 5.639675642986034, 7.511883654579377, 5.760284214745006], [0.6009072486621125, 1.2636877953624435, 1.052127860230731, 0.430351130197758, 0.7723720077875504, 1.3380379302498975, 1.13332463736122, 1.2729073531868558, 1.7220695721964825, 1.193705011964163, 1.5104296061688167, 1.6239963294246802, 1.1735089036919377, 1.3182853862050496, 1.1193317096116218, 2.473280397330022, 9.797058770175582, 10.783713284983476], [1.235558037016391, 2.3874210379359684, 3.0371451193323877, 1.9951367232382717, 1.646491532476049, 2.6021303213833513, 1.5172478942063723, 1.9095761410975192, 2.3049073211089928, 1.3673309174170936, 2.084603896840886, 2.2801584074877606, 1.392870327292683, 1.211157560710655, 0.8632669609292173, 4.065306307545278, 17.857715354376243, 22.705684953052284], [5.144789679653775, 3.3268278524195116, 1.730454490701591, 1.8532431576124742, 3.4748494426111156, 1.4811516038703203, 4.536309744219695, 3.984588858237029, 6.173609870976951, 5.0392647731178055, 3.6579541142240712, 3.3240221435946222, 2.863301536301713, 3.031936648225425, 2.5460413609361052, 7.092245097197539, 9.014798170373275, 9.68483765324188], [1.5692556771180468, 3.806995176033509, 7.925758604133536, 3.6199876270667906, 3.0475222989624804, 3.3046650044836605, 2.5021945791660003, 3.05121248940604, 4.206664002832834, 3.385657980828553, 1.7637793861602797, 3.706249194758776, 4.565123924611527, 5.362375552420306, 3.0122329080199575, 3.7780122825435964, 10.74681920909251, 12.226619957013973], [1.551069665414298, 2.822836952068213, 3.4823665001281405, 2.7472662586405643, 1.874583941534849, 2.4208664220625566, 1.2487030528538179, 2.4844561750582788, 3.1253287248204753, 2.9971386204913606, 1.8155338849815288, 2.066022975323444, 1.9626843988379499, 2.750368450091332, 1.1752363785747582, 9.016389788873617, 25.305983430452066, 21.731906171379084]], "police_presence": [],