{
    "frame_states": [
        0, 
        0, 
        0, 
        0, 
        0, 
        0, 
        0, 
        0, 
        0, 
        0, 
        0, 
        0, 
        0, 
        0, 
        0, 
        0, 
        0
    ], 
    "phase1": {
        "rmsdiffs": [
            9.608208991097195, 
            3.168619355395977, 
            3.0872913850317736, 
            3.735353563190266, 
            5.973338801996307, 
            6.015366404109929, 
            5.289809060900817, 
            5.218131170307608, 
            4.111832667172524, 
            5.384976869904108, 
            5.492874026847597, 
            5.314614863887397, 
            5.520585028153884, 
            6.166724095951045, 
            5.18815253845836, 
            5.677292877529993, 
            5.050258853345784
        ], 
        "shift_vectors": [
            [
                -8, 
                55
            ], 
            [
                13, 
                2
            ], 
            [
                12, 
                -1
            ], 
            [
                12, 
                5
            ], 
            [
                8, 
                9
            ], 
            [
                6, 
                11
            ], 
            [
                4, 
                5
            ], 
            [
                1, 
                2
            ], 
            [
                -2, 
                -3
            ], 
            [
                -6, 
                -7
            ], 
            [
                -10, 
                -11
            ], 
            [
                -12, 
                -13
            ], 
            [
                -10, 
                -11
            ], 
            [
                -6, 
                -11
            ], 
            [
                -1, 
                -2
            ], 
            [
                -2, 
                -3
            ], 
            [
                -1, 
                -2
            ]
        ], 
        "stand_dev": [
            27.24758282474681, 
            27.482286678642637, 
            27.549753331362435, 
            27.67754061734167, 
            28.73873575802275, 
            29.759438044935983, 
            30.646554778881406, 
            31.775770090295858, 
            32.63726575779773, 
            32.76394571926602, 
            31.850922645538347, 
            32.03585692742973, 
            32.36093938984272, 
            33.396345614396864, 
            33.61907256449695, 
            33.96521021446852, 
            34.01316406579778
        ]
    }
}