{
    "frame_states": [
        0, 
        0, 
        0, 
        0, 
        0, 
        0, 
        0, 
        0, 
        0, 
        0, 
        1, 
        1, 
        1, 
        1, 
        1, 
        1, 
        1, 
        1, 
        1, 
        1, 
        1, 
        1, 
        1, 
        1, 
        1, 
        1
    ], 
    "phase1": {
        "rmsdiffs": [
            7.499279686311309, 
            2.432823838203476, 
            2.274244957354071, 
            2.347520991389412, 
            2.0036031968201997, 
            2.2690071586302882, 
            1.8874737662573906, 
            2.363605618746366, 
            2.456348602984469, 
            2.4633868246557062, 
            2.692150782488714, 
            2.527829176019862, 
            2.6217575345611217, 
            2.2151162940302775, 
            2.5219705132339465, 
            2.20844315950577, 
            3.0225253566475523, 
            2.165064012993455, 
            2.5644809176919074, 
            3.355879890555213, 
            2.6920111710237484, 
            2.5604615863301228, 
            3.0462936690976465, 
            2.79957022808977, 
            2.725341805520167, 
            2.870431284796287
        ], 
        "shift_vectors": [
            [
                -6, 
                -17
            ], 
            [
                0, 
                3
            ], 
            [
                0, 
                3
            ], 
            [
                0, 
                1
            ], 
            [
                0, 
                3
            ], 
            [
                0, 
                5
            ], 
            [
                0, 
                5
            ], 
            [
                -1, 
                2
            ], 
            [
                0, 
                3
            ], 
            [
                0, 
                5
            ], 
            [
                0, 
                1
            ], 
            [
                0, 
                3
            ], 
            [
                0, 
                3
            ], 
            [
                0, 
                3
            ], 
            [
                1, 
                6
            ], 
            [
                4, 
                5
            ], 
            [
                -1, 
                6
            ], 
            [
                -3, 
                0
            ], 
            [
                -2, 
                1
            ], 
            [
                0, 
                -1
            ], 
            [
                -2, 
                -1
            ], 
            [
                -2, 
                -1
            ], 
            [
                0, 
                -1
            ], 
            [
                1, 
                0
            ], 
            [
                -1, 
                -2
            ], 
            [
                -1, 
                0
            ]
        ], 
        "stand_dev": [
            47.14736494786959, 
            47.11352795172316, 
            47.135018735180736, 
            47.26725159875629, 
            47.49342168596777, 
            47.79075967615055, 
            47.54783911810233, 
            47.51247592349683, 
            47.831948239303564, 
            47.51377492751424, 
            47.56290253431001, 
            47.592751361066156, 
            47.59930821183293, 
            47.29114503051128, 
            46.09413286029405, 
            44.55408769353809, 
            42.967117855050084, 
            43.116775139905705, 
            43.17735167007197, 
            43.1259876996259, 
            43.57847776635904, 
            43.87833077714246, 
            43.9665318380878, 
            44.45690447475701, 
            45.20990355837252, 
            45.37550160117956
        ]
    }
}