{
    "frame_states": [
        0, 
        0, 
        0, 
        0, 
        0, 
        0, 
        0, 
        0, 
        0, 
        0, 
        1, 
        1, 
        1, 
        1, 
        1, 
        1, 
        1, 
        1, 
        1, 
        1, 
        1, 
        1, 
        1, 
        1, 
        1, 
        1, 
        0, 
        0, 
        0, 
        0, 
        0, 
        0, 
        0, 
        0, 
        0, 
        0, 
        0, 
        0, 
        0, 
        0, 
        0, 
        0, 
        0, 
        0, 
        0, 
        0, 
        1, 
        1, 
        1, 
        1, 
        1, 
        1, 
        1, 
        1, 
        1, 
        1, 
        1, 
        1, 
        1, 
        1, 
        1, 
        1, 
        1, 
        1, 
        1, 
        1, 
        1, 
        1, 
        1, 
        1, 
        1, 
        0, 
        0, 
        0, 
        0, 
        0, 
        0, 
        0, 
        0, 
        0, 
        0, 
        0, 
        0, 
        0, 
        0, 
        0, 
        0, 
        0, 
        0, 
        0, 
        0, 
        0, 
        0, 
        0, 
        0, 
        0, 
        0, 
        0, 
        0, 
        0, 
        0, 
        0, 
        0, 
        0, 
        0, 
        0, 
        0, 
        0, 
        0, 
        0, 
        0, 
        0, 
        0, 
        0, 
        1, 
        1, 
        1, 
        1, 
        1, 
        1, 
        1, 
        1, 
        1, 
        1, 
        1
    ], 
    "phase1": {
        "rmsdiffs": [
            9.426060658277544, 
            4.47159924454189, 
            4.7911824317922616, 
            4.566969265051228, 
            5.468133506030166, 
            6.414686746682011, 
            5.375114865121287, 
            4.9431709404399005, 
            4.638756992116805, 
            4.693427582175188, 
            4.454130781836788, 
            4.7477209505928455, 
            5.305697558924763, 
            4.658090448421143, 
            4.308672430971296, 
            4.367988767185024, 
            5.060301724532549, 
            5.006273404771716, 
            4.412807709816306, 
            4.558828592289902, 
            4.725652297718538, 
            4.579967604887348, 
            4.842433555767171, 
            4.9804073696640545, 
            4.687877899180798, 
            4.2625073754906255, 
            4.335030159269045, 
            5.885812750341064, 
            4.964095936718123, 
            5.1003000864493595, 
            4.654871670757004, 
            4.673310793300469, 
            4.180382448826251, 
            5.9675342849304, 
            5.363775488316403, 
            5.195857341027702, 
            5.005525817924703, 
            3.932745344541169, 
            4.052760808434437, 
            4.325947681001726, 
            6.220943282297666, 
            5.496950956327787, 
            4.804566852711046, 
            3.956068906105058, 
            3.539897581941979, 
            3.758000506123502, 
            4.393349238347546, 
            5.425518912331473, 
            6.176379060103652, 
            5.503778652189216, 
            4.453707858925701, 
            4.90896855416995, 
            4.240365486520105, 
            4.719537578528407, 
            6.038280552037785, 
            5.163957863774296, 
            4.838739555752147, 
            4.096381559418249, 
            4.2181022018489935, 
            4.683088583543843, 
            4.510106215695613, 
            5.756824344777052, 
            4.854212468033023, 
            4.166749125254106, 
            4.847002979651938, 
            4.484104627872398, 
            4.330355113099483, 
            4.2334161518411415, 
            4.974058817488244, 
            4.862008264873251, 
            5.648366312018959, 
            4.809750595135009, 
            4.736039483709051, 
            4.573936202927566, 
            4.104233643366053, 
            3.8820017008820966, 
            5.482887160843973, 
            6.164249749529674, 
            3.9547770111293756, 
            4.084119831368041, 
            3.919408489126506, 
            4.267571487980436, 
            5.782266914771904, 
            5.228744832981807, 
            4.5977404203454535, 
            3.966187469676569, 
            4.06671076952119, 
            3.8884061692656093, 
            3.557755566634112, 
            4.728429403028301, 
            4.593973571523134, 
            4.49689014735465, 
            4.075071989981841, 
            3.542333039054918, 
            3.589944155223072, 
            4.04825551360238, 
            4.019912705859377, 
            4.705293365114818, 
            4.64728775357917, 
            4.074001603321606, 
            3.652411444693743, 
            4.563201680210964, 
            3.6737072396248918, 
            5.2669154232093565, 
            4.467981747096608, 
            3.6950133097974156, 
            3.643872719916289, 
            4.02532158338218, 
            3.714479425774258, 
            4.154577212066665, 
            4.739423921492099, 
            4.548731952940571, 
            3.9726317122391848, 
            3.8680946996453334, 
            4.039598396573513, 
            4.219491910882369, 
            3.5889241794848568, 
            3.9790441822404, 
            4.301591294398155, 
            4.792252332118808, 
            4.420497090027023, 
            3.8193714699145, 
            4.058133294986059, 
            4.0047593077313515, 
            4.031723798886907
        ],