{"phase1": {"shift_vectors": [[-5, -14], [0, 1], [0, 1], [-2, -1], [-2, -1], [-4, -1], [-2, -1], [-1, 0], [-1, 0], [2, 1], [0, 1], [-1, 2], [0, 1], [1, 2], [0, 1], [-3, 0], [0, 1], [0, 1], [0, 1], [2, -1], [2, -1], [1, -2], [0, -1], [1, -2], [0, -1], [3, 0], [3, 0], [1, 0], [2, 1], [4, 3], [2, 1], [1, 0], [0, 1], [-2, -1], [-4, -3]], "stand_dev": [45.880000317127774, 45.62078199711842, 45.62901855264687, 45.42840030522655, 45.159524733239095, 44.291119013006885, 44.219075387443134, 43.6922185323079, 43.58776687340628, 43.70338125533477, 43.79845133354821, 43.74677571966145, 43.675421748052386, 43.55880635431975, 43.57505338653885, 43.315346364106546, 43.21504212687504, 42.89989501401715, 42.735549362323475, 42.383581244781254, 42.03394442380117, 41.61006362217939, 41.24712526384482, 40.947642433078244, 40.8333367432603, 40.61831239903109, 40.58488375912802, 40.591474430167345, 40.93064154980194, 41.556154951433086, 41.62269738656602, 41.74350181481632, 41.93240738897778, 41.899564794542606, 40.86960018111795], "rmsdiffs": [6.582337896333794, 3.7026984250328767, 3.3387959389167556, 3.3200502739784654, 3.36872552508557, 3.3501378674897864, 3.9942693251212535, 3.2784759607602063, 3.984509651416678, 3.2356780680626755, 3.183981686540116, 3.9402530738220665, 3.781531778331269, 3.8748452192006435, 3.2708552521901586, 3.4475771808519786, 3.623653817853391, 4.379863492517995, 4.119847799538825, 2.908823069244558, 2.799419665748639, 3.179767781274234, 2.905055146447262, 4.068121250925963, 3.909663898170453, 2.9808469068163923, 3.0651211608486237, 2.840063809373753, 2.38868635716403, 3.5152245629234584, 3.3382119827141725, 3.899658684332029, 2.832511982238815, 3.3088752930666927, 3.8003350116628254]}, "horizontal_movement": [[-0.35, -0.575, -0.45, -0.85, -0.4473684210526316, -1.125, 0.025, -0.025, 0.35, -0.05, -0.075, 0.2, 0.1, 0.5, -1.15, 0.2, 0.8, 0.15, -0.075, -0.075, 0.45, 0.4, -0.025, 0.225, 0.0, 0.4, 0.025, 1.05, 0.8, 0.325, -0.075, 0.575, -0.28205128205128205, -0.55, -0.2, -0.925], [-0.275, -0.5897435897435898, -0.07692307692307693, -0.85, -0.5833333333333334, -0.875, 0.05, 0.025, 0.425, -0.1, -0.1, 0.225, 0.075, 0.6410256410256411, -1.1842105263157894, 0.5, 0.75, 0.2, -0.25, -0.05, 0.375, 0.65, -0.125, 0.05, -0.15, 0.325, -0.275, 0.775, 0.75, 0.125, 0.2, 0.2631578947368421, -0.1, -0.4444444444444444, -0.02631578947368421, -0.975], [-0.2564102564102564, -0.925, -0.7777777777777778, -0.825, -0.23076923076923078, -0.9, 0.3, 0.575, 0.1, -0.525, -0.025, 0.55, 0.0, -0.20512820512820512, -0.9210526315789473, 0.717948717948718, 0.875, 0.1, -0.05, 0.0, 0.175, 0.925, 0.025, 0.65, -0.075, 0.175, -0.05, 0.875, 1.0, 0.025, -0.175, 0.10526315789473684, -0.8235294117647058, -0.5526315789473685, -0.05714285714285714, -0.975], [-0.13157894736842105, -0.15789473684210525, -0.34210526315789475, -0.631578947368421, 0.02857142857142857, -0.7837837837837838, 0.1891891891891892, 0.0, 0.13513513513513514, -0.7297297297297297, -0.47368421052631576, -0.10526315789473684, -0.47368421052631576, -0.358974358974359, -0.9, -0.275, 0.675, 0.24390243902439024, 0.05, -0.0975609756097561, 0.075, 0.45, -0.075, -0.14634146341463414, -0.15, 0.07692307692307693, -0.2564102564102564, 0.6, 0.05, -0.05128205128205128, -0.4473684210526316, -0.0975609756097561, -1.0476190476190477, -0.3023255813953488, -0.1951219512195122, -0.975609756097561], [-0.11428571428571428, -0.5882352941176471, -0.375, -0.7878787878787878, 0.0, -0.696969696969697, 0.40625, 0.5151515151515151, -0.18181818181818182, -0.7352941176470589, -0.02857142857142857, -0.05714285714285714, -0.4166666666666667, -0.22857142857142856, -0.8055555555555556, 0.5277777777777778, 0.7837837837837838, 0.3783783783783784, -0.05405405405405406, -0.10526315789473684, 0.10526315789473684, 0.6486486486486487, -0.02564102564102564, 0.13157894736842105, 0.02857142857142857, 0.13513513513513514, -0.15789473684210525, 0.6, 0.24390243902439024, 0.0, -0.35714285714285715, 0.06976744186046512, -0.825, -0.125, -0.1891891891891892, -1.0857142857142856], [-0.20930232558139536, -0.6904761904761905, -0.6578947368421053, -0.85, 0.04878048780487805, -0.65, 0.5526315789473685, 0.4878048780487805, -0.175, -0.7857142857142857, -0.047619047619047616, 0.024390243902439025, -0.5476190476190477, -0.46511627906976744, -0.5365853658536586, 0.6666666666666666, 0.9777777777777777, 0.7045454545454546, 0.06818181818181818, 0.0, 0.6363636363636364, 0.9534883720930233, 0.3488372093023256, 0.6136363636363636, 0.6590909090909091, 0.7111111111111111, 0.13333333333333333, 0.9333333333333333, 0.6521739130434783, 0.08888888888888889, -0.2826086956521739, 0.21739130434782608, -0.6666666666666666, 0.15555555555555556, -0.06521739130434782, -0.8222222222222222], [-0.16, 0.08, -0.6, 0.08, -0.07692307692307693, -1.0384615384615385, 0.25, -0.8333333333333334, -0.7241379310344828, -1.0714285714285714, -0.5, -0.7692307692307693, -1.375, -0.4, -0.5, -0.38461538461538464, 0.5416666666666666, 0.16666666666666666, -0.375, -0.4, 0.4166666666666667, 0.48, 0.08, -0.08695652173913043, 0.043478260869565216, 0.045454545454545456, -0.047619047619047616, 0.15, -0.05263157894736842, 0.05555555555555555, -0.25, 0.23809523809523808, -0.65, 0.2857142857142857, -0.18181818181818182, -0.8571428571428571], [0.0, 0.8181818181818182, 1.4, 0.6, 0.5555555555555556, -0.1111111111111111, -0.25, -0.8888888888888888, 0.0, 0.0, -0.5, -1.1, -0.125, 0.5555555555555556, 0.0, -0.8, 0.14285714285714285, -0.5, -1.0, -0.5714285714285714, 0.14285714285714285, 0.2857142857142857, 0.375, -1.0, -0.2222222222222222, 0.18181818181818182, -0.5555555555555556, -0.9, -0.75, 0.8571428571428571, 0.7142857142857143, 1.5714285714285714, 0.875, 1.1666666666666667, -0.14285714285714285, -0.625], [0.21428571428571427, 0.3103448275862069, 0.2413793103448276, 0.32142857142857145, 0.7333333333333333, -0.10344827586206896, 0.8, -0.625, -0.21875, -0.4375, 0.0, -0.8666666666666667, -0.43333333333333335, -0.35714285714285715, -0.3333333333333333, 0.07142857142857142, 0.7307692307692307, 0.6071428571428571, 0.1724137931034483, -0.17857142857142858, 0.27586206896551724, 0.6428571428571429, 0.4444444444444444, 0.0, 0.3333333333333333, 0.46153846153846156, -0.25925925925925924, 0.28, -0.5555555555555556, 0.38461538461538464, -0.24, 0.5, 0.5769230769230769, 1.2142857142857142, -0.13333333333333333, -0.56]], "frame_states": [0, 0, 0, 0, 1, 1, 1, 1, 1, 1, 1, 1, 1, 1, 1, 1, 1, 1, 1, 1, 1, 1, 1, 1, 1, 1, 1, 1, 1, 1, 1, 1, 1, 1, 1], "brightness": [34, 34, 34, 34, 33, 34, 33, 34, 34, 34, 34, 34, 34, 34, 34, 34, 33, 33, 33, 33, 32, 32, 32, 32, 32, 32, 32, 32, 33, 33, 33, 33, 33, 32, 32, 32, 31],