{
    "frame_states": [
        0, 
        0, 
        0, 
        0, 
        0, 
        0, 
        0, 
        0, 
        0, 
        0, 
        0, 
        0, 
        1, 
        1, 
        1, 
        1, 
        1, 
        1, 
        1, 
        1
    ], 
    "phase1": {
        "rmsdiffs": [
            9.469906779324896, 
            5.582358475133372, 
            6.0886179622085335, 
            6.3058838752742465, 
            6.672595002682334, 
            5.971564363083161, 
            5.658723287263624, 
            5.388402126141086, 
            5.418314259554177, 
            6.238709381569893, 
            6.075240076959669, 
            5.609616412854686, 
            5.503736640607218, 
            6.022640651626908, 
            5.5058069911902345, 
            5.935691125956419, 
            6.375912521077974, 
            5.3554108548418595, 
            4.943743718237488, 
            5.36404143786032
        ], 
        "shift_vectors": [
            [
                36, 
                -5
            ], 
            [
                -7, 
                -6
            ], 
            [
                -5, 
                -4
            ], 
            [
                -1, 
                0
            ], 
            [
                -2, 
                1
            ], 
            [
                -1, 
                0
            ], 
            [
                -3, 
                2
            ], 
            [
                -4, 
                3
            ], 
            [
                -4, 
                3
            ], 
            [
                -2, 
                1
            ], 
            [
                -1, 
                0
            ], 
            [
                -2, 
                -1
            ], 
            [
                -4, 
                -1
            ], 
            [
                -3, 
                0
            ], 
            [
                -1, 
                0
            ], 
            [
                -1, 
                0
            ], 
            [
                -1, 
                0
            ], 
            [
                -2, 
                -1
            ], 
            [
                -4, 
                -1
            ], 
            [
                -3, 
                -2
            ]
        ], 
        "stand_dev": [
            45.71947108621575, 
            45.05680762304061, 
            44.99875789027375, 
            46.04414509016659, 
            47.19763695639588, 
            47.86287294617352, 
            49.24790461119469, 
            49.5535406340675, 
            49.11186605709921, 
            49.0845550746828, 
            48.91851656640976, 
            48.479209866466654, 
            48.79941901535769, 
            51.52572055085267, 
            49.333371340298505, 
            49.66557837150086, 
            49.84490918056051, 
            50.793136178370695, 
            51.19851392730556, 
            51.78160139178541
        ]
    }
}