{"phase1": {"shift_vectors": [[-44, -19], [3, -2], [10, -5], [7, -6], [7, -6], [5, -4], [1, 0], [2, 1], [5, 4], [-12, 11], [3, 2], [2, 1], [1, 0], [3, 2], [5, 4], [9, 2], [9, -2], [11, -8], [10, -5], [10, -1], [9, 0], [11, 4], [7, 6], [5, 4], [26, 1], [3, 2], [1, 0]], "stand_dev": [47.976003829968896, 48.709154870913906, 49.71244125492327, 50.24738692569931, 49.76483512140823, 47.81084798341758, 50.75151382080885, 46.317385260632605, 44.48518292719416, 44.11315226457318, 44.24569429457718, 48.35282695910368, 46.29226244319088, 41.85989701310997, 37.03873670079658, 39.3491515392044, 41.83565295270139, 42.322792086347654, 37.768574273003814, 34.733575195682675, 33.427738120291224, 32.89221099369509, 34.25915127870271, 37.15326037589122, 38.43671122842942, 41.32995444086962, 34.43147537145981], "rmsdiffs": [9.098316866140108, 6.799190311221386, 6.730849659137737, 6.721894172409486, 6.734845300091305, 6.6479034963744, 6.244626972309899, 6.093040537110825, 6.874134145567769, 7.325968632195001, 7.378839596822641, 7.769016106805443, 7.425193207918976, 7.1022688053356395, 6.561702254525231, 6.67743260066306, 7.142293098645297, 7.609550042068969, 7.124799799902288, 6.570799301270444, 6.198407767192217, 6.493683318835232, 6.662599838637503, 6.685593469992435, 7.258165592105464, 7.228250379840823, 7.038127094828283]}, "frame_states": [0, 0, 0, 0, 0, 0, 0, 0, 0, 0, 0, 0, 0, 0, 0, 0, 0, 0, 0, 0, 0, 0, 0, 0, 0, 0, 0]}