{"phase1": {"shift_vectors": [[-44, -19], [3, -2], [10, -5], [7, -6], [7, -6], [5, -4], [1, 0], [2, 1], [5, 4], [-12, 11], [3, 2], [2, 1], [1, 0], [3, 2], [5, 4], [9, 2], [9, -2], [11, -8], [10, -5], [10, -1], [9, 0], [11, 4], [7, 6], [5, 4], [26, 1], [3, 2], [1, 0]], "stand_dev": [47.976003829968896, 48.709154870913906, 49.71244125492327, 50.24738692569931, 49.76483512140823, 47.81084798341758, 50.75151382080885, 46.317385260632605, 44.48518292719416, 44.11315226457318, 44.24569429457718, 48.35282695910368, 46.29226244319088, 41.85989701310997, 37.03873670079658, 39.3491515392044, 41.83565295270139, 42.322792086347654, 37.768574273003814, 34.733575195682675, 33.427738120291224, 32.89221099369509, 34.25915127870271, 37.15326037589122, 38.43671122842942, 41.32995444086962, 34.43147537145981], "rmsdiffs": [9.098316866140108, 6.799190311221386, 6.730849659137737, 6.721894172409486, 6.734845300091305, 6.6479034963744, 6.244626972309899, 6.093040537110825, 6.874134145567769, 7.325968632195001, 7.378839596822641, 7.769016106805443, 7.425193207918976, 7.1022688053356395, 6.561702254525231, 6.67743260066306, 7.142293098645297, 7.609550042068969, 7.124799799902288, 6.570799301270444, 6.198407767192217, 6.493683318835232, 6.662599838637503, 6.685593469992435, 7.258165592105464, 7.228250379840823, 7.038127094828283]}, "horizontal_movement": [[3.5, 0.7, 2.6153846153846154, 0.6666666666666666, -3.933333333333333, -4.375, -3.5, 0, 0.0, -0.9411764705882353, -23.333333333333332, 0, 31.166666666666668, 3.6538461538461537, 0.875, 34.375, 8.076923076923077, 3.65, 20.26086956521739, 19.05, 18.8, 16.916666666666668, 12.0, 15.375, 23.91304347826087, 20.391304347826086, 4.368421052631579], [-25.5, -25.8, -22.25, -25.05, -26.88888888888889, -24.818181818181817, -28.041666666666668, -52.55, -25.705882352941178, -35.125, -21.0, -7.0, 10.636363636363637, -7.6, -5.416666666666667, 22.0, -6.142857142857143, -13.791666666666666, 7.291666666666667, 4.88, 10.464285714285714, 12.956521739130435, 17.894736842105264, 14.047619047619047, 16.82758620689655, 5.0, -15.857142857142858], [-8.0, -14.692307692307692, -8.666666666666666, -10.928571428571429, -24.0, -26.5, -21.866666666666667, -27.0, -16.529411764705884, -41.72727272727273, -1.3846153846153846, -11.857142857142858, 10.214285714285714, -14.571428571428571, -17.0, 9.8, 18.75, 0.3125, 19.608695652173914, 17.44, 22.48, 24.821428571428573, 28.0, 24.923076923076923, 27.03030303030303, 22.333333333333332, 9.9], [-10.67741935483871, -13.176470588235293, -8.823529411764707, -12.34375, -13.272727272727273, -11.642857142857142, -15.11111111111111, -53.666666666666664, -10.911764705882353, -13.305555555555555, -13.0, -13.176470588235293, 17.833333333333332, -3.242424242424242, -7.36, 21.916666666666668, -1.0, -9.387096774193548, 10.378378378378379, 5.666666666666667, 1.1428571428571428, 8.333333333333334, 2.730769230769231, 4.56, 11.25, 10.18421052631579, -3.5405405405405403], [-26.68888888888889, -29.04255319148936, -24.80851063829787, -25.295454545454547, -27.372093023255815, -24.340425531914892, -29.5, -57.56818181818182, -29.29787234042553, -34.6551724137931, -29.435897435897434, -19.545454545454547, -1.4047619047619047, -24.06451612903226, -21.833333333333332, 2.4545454545454546, -11.979166666666666, -18.340425531914892, 0.10869565217391304, -2.2222222222222223, -0.4634146341463415, 0.15, 0.47619047619047616, -0.21739130434782608, 0.9777777777777777, -1.627906976744186, -13.9], [-21.314285714285713, -21.8, -20.444444444444443, -19.964285714285715, -22.0, -16.56, -23.17241379310345, -50.44827586206897, -18.305555555555557, -23.029411764705884, -16.68421052631579, -14.392857142857142, 3.727272727272727, -17.612903225806452, -14.071428571428571, 15.666666666666666, 3.0256410256410255, -3.642857142857143, 15.897435897435898, 15.542857142857143, 21.56756756756757, 24.43243243243243, 27.575757575757574, 29.06451612903226, 28.46875, 20.846153846153847, 7.03125], [-17.45, -26.352941176470587, -18.147058823529413, -16.242424242424242, -20.3125, -11.821428571428571, -19.266666666666666, -52.46666666666667, -16.8, -16.612903225806452, -16.620689655172413, -13.04, 3.925925925925926, -27.766666666666666, -19.6, 12.233333333333333, -13.0, -20.161290322580644, -0.5757575757575758, -2.896551724137931, -1.3, -2.269230769230769, -1.0, 0.5428571428571428, 1.0, 4.545454545454546, -6.1875], [-28.666666666666668, -29.25, -26.15, -25.42105263157895, -27.025641025641026, -24.743589743589745, -30.81578947368421, -57.35, -30.743589743589745, -31.525, -31.16216216216216, -20.054054054054053, -1.5789473684210527, -22.4, -20.342105263157894, 5.375, -12.375, -17.4, 1.9, -2.05, 0.5, 0.375, 0.875, -0.2777777777777778, 0.8947368421052632, -1.9230769230769231, -14.275], [-21.454545454545453, -19.666666666666668, -16.333333333333332, -23.63157894736842, -25.303030303030305, -12.705882352941176, -25.93103448275862, -50.5, -18.633333333333333, -21.392857142857142, -22.807692307692307, -14.857142857142858, 0.896551724137931, -20.72, -7.766666666666667, 14.75, 0.037037037037037035, -1.8148148148148149, 16.02777777777778, 16.2, 20.103448275862068, 22.047619047619047, 25.59090909090909, 29.875, 28.294117647058822, 19.333333333333332, 7.56]], "frame_states": [0, 0, 0, 0, 0, 0, 0, 0, 0, 0, 0, 0, 0, 0, 0, 0, 0, 0, 0, 0, 0, 0, 0, 0, 0, 0, 0], "brightness": [52, 53, 54, 52, 49, 53, 49, 48, 49, 50, 56, 53, 50, 47, 50, 53, 55, 52, 50, 49, 48, 49, 50, 49, 52, 46, 45, 51, 45],