{
    "frame_states": [
        0, 
        0, 
        0, 
        0, 
        1, 
        1, 
        1, 
        1, 
        1, 
        1, 
        1, 
        1, 
        1, 
        1, 
        1, 
        1, 
        1, 
        1, 
        1, 
        1, 
        1, 
        1, 
        1, 
        1, 
        1, 
        1, 
        1, 
        1, 
        1, 
        1, 
        1, 
        1, 
        1, 
        1, 
        1
    ], 
    "phase1": {
        "rmsdiffs": [
            6.582337896333794, 
            3.7026984250328767, 
            3.3387959389167556, 
            3.3200502739784654, 
            3.36872552508557, 
            3.3501378674897864, 
            3.9942693251212535, 
            3.2784759607602063, 
            3.984509651416678, 
            3.2356780680626755, 
            3.183981686540116, 
            3.9402530738220665, 
            3.781531778331269, 
            3.8748452192006435, 
            3.2708552521901586, 
            3.4475771808519786, 
            3.623653817853391, 
            4.379863492517995, 
            4.119847799538825, 
            2.908823069244558, 
            2.799419665748639, 
            3.179767781274234, 
            2.905055146447262, 
            4.068121250925963, 
            3.909663898170453, 
            2.9808469068163923, 
            3.0651211608486237, 
            2.840063809373753, 
            2.38868635716403, 
            3.5152245629234584, 
            3.3382119827141725, 
            3.899658684332029, 
            2.832511982238815, 
            3.3088752930666927, 
            3.8003350116628254
        ], 
        "shift_vectors": [
            [
                -5, 
                -14
            ], 
            [
                0, 
                1
            ], 
            [
                0, 
                1
            ], 
            [
                -2, 
                -1
            ], 
            [
                -2, 
                -1
            ], 
            [
                -4, 
                -1
            ], 
            [
                -2, 
                -1
            ], 
            [
                -1, 
                0
            ], 
            [
                -1, 
                0
            ], 
            [
                2, 
                1
            ], 
            [
                0, 
                1
            ], 
            [
                -1, 
                2
            ], 
            [
                0, 
                1
            ], 
            [
                1, 
                2
            ], 
            [
                0, 
                1
            ], 
            [
                -3, 
                0
            ], 
            [
                0, 
                1
            ], 
            [
                0, 
                1
            ], 
            [
                0, 
                1
            ], 
            [
                2, 
                -1
            ], 
            [
                2, 
                -1
            ], 
            [
                1, 
                -2
            ], 
            [
                0, 
                -1
            ], 
            [
                1, 
                -2
            ], 
            [
                0, 
                -1
            ], 
            [
                3, 
                0
            ], 
            [
                3, 
                0
            ], 
            [
                1, 
                0
            ], 
            [
                2, 
                1
            ], 
            [
                4, 
                3
            ], 
            [
                2, 
                1
            ], 
            [
                1, 
                0
            ], 
            [
                0, 
                1
            ], 
            [
                -2, 
                -1
            ], 
            [
                -4, 
                -3
            ]
        ], 
        "stand_dev": [
            45.880000317127774, 
            45.62078199711842, 
            45.62901855264687, 
            45.42840030522655, 
            45.159524733239095, 
            44.291119013006885, 
            44.219075387443134, 
            43.6922185323079, 
            43.58776687340628, 
            43.70338125533477, 
            43.79845133354821, 
            43.74677571966145, 
            43.675421748052386, 
            43.55880635431975, 
            43.57505338653885, 
            43.315346364106546, 
            43.21504212687504, 
            42.89989501401715, 
            42.735549362323475, 
            42.383581244781254, 
            42.03394442380117, 
            41.61006362217939, 
            41.24712526384482, 
            40.947642433078244, 
            40.8333367432603, 
            40.61831239903109, 
            40.58488375912802, 
            40.591474430167345, 
            40.93064154980194, 
            41.556154951433086, 
            41.62269738656602, 
            41.74350181481632, 
            41.93240738897778, 
            41.899564794542606, 
            40.86960018111795
        ]
    }
}