{"phase1": {"shift_vectors": [[-6, -17], [0, 3], [0, 3], [0, 1], [0, 3], [0, 5], [0, 5], [-1, 2], [0, 3], [0, 5], [0, 1], [0, 3], [0, 3], [0, 3], [1, 6], [4, 5], [-1, 6], [-3, 0], [-2, 1], [0, -1], [-2, -1], [-2, -1], [0, -1], [1, 0], [-1, -2], [-1, 0]], "stand_dev": [47.14736494786959, 47.11352795172316, 47.135018735180736, 47.26725159875629, 47.49342168596777, 47.79075967615055, 47.54783911810233, 47.51247592349683, 47.831948239303564, 47.51377492751424, 47.56290253431001, 47.592751361066156, 47.59930821183293, 47.29114503051128, 46.09413286029405, 44.55408769353809, 42.967117855050084, 43.116775139905705, 43.17735167007197, 43.1259876996259, 43.57847776635904, 43.87833077714246, 43.9665318380878, 44.45690447475701, 45.20990355837252, 45.37550160117956], "rmsdiffs": [7.499279686311309, 2.432823838203476, 2.274244957354071, 2.347520991389412, 2.0036031968201997, 2.2690071586302882, 1.8874737662573906, 2.363605618746366, 2.456348602984469, 2.4633868246557062, 2.692150782488714, 2.527829176019862, 2.6217575345611217, 2.2151162940302775, 2.5219705132339465, 2.20844315950577, 3.0225253566475523, 2.165064012993455, 2.5644809176919074, 3.355879890555213, 2.6920111710237484, 2.5604615863301228, 3.0462936690976465, 2.79957022808977, 2.725341805520167, 2.870431284796287]}, "horizontal_movement": [[0.38461538461538464, -0.038461538461538464, -0.1111111111111111, 0.10714285714285714, 0.23076923076923078, -0.5, 0.14814814814814814, 0.20689655172413793, -0.034482758620689655, 0.06451612903225806, -0.6129032258064516, -0.46153846153846156, -0.17857142857142858, -1.2758620689655173, 1.2, 0.5483870967741935, 0.3870967741935484, 2.9, 1.4482758620689655, 0.42857142857142855, -0.2413793103448276, 0.03125, 1.064516129032258, -0.3793103448275862, -1.0, 0.3333333333333333, -0.7333333333333333], [0.25, 0.09090909090909091, -0.09090909090909091, -0.36363636363636365, -0.15384615384615385, -0.4, 0.03225806451612903, -0.03333333333333333, -0.3333333333333333, -0.41379310344827586, -0.43333333333333335, -0.5, -0.4230769230769231, -1.4375, 1.9090909090909092, 0.4117647058823529, 0.23529411764705882, -0.7575757575757576, 1.0789473684210527, 0.5833333333333334, -1.1428571428571428, -0.1111111111111111, 0.8918918918918919, -0.058823529411764705, -1.1176470588235294, 0.11764705882352941, -0.6578947368421053], [0.7586206896551724, -0.06451612903225806, -0.034482758620689655, -0.13333333333333333, -0.16666666666666666, -0.4642857142857143, -0.16666666666666666, -0.06451612903225806, -0.21875, 0.0, -0.03125, -0.13793103448275862, 0.17857142857142858, -0.6551724137931034, 0.16666666666666666, 0.18518518518518517, -0.12903225806451613, -2.125, 1.1515151515151516, -0.03125, -1.5454545454545454, 0.029411764705882353, 0.34285714285714286, -0.08571428571428572, -0.7878787878787878, -0.14285714285714285, -0.7368421052631579], [0.47619047619047616, -0.2, -0.025, 0.20512820512820512, 0.24390243902439024, -0.14634146341463414, 0.35, 0.24324324324324326, 0.2631578947368421, 0.047619047619047616, -0.075, 0.11428571428571428, 0.3333333333333333, -0.3783783783783784, 1.105263157894737, -0.06976744186046512, 0.7073170731707317, 0.0, 0.7045454545454546, 0.37777777777777777, 0.5217391304347826, 0.15555555555555556, 1.3409090909090908, 0.02702702702702703, -0.4146341463414634, 0.15, -0.38095238095238093], [0.16279069767441862, -0.16666666666666666, 0.047619047619047616, -0.24390243902439024, -0.07142857142857142, -0.17777777777777778, 0.022727272727272728, 0.0851063829787234, 0.0, 0.044444444444444446, -0.13333333333333333, -0.47619047619047616, -0.358974358974359, -2.0454545454545454, 0.9523809523809523, 0.627906976744186, 0.5581395348837209, 0.13043478260869565, 1.511111111111111, 0.8913043478260869, -0.06521739130434782, 0.1956521739130435, 0.5957446808510638, -0.02127659574468085, -0.8260869565217391, 0.0851063829787234, -0.28888888888888886], [0.20454545454545456, -0.18181818181818182, -0.11627906976744186, 0.20930232558139536, 0.11363636363636363, -0.4444444444444444, 0.06521739130434782, -0.2, -0.40425531914893614, -0.023255813953488372, -0.3953488372093023, -0.15, 0.16666666666666666, 0.16279069767441862, 1.2727272727272727, 0.1702127659574468, -0.10869565217391304, -2.7555555555555555, 0.8636363636363636, 0.0, -1.0, -0.19148936170212766, 0.08333333333333333, -0.23255813953488372, -0.7209302325581395, 0.1590909090909091, -0.43478260869565216], [0.07894736842105263, -0.7027027027027027, 0.02631578947368421, 0.4864864864864865, 0.10810810810810811, -0.25, 0.9736842105263158, 0.40540540540540543, -0.25, 0.2972972972972973, -0.15789473684210525, 0.34285714285714286, 1.1111111111111112, 0.8787878787878788, 0.7777777777777778, -0.4473684210526316, 0.6756756756756757, 0.24324324324324326, 0.5, 0.05, 0.225, 0.025, 0.631578947368421, 0.23684210526315788, 0.6842105263157895, 0.13157894736842105, -0.3157894736842105], [0.15, -0.625, 0.0, 0.025, -0.02564102564102564, -0.7, 0.45, 0.2, -0.425, 0.05, -0.175, 0.05128205128205128, 1.15, 0.525, 1.6, 0.025, 0.325, -0.35, 0.725, -0.5, -0.35, 0.3, 0.7, 0.45, 0.3, 0.35, -0.525], [0.02564102564102564, -0.8461538461538461, -0.13157894736842105, -0.02564102564102564, -0.08108108108108109, -0.8974358974358975, 0.16216216216216217, -0.02631578947368421, -0.8717948717948718, -0.10256410256410256, -0.7567567567567568, 0.0, 0.8648648648648649, 0.631578947368421, -0.1388888888888889, -0.9487179487179487, -0.2894736842105263, -0.8205128205128205, -0.39473684210526316, -0.8947368421052632, -0.10526315789473684, -0.02631578947368421, -0.18421052631578946, 0.0, 0.02631578947368421, 0.02631578947368421, -0.6578947368421053]], "frame_states": [0, 0, 0, 0, 0, 0, 0, 0, 0, 0, 1, 1, 1, 1, 1, 1, 1, 1, 1, 1, 1, 1, 1, 1, 1, 1], "brightness": [46, 46, 46, 46, 46, 46, 45, 45, 45, 45, 45, 45, 45, 44, 43, 43, 43, 43, 44, 45, 46, 47, 47, 48, 49, 49, 49, 49],