{
    "frame_states": [
        0, 
        0, 
        0, 
        0, 
        0, 
        0, 
        0, 
        0, 
        0, 
        0, 
        0, 
        0, 
        0, 
        0, 
        0, 
        0, 
        0, 
        0, 
        0, 
        0, 
        1, 
        1, 
        1, 
        1, 
        1, 
        1, 
        1, 
        1, 
        1, 
        1, 
        1, 
        1, 
        1, 
        1, 
        1, 
        1, 
        1, 
        1, 
        1, 
        1, 
        1, 
        1, 
        1, 
        1, 
        1, 
        1, 
        1, 
        1, 
        1, 
        1, 
        1, 
        1, 
        1, 
        1, 
        1, 
        1, 
        1, 
        1, 
        1, 
        1, 
        1, 
        1, 
        1, 
        1, 
        1, 
        1, 
        1, 
        1, 
        1, 
        1, 
        1
    ], 
    "phase1": {
        "rmsdiffs": [
            9.922243815523244, 
            5.507589370698769, 
            5.348404639342958, 
            6.202756761712174, 
            4.038080818708576, 
            4.22236606610942, 
            4.793984814372789, 
            4.257711699557995, 
            3.803820947211211, 
            4.864941662078289, 
            4.189708989574674, 
            4.183350581878723, 
            5.491294585481109, 
            4.7257359428867876, 
            4.586634483126308, 
            3.432255633578352, 
            5.436688404906529, 
            6.275613140731598, 
            6.453773399895637, 
            6.530777690401069, 
            6.291270624602592, 
            6.292387130689682, 
            6.264715939071192, 
            6.52614253816504, 
            6.598483488692514, 
            4.520742780152215, 
            3.5544690975051547, 
            5.348927304214299, 
            5.602318137371819, 
            5.451562180991585, 
            4.502882342366386, 
            4.386888323778704, 
            3.9618297590050187, 
            3.502800923053778, 
            3.703276609580912, 
            3.601433294840445, 
            4.198847484555308, 
            3.1842455691097933, 
            3.9654631024674707, 
            3.1219935981878177, 
            3.5870312223246645, 
            4.834503608927527, 
            4.389098760223696, 
            3.6094537813891194, 
            3.0432393574465366, 
            4.0995947821642265, 
            5.307639224125704, 
            4.991646517798898, 
            6.252511130958283, 
            5.340756858178159, 
            5.940605066700829, 
            3.817411096378479, 
            5.849452974758501, 
            5.530823064532888, 
            5.8416986082715825, 
            6.211422762554204, 
            6.982785549894817, 
            7.418683384148029, 
            7.59435231589212, 
            7.6163655714175915, 
            7.670861386759923, 
            7.765367922200219, 
            7.794332649889783, 
            7.769700422352448, 
            8.593766701466071, 
            7.68520586254611, 
            7.678923261675613, 
            7.648740979220417, 
            6.89498443028423, 
            6.252829888237235, 
            6.3722445531073895
        ], 
        "shift_vectors": [
            [
                20, 
                -19
            ], 
            [
                6, 
                -5
            ], 
            [
                5, 
                -4
            ], 
            [
                -1, 
                0
            ], 
            [
                2, 
                1
            ], 
            [
                3, 
                0
            ], 
            [
                4, 
                -3
            ], 
            [
                5, 
                2
            ], 
            [
                5, 
                2
            ], 
            [
                7, 
                6
            ], 
            [
                5, 
                0
            ], 
            [
                6, 
                5
            ], 
            [
                3, 
                -6
            ], 
            [
                4, 
                -3
            ], 
            [
                2, 
                1
            ], 
            [
                1, 
                -2
            ], 
            [
                3, 
                8
            ], 
            [
                1, 
                0
            ], 
            [
                1, 
                0
            ], 
            [
                5, 
                -4
            ], 
            [
                1, 
                0
            ], 
            [
                1, 
                0
            ], 
            [
                1, 
                0
            ], 
            [
                -1, 
                0
            ], 
            [
                -1, 
                0
            ], 
            [
                -1, 
                0
            ], 
            [
                -1, 
                0
            ], 
            [
                2, 
                1
            ], 
            [
                -2, 
                1
            ], 
            [
                5, 
                4
            ], 
            [
                2, 
                1
            ], 
            [
                2, 
                -1
            ], 
            [
                2, 
                1
            ], 
            [
                2, 
                -1
            ], 
            [
                2, 
                -1
            ], 
            [
                3, 
                2
            ], 
            [
                3, 
                -2
            ], 
            [
                2, 
                -1
            ], 
            [
                2, 
                -1
            ], 
            [
                1, 
                0
            ], 
            [
                2, 
                -1
            ], 
            [
                -2, 
                -1
            ], 
            [
                -3, 
                -2
            ], 
            [
                -3, 
                -2
            ], 
            [
                -2, 
                -1
            ], 
            [
                -2, 
                1
            ], 
            [
                2, 
                1
            ], 
            [
                -2, 
                1
            ], 
            [
                2, 
                1
            ], 
            [
                -3, 
                2
            ], 
            [
                1, 
                0
            ], 
            [
                0, 
                7
            ], 
            [
                2, 
                1
            ], 
            [
                3, 
                2
            ], 
            [
                4, 
                3
            ], 
            [
                -1, 
                0
            ], 
            [
                -1, 
                0
            ], 
            [
                -1, 
                0
            ], 
            [
                -1, 
                0
            ], 
            [
                -1, 
                0
            ], 
            [
                -1, 
                0
            ], 
            [
                -1, 
                0
            ], 
            [
                -1, 
                0
            ], 
            [
                -1, 
                0
            ], 
            [
                -2, 
                -1
            ], 
            [
                -1, 
                0
            ], 
            [
                -1, 
                0
            ], 
            [
                -1, 
                0
            ], 
            [
                -1, 
                0
            ], 
            [
