{"phase1": {"shift_vectors": [[-18, -39], [7, 4], [6, 3], [-4, 3], [-3, 2], [-3, 2], [-5, 4], [-5, 2], [1, 2], [-7, 0], [-7, 0], [4, 1], [-2, 1], [-5, 0], [-2, 1], [0, 1], [0, -1], [0, 1], [0, 1], [1, 2], [1, 2], [-2, 1], [-2, -5], [0, 1], [0, 1], [0, 1], [1, -2], [1, -2], [0, -1], [3, 0], [9, 2], [0, 5], [1, 4], [-2, 3], [-2, 1], [0, 1], [0, -1]], "stand_dev": [26.985637331960078, 25.6760192703877, 25.572522067030032, 25.791112345420704, 25.941087223969884, 25.952268365193568, 25.95965175141196, 26.62760039482768, 27.13540049326929, 26.725522887263736, 27.57827391258689, 27.876663870336255, 27.70476106486713, 27.68264704399087, 27.59958810613855, 27.41616969111177, 27.205933865648586, 27.099692106571727, 27.094521539649335, 27.320221629969712, 27.476672643550398, 27.690485382292298, 24.38625255613104, 26.178441459597177, 25.68359121273761, 25.83828489282291, 25.16808763104218, 23.64436601825106, 23.448879603975374, 20.537236851661074, 22.687198269397165, 24.908796743073644, 26.37064119962882, 26.40516356670399, 26.641341424213138, 27.336379964625426, 27.126944379553912], "rmsdiffs": [6.964645045818061, 5.0955620194664855, 4.044876019277747, 3.952479649414038, 4.300352556193183, 4.353812122081877, 3.6497301198583805, 3.46306716737925, 3.117009503498636, 4.241287055311607, 3.946045407103629, 3.757712530482786, 4.118710911051261, 3.1312475606520223, 3.6004084899646767, 3.321453121098444, 3.1263757417417906, 2.936950624263086, 2.464773581729608, 4.003824200734583, 2.9591062926996328, 3.423163991257196, 4.719464992641534, 4.846266924023665, 4.2949845645206635, 4.019685196726224, 3.6485411458532266, 3.282482536263943, 2.927915451777537, 5.011849729540467, 4.658925191083536, 3.445211899899811, 3.2995212369631006, 3.7686113414355367, 3.5774557791317183, 3.9440303211429177, 3.398293443581765]}, "frame_states": [0, 0, 0, 0, 0, 0, 0, 0, 0, 0, 0, 0, 0, 0, 0, 1, 1, 1, 1, 1, 1, 1, 1, 1, 1, 1, 1, 0, 0, 0, 0, 0, 0, 0, 0, 0, 0]}