{
    "frame_states": [
        0, 
        0, 
        0, 
        0, 
        0, 
        0, 
        0, 
        0, 
        0, 
        0, 
        0, 
        0, 
        1, 
        1, 
        1, 
        1, 
        1, 
        1, 
        1, 
        1, 
        1, 
        1, 
        1, 
        1, 
        1, 
        1, 
        1, 
        1, 
        1, 
        1, 
        1, 
        1, 
        1, 
        1, 
        1, 
        1, 
        1, 
        1, 
        1, 
        1, 
        1, 
        1, 
        1, 
        1, 
        1, 
        1, 
        1, 
        1, 
        1, 
        1, 
        1, 
        1, 
        1, 
        1, 
        1, 
        1, 
        1, 
        1, 
        1, 
        1, 
        1, 
        1, 
        1, 
        1, 
        1, 
        1, 
        1, 
        1, 
        1, 
        1, 
        1, 
        1, 
        1, 
        1, 
        1, 
        1, 
        1, 
        1, 
        1, 
        1, 
        1, 
        1
    ], 
    "phase1": {
        "rmsdiffs": [
            9.425084516147118, 
            5.9940955849412285, 
            5.906411612769127, 
            5.974674861232527, 
            6.026168445875284, 
            6.02608116001642, 
            6.51983517728799, 
            5.10751448053229, 
            4.92727075048411, 
            5.83918143399928, 
            6.249664571072025, 
            6.148237275532242, 
            6.042624130417088, 
            6.163493311429386, 
            5.738816587357978, 
            5.732489231939005, 
            5.778156587437555, 
            6.092547562593922, 
            5.258505294689005, 
            5.484110241096362, 
            4.865247290177022, 
            4.456071390748717, 
            4.981059733549935, 
            5.344558967275611, 
            5.355371460286958, 
            5.445332238944495, 
            5.44234813207952, 
            5.471064874475523, 
            5.6999547750389326, 
            5.573801805082145, 
            5.259676148185753, 
            5.423854826818566, 
            5.489243524432749, 
            5.408303201824542, 
            6.54225793838485, 
            6.615136003408579, 
            6.392654534263192, 
            6.964818625579536, 
            6.789376347984758, 
            6.502069878956462, 
            6.6751983097397405, 
            7.163975122677192, 
            6.083159507595791, 
            5.745584138205782, 
            5.802750143955609, 
            7.0057199597477435, 
            6.939454545293435, 
            6.7999905387232555, 
            6.794387534198772, 
            6.867799575827526, 
            7.282579142285959, 
            7.359442483684886, 
            7.104404970708539, 
            7.004765871456947, 
            6.9330971454694605, 
            6.998682713821426, 
            6.885895280697167, 
            7.3250919926237055, 
            7.15292504064642, 
            7.230224890940103, 
            6.910938575004153, 
            6.922802898048119, 
            6.670840503551403, 
            6.534786468229782, 
            6.376456570876823, 
            6.2934240633122736, 
            5.255305681316109, 
            5.160883262732748, 
            4.715167561875222, 
            4.843722481677148, 
            5.152197531886053, 
            7.720349690217753, 
            6.373232841558613, 
            5.390441002498111, 
            5.072655164721764, 
            5.26599376180086, 
            5.5520010076584825, 
            5.749876120149808, 
            5.945584348994703, 
            7.004984210649184, 
            7.101781164606321, 
            5.596263037789097
        ], 
        "shift_vectors": [
            [
                4, 
                -47
            ], 
            [
                -1, 
                0
            ], 
            [
                -1, 
                0
            ], 
            [
                -1, 
                0
            ], 
            [
                -1, 
                0
            ], 
            [
                -1, 
                0
            ], 
            [
                -1, 
                0
            ], 
            [
                3, 
                0
            ], 
            [
                2, 
                1
            ], 
            [
                -1, 
                0
            ], 
            [
                -1, 
                0
            ], 
            [
                -1, 
                0
            ], 
            [
                -1, 
                0
            ], 
            [
                -1, 
                0
            ], 
            [
                -1, 
                0
            ], 
            [
                -1, 
                0
            ], 
            [
                -1, 
                0
            ], 
            [
                -1, 
                0
            ], 
            [
                -1, 
                0
            ], 
            [
                -1, 
                0
            ], 
            [
                -1, 
                0
            ], 
            [
                -4, 
                -1
            ], 
            [
                -2, 
                -1
            ], 
            [
                -1, 
                0
            ], 
            [
                -1, 
                0
            ], 
            [
                -1, 
                0
            ], 
            [
                -1, 
                0
            ], 
            [
                -1, 
                0
            ], 
            [
                -1, 
                0
            ], 
            [
                -1, 
                0
            ], 
            [
                -1, 
                0
            ], 
            [
                -1, 
                0
            ], 
            [
                -1, 
                0
            ], 
            [
                -1, 
                0
            ], 
            [
                1, 
                0
            ], 
            [
                1, 
                0
            ], 
            [
                -1, 
                0
            ], 
            [
                1, 
                0
            ], 
            [
                1, 
                0
            ], 
            [
                1, 
                0
            ], 
            [
                1, 
                0
            ], 
            [
                1, 
                0
            ], 
            [
                1, 
                0
            ], 
            [
                1, 
                0
            ], 
            [
                1, 
                0
            ], 
            [
                1, 
                0
            ], 
            [
                1, 
                0
            ], 
            [
                1, 
                0
            ], 
            [
                -1, 
                0
            ], 
            [
                -1, 
                0
            ], 
            [
                -1, 
                0
            ], 
            [
                -1, 
                0
            ], 
            [
                -1, 
                0
            ], 
            [
                1, 
                0
            ], 
            [
                -1, 
                0
            ], 
            [
                1, 
                0
            ], 
            [
                1, 
                0
            ], 
            [
                1, 
                0
            ], 
            [
                1, 
                0
            ], 
            [
                1, 
                0
            ], 
            [
                1, 
                0
            ], 
            [
                1, 
                0
            ], 
            [
