{"phase1": {"shift_vectors": [[5, 4], [4, -5], [-13, 50], [47, -14], [2, -1], [5, 0], [2, -1], [5, 0], [0, -1], [3, 0], [3, 2], [5, 4], [5, 4], [-2, 3], [0, -1], [-13, 2], [-7, 4], [-11, 2], [-21, 6], [-10, 3], [-12, 1], [-19, 2], [-11, 0], [-5, 2], [-2, 3], [-8, -9], [-5, 0], [-8, 1], [-7, 0], [-6, 1], [-11, 2], [-2, 3], [-9, 0], [-11, 0], [-10, 1], [-11, 0], [-14, 1], [-3, 0], [-27, 0], [-63, 0], [-46, 1], [-33, 0], [-22, -1], [-29, -2], [-27, -2], [-23, 0], [-9, -8], [-18, -5], [-16, -5], [-16, -5], [-15, -4], [-10, -3], [-11, -2], [-1, 0], [-11, 0], [-4, -1], [-6, -1], [-11, -2], [-11, -2], [-7, 0], [-2, 1], [-6, 1], [1, 0], [14, -1], [-6, 1]], "stand_dev": [58.88904848227332, 49.91218133140945, 49.44108716841944, 45.224486049534335, 45.64401600290339, 55.86912440567427, 46.81344531387231, 59.44475449931308, 50.5783426185156, 45.46930458582237, 46.07525411289299, 47.797358145866234, 48.807556410174115, 62.71131123053195, 48.78594402521694, 45.62961048311409, 54.99806241027271, 47.197346409205394, 60.52801938376627, 49.38194617017599, 43.377269919557676, 42.694205084215774, 44.408911388594085, 46.58582873157854, 53.65910683230832, 51.128593270926984, 44.93546464076634, 43.83622654474924, 44.1487579334058, 49.672795867971985, 48.926125615565155, 58.845665350370176, 48.4607695188601, 46.71076427086119, 46.00280820782371, 47.341106384890914, 51.17324421631852, 57.064084106191125, 45.26588387444593, 38.582074671616716, 42.13130591484042, 44.977613115550206, 49.41194636677738, 47.48490463134307, 46.9685585260936, 54.42114436751453, 45.728828953777686, 45.69072351627767, 47.30542111669276, 43.99041524624821, 43.350350003296214, 44.63318344842705, 47.212741335739565, 55.719364499857434, 46.88277737325042, 47.50183839988815, 48.100571492632625, 48.89698726767942, 49.78583740979511, 50.70819779800268, 60.59602673960144, 54.864729181473216, 52.909450325387205, 51.93130050430134, 53.309905915201206], "rmsdiffs": [8.579691841443625, 7.422085918148893, 10.338312077392475, 10.36046533819783, 5.37430726987148, 6.802788463831544, 6.464894658917486, 7.27880616911826, 7.778924649189731, 6.462280026678355, 5.312887165903676, 5.3180886329539145, 5.993847667049146, 8.380877867344752, 7.908936416720809, 7.213607602888763, 7.5124102257604415, 7.794243590287972, 8.382613340722006, 8.295311687303071, 7.57217136737291, 5.718691617846129, 6.114526995733851, 5.672244992986319, 8.47857241596498, 8.279368162950844, 6.926918532071548, 5.665983814759699, 5.39111219967803, 6.7656381231078475, 6.82612710301197, 8.46852337991531, 8.348949446403534, 6.276980977833088, 5.099067638428689, 5.527931676210565, 7.068404497955368, 7.868322604628042, 8.009309824474208, 7.127768160682274, 5.520084562502929, 6.136977524452877, 7.0279676625653655, 7.026647234718121, 6.141395065236189, 7.799133072289027, 8.132713996835825, 6.190254952282532, 6.534400386215041, 6.188704120043711, 5.929257110940665, 5.970294240729171, 6.507854026276259, 7.25453916867346, 7.1239728539992795, 6.022590150713699, 5.832983700303755, 5.582107882642641, 5.550592260071538, 5.482365573376829, 8.090685440106645, 7.508040732524011, 6.878652979019432, 7.219057659361897, 5.84181123636363]}, "frame_states": [0, 0, 0, 0, 0, 0, 0, 0, 0, 0, 0, 0, 0, 0, 0, 0, 0, 0, 0, 0, 0, 0, 0, 0, 0, 0, 0, 0, 0, 0, 0, 0, 0, 0, 0, 0, 0, 0, 0, 0, 0, 0, 0, 0, 0, 0, 0, 0, 0, 0, 0, 0, 0, 0, 0, 0, 0, 0, 0, 0, 0, 0, 0, 0, 0]}