{
    "frame_states": [
        1, 
        1, 
        1, 
        1, 
        1, 
        1, 
        1, 
        1, 
        1, 
        1, 
        1, 
        1, 
        1, 
        1, 
        1, 
        1, 
        1, 
        1, 
        1, 
        1, 
        1, 
        1, 
        1, 
        1, 
        1, 
        1, 
        1, 
        1, 
        1, 
        1, 
        1, 
        1, 
        1, 
        1, 
        1, 
        1, 
        1, 
        1, 
        1, 
        1, 
        1, 
        1, 
        1, 
        1, 
        1, 
        1, 
        1, 
        1, 
        1, 
        1, 
        1, 
        1, 
        1, 
        1, 
        1, 
        1, 
        1, 
        1, 
        1, 
        1, 
        1, 
        1, 
        1, 
        1, 
        1, 
        1, 
        1, 
        1, 
        1, 
        1, 
        1, 
        1, 
        1, 
        1, 
        1, 
        1, 
        1, 
        1, 
        1, 
        1, 
        1, 
        1, 
        1, 
        1, 
        1, 
        1, 
        1, 
        1, 
        1, 
        1, 
        1, 
        1, 
        1, 
        1, 
        1, 
        1, 
        1, 
        1, 
        1, 
        1, 
        1, 
        1, 
        1, 
        1, 
        1, 
        1, 
        1, 
        1, 
        1
    ], 
    "phase1": {
        "rmsdiffs": [
            9.32273195447553, 
            5.487967188647895, 
            4.715409335632853, 
            5.122026854943728, 
            5.159567792148254, 
            5.140890994333052, 
            3.8361112385957856, 
            4.530238057726832, 
            5.188660341533426, 
            4.828403940369109, 
            5.111928389444356, 
            4.783624093500515, 
            5.747232896591002, 
            5.373596875814127, 
            5.437966428108897, 
            5.96348215872955, 
            5.177754941616811, 
            6.023868654472497, 
            5.146612856189702, 
            5.3877408712146995, 
            5.7584197802436785, 
            5.148579240609523, 
            5.955604313910607, 
            5.163169176489672, 
            5.476839444498738, 
            5.759765244375695, 
            5.315911980816972, 
            5.751915604794108, 
            5.528201043868549, 
            5.336724599953311, 
            5.406407563289414, 
            5.831247111853451, 
            5.305540192851113, 
            5.544454088136604, 
            5.314623464553987, 
            5.6595808593385, 
            5.937633030293667, 
            5.549762237587986, 
            5.570044486660479, 
            5.868063391851496, 
            5.434171986441897, 
            5.864926740849769, 
            5.436055943913024, 
            5.5935391661637714, 
            5.503198513530593, 
            5.470677911782693, 
            5.89305850849913, 
            5.658936394748156, 
            5.690369357562936, 
            5.579959311898992, 
            5.403604289259324, 
            5.553333280103904, 
            5.562992283902288, 
            5.426294360987831, 
            5.539882822466843, 
            5.779734380394281, 
            5.377782061975298, 
            5.743836898763456, 
            5.4200480998763325, 
            5.844463634330647, 
            6.007293934942453, 
            5.592583178730932, 
            5.71980478282328, 
            5.978501448420888, 
            5.50812696859275, 
            5.961774717418919, 
            5.395537418145052, 
            5.76459877409142, 
            5.809898526078114, 
            5.424921081073164, 
            5.706063759170381, 
            5.564399845826663, 
            5.72392441674145, 
            6.020035882718002, 
            5.511279355930549, 
            5.917166436165301, 
            6.222263441625151, 
            5.426341626395923, 
            5.9186994605042464, 
            5.671612496907351, 
            5.481985483462833, 
            5.451215807684646, 
            5.455031863412606, 
            5.080330188604653, 
            6.105377876864051, 
            5.5759445889883015, 
            5.705942626370672, 
            5.84368036800747, 
            5.451562288541326, 
            5.555422924864393, 
            5.485559440181232, 
            5.4317583989412475, 
            5.868790813823111, 
            5.391630475675098, 
            6.043931500374624, 
            6.029298719866351, 
            5.640055346254668, 
            5.7017657809089535, 
            5.5082492948179045, 
            5.393213331740018, 
            4.708415718540718, 
            5.355935171189987, 
            5.364388453512204, 
            5.395342440354197, 
            5.327817309224572, 
            5.505047003827063, 
            5.304928925952455, 
            5.621140264675144, 
            6.380448258479499
        ],