{
    "frame_states": [
        0, 
        1, 
        1, 
        1, 
        1, 
        1, 
        1, 
        1, 
        1, 
        1, 
        1, 
        1, 
        1, 
        1, 
        1, 
        1, 
        1, 
        1, 
        1, 
        1, 
        1, 
        1, 
        1, 
        1, 
        1, 
        1, 
        1, 
        1, 
        1, 
        1, 
        1, 
        1, 
        1, 
        1, 
        1, 
        1, 
        1, 
        1, 
        1, 
        1
    ], 
    "phase1": {
        "rmsdiffs": [
            5.566547614210443, 
            3.5322864365740805, 
            3.452909986679135, 
            4.06197386171587, 
            3.362681186331994, 
            4.190992867240887, 
            3.7640236483603453, 
            3.3031701259907953, 
            3.6244301142769593, 
            3.2889943623911435, 
            3.163278257445725, 
            3.9084228828778538, 
            3.7292234392125456, 
            4.025752283326052, 
            3.8564358796527056, 
            3.3069377444542862, 
            4.817436552642954, 
            3.36517460235419, 
            4.404740462929558, 
            4.459563941788852, 
            3.377363736875742, 
            4.571793693793502, 
            4.360847205515483, 
            3.3805311393642627, 
            4.601704302755854, 
            3.43345905842703, 
            4.003108034386261, 
            3.855664017812975, 
            3.439306582544783, 
            3.7653384218032384, 
            3.898771257553741, 
            3.4332931965585223, 
            3.4046089895553986, 
            3.4237153267825025, 
            4.101581922300852, 
            4.330127270993976, 
            3.823264201787316, 
            3.720948892133646, 
            3.6950617554549305, 
            3.4145988500705537
        ], 
        "shift_vectors": [
            [
                13, 
                -4
            ], 
            [
                -1, 
                0
            ], 
            [
                -1, 
                0
            ], 
            [
                -3, 
                2
            ], 
            [
                1, 
                0
            ], 
            [
                -3, 
                2
            ], 
            [
                -3, 
                2
            ], 
            [
                1, 
                0
            ], 
            [
                -1, 
                0
            ], 
            [
                1, 
                0
            ], 
            [
                -1, 
                0
            ], 
            [
                -1, 
                0
            ], 
            [
                -1, 
                0
            ], 
            [
                -1, 
                0
            ], 
            [
                -2, 
                -1
            ], 
            [
                1, 
                0
            ], 
            [
                3, 
                -2
            ], 
            [
                1, 
                0
            ], 
            [
                -2, 
                -1
            ], 
            [
                -2, 
                -1
            ], 
            [
                1, 
                0
            ], 
            [
                -2, 
                -1
            ], 
            [
                -1, 
                0
            ], 
            [
                1, 
                0
            ], 
            [
                -1, 
                0
            ], 
            [
                1, 
                0
            ], 
            [
                -1, 
                0
            ], 
            [
                -1, 
                0
            ], 
            [
                -1, 
                0
            ], 
            [
                1, 
                0
            ], 
            [
                -1, 
                0
            ], 
            [
                -1, 
                0
            ], 
            [
                -1, 
                0
            ], 
            [
                -1, 
                0
            ], 
            [
                1, 
                0
            ], 
            [
                -2, 
                1
            ], 
            [
                1, 
                0
            ], 
            [
                -2, 
                1
            ], 
            [
                -5, 
                4
            ], 
            [
                -1, 
                0
            ]
        ], 
        "stand_dev": [
            64.57802087108674, 
            64.54354246792657, 
            64.5492392115733, 
            64.63197486872703, 
            64.63724670662153, 
            64.70309692537911, 
            64.76924810662973, 
            64.78084380098018, 
            64.82333729490601, 
            64.81119829597132, 
            64.9762860629463, 
            65.10889129848532, 
            65.24132616319933, 
            65.37049479637298, 
            65.45421248245685, 
            65.46719063762055, 
            65.45508273670687, 
            65.45501513741966, 
            65.43577619946454, 
            65.4373510518804, 
            65.4411990072813, 
            65.3614095003924, 
            65.30299993668399, 
            65.32469943431562, 
            65.36755309675266, 
            65.3667353348535, 
            65.3819741530463, 
            65.35916249332716, 
            65.36127348708052, 
            65.41926235330993, 
            65.36446459647135, 
            65.36611395972083, 
            65.36208412486141, 
            65.36735063845897, 
            65.38360865242282, 
            65.45488957402314, 
            65.54327853659908, 
            65.57291264186016, 
            65.79135379998695, 
            65.79211573201074
        ]
    }
}