{"phase1": {"shift_vectors": [[17, 6], [-2, -1], [-1, 0], [-1, 0], [-1, 0], [-1, 0], [-1, 0], [-2, -1], [-1, 0], [-1, 0], [-1, 0], [-1, 0], [1, 0], [1, 0], [-1, 0], [1, 0], [1, 0], [-1, 0], [-1, 0], [-1, 0], [-1, 0], [-1, 0], [-1, 0], [-1, 0], [-1, 0], [-1, 0], [-1, 0], [1, 0], [-1, 0], [-1, 0], [-1, 0], [-2, -1]], "stand_dev": [41.15436711057868, 40.80528997473839, 40.53066810842731, 40.5325585212012, 40.50037990841458, 40.63087070401623, 40.193182227687984, 39.80257246239589, 39.87552215293926, 39.741501393387466, 39.59374838907481, 39.59970321127204, 39.649455868802384, 39.65162899774838, 39.47535476981214, 39.14700676240865, 39.21684712927617, 39.409252211191664, 39.221827668745355, 39.22301537790036, 39.17597569516792, 39.18325916946344, 39.133456034938696, 39.02523095270216, 39.20889760790513, 39.101331084001956, 38.948622441678715, 38.95815458391731, 38.87464550318536, 39.03503262964784, 38.635543000443796, 38.523611583627236], "rmsdiffs": [6.4749344578226005, 5.379053975480684, 4.658287152289326, 5.363328536694637, 3.1762778670176743, 5.55560445987865, 4.806745173749337, 5.686362657239236, 5.255570609446854, 3.8928808038363774, 3.2821785528609455, 5.2280413255393805, 5.80735365375195, 5.3388151600809985, 5.198882766568041, 5.957921700216905, 5.244633593841073, 3.8650718249648377, 5.068629160329766, 5.193733266238042, 4.823608748259529, 5.165484829578383, 5.0321579325900485, 5.137088251974305, 5.450882862292909, 5.241526103756982, 5.390239090003378, 5.222419085291506, 4.243122228485798, 5.3586944288295095, 5.30749192433346, 5.582064737982356]}, "horizontal_movement": [[-1.0, 0.0, 0.0, 0.0, 0.0, 0.0, 0.0, -1.0, -1.0, 0.0, 0.0, 0.0, 0.0, 0.0, 0.0, -1.0, 0.0, 0.0, 0.0, 0.0, 0.0, -1.0, 0.0, 0.0, 0.0, 0.0, -1.0, 0.0, -0.925, -0.8, 0.0, -0.07692307692307693, 0.0], [-0.95, 0.0, 0.0, 0.0, -0.025, 0.0, 0.0, -1.0, -1.0, 0.0, 0.0, 0.0, 0.0, -0.05, 0.0, -0.95, -0.075, 0.0, 0.025, 0.0, 0.025, -1.0, 0.0, -0.025, 0.0, 0.0, -0.95, 0.0, -0.775, -0.8, 0.0, -0.5384615384615384, 0.0], [-0.875, 0.0, 0.1, -0.1, 0.025, -0.025, -0.025, -0.975, -1.025, 0.0, 0.0, 0.0, 0.0, -0.05, 0.0, -0.9, -0.225, 0.0, 0.0, 0.0, -0.075, -1.0, -0.075, 0.025, -0.1, 0.0, -0.925, -0.025, -0.7, -0.85, 0.0, -0.5, 0.025], [-0.18181818181818182, 0.0, 0.5111111111111111, 0.0, 0.38461538461538464, 0.3076923076923077, 0.0, -0.42857142857142855, -0.5128205128205128, 0.0, 0.5, 0.0, 0.25, 0.4883720930232558, 0.0, -0.7073170731707317, 0.041666666666666664, 0.0, -0.1111111111111111, 0.0, -0.17391304347826086, -0.9375, 0.0, 0.0851063829787234, -0.021739130434782608, 0.0, -0.8333333333333334, 0.0, -0.5217391304347826, -0.9534883720930233, 0.0, -0.5833333333333334, -0.45454545454545453], [-0.9791666666666666, 0.0, 0.020833333333333332, 0.0, 0.0625, -0.020833333333333332, -0.020833333333333332, -0.7291666666666666, -1.0, 0.0, -0.020833333333333332, 0.0, -0.0625, 0.020833333333333332, 0.0, -0.9583333333333334, 0.0, 0.0, -0.2708333333333333, -0.020833333333333332, -0.125, -1.0416666666666667, -0.020833333333333332, -0.041666666666666664, -0.08333333333333333, 0.0, -0.6458333333333334, 0.0, -0.3541666666666667, -0.9787234042553191, 0.0, -0.3958333333333333, -0.10638297872340426], [-1.0, 0.0, 0.0, 0.0, 0.0, -0.022727272727272728, 0.0, -0.7272727272727273, -1.0, 0.0, 0.0, 0.0, -0.0625, 0.0, 0.0, -0.9772727272727273, 0.0, 0.0, -0.5777777777777777, 0.0, -0.32558139534883723, -0.9347826086956522, 0.0, 0.0, -0.11363636363636363, 0.0, -0.7391304347826086, 0.0, -0.26666666666666666, -0.9583333333333334, 0.0, -0.22916666666666666, -0.0625], [0.3055555555555556, 0.0, 0.5142857142857142, -0.025, 0.8529411764705882, 1.4166666666666667, 0.025, -0.025, -0.5384615384615384, 0.0, 0.10810810810810811, 0.0, 0.21052631578947367, 0.6756756756756757, -0.05, 0.14285714285714285, -0.13157894736842105, 0.0, -0.5526315789473685, -0.05, -0.5833333333333334, -1.05, -0.025, 0.125, -0.45, 0.025, -0.125, 0.025, -0.525, -0.925, 0.0, 0.4, -0.725], [-0.95, -0.05, -0.025, -0.25, -0.025, 0.0, 0.0, -0.45, -0.925, 0.0, -0.05, 0.0, -0.025, -0.075, 0.0, -0.75, -0.1, 0.0, -0.375, 0.0, -0.925, -0.75, -0.075, -0.025, -0.125, 0.0, -0.1, -0.05, -0.275, -0.925, 0.0, -0.4, -0.55], [-1.0, 0.0, -0.05, 0.0, 0.1, -0.05, 0.0, -0.1, -0.925, 0.0, -0.05, 0.0, 0.0, -0.125, 0.025, -0.9, 0.0, 0.0, -0.85, 0.0, -1.025, -0.35, -0.025, 0.0, 0.0, 0.0, -0.225, 0.0, -0.1, -1.0, 0.0, -0.375, -0.15]], "frame_states": [0, 0, 0, 0, 0, 0, 1, 1, 1, 1, 1, 1, 1, 1, 1, 1, 1, 1, 1, 1, 1, 1, 1, 1, 1, 1, 1, 1, 1, 1, 1, 1], "brightness": [114, 114, 114, 114, 114, 114, 114, 114, 114, 115, 115, 115, 115, 115, 115, 115, 115, 115, 115, 115, 115, 115, 115, 115, 114, 115, 115, 114, 114, 115, 115, 115, 114, 114], "mean_vector_length": [[1.0, 0.0, 0.0, 0.0, 0.95, 0.0, 0.0, 1.0, 1.0, 0.0, 0.0, 0.0, 0.0, 0.0, 0.0, 1.0, 0.0, 0.0, 0.0, 0.0, 0.325, 1.4142135623730943, 0.0, 1.0, 0.925, 0.0, 1.051776695296637, 0.0, 1.383147545195112, 1.296015510839148, 0.0, 0.9956006955063126, 0.0], [0.9914213562373094, 0.0, 0.0, 0.0, 0.075, 0.125, 0.0, 1.0, 1.0, 0.0, 0.0, 0.0, 0.0, 0.3603553390593274, 0.0, 0.95, 0.075, 0.0, 0.025, 0.0, 0.4, 1.4142135623730943, 0.0, 0.725, 1.0, 0.0, 0.95, 0.0, 0.9535533905932738, 1.3313708498984753, 0.0, 1.1505142996176614, 0.025], [0.9785533905932737, 0.0, 0.125, 0.1, 0.075, 0.2603553390593274, 0.025, 0.975, 1.025, 0.0, 0.025, 0.0, 0.0, 0.7, 0.0, 0.95, 0.225, 0.0, 0.0, 0.0, 1.0310660171779822, 1.3313708498984753, 0.075, 0.025, 1.0414213562373096, 0.0, 0.925, 0.025, 0.7, 1.35208152801713, 0.0, 1.2071067811865475, 0.05], [1.3336239729936752, 0.0, 0.5111111111111111, 0.0, 1.1908769289900023, 0.36502738403845614, 0.0, 0.7816292172558617, 1.1554998744165637, 0.0, 0.5062123151973629, 0.0, 0.25, 0.5458636268604553, 0.0, 0.9125417942042218, 0.125, 0.0, 0.28888888888888886, 0.0, 0.43478260869565216, 1.3416035337431238, 0.0, 1.0051625678110485, 0.8748400149373756, 0.0, 0.8333333333333334, 0.0, 1.150894032542484, 1.4562765622774596, 0.0, 1.1913284621681985, 0.4639593991448431], [1.005055014314985, 0.0, 0.041666666666666664, 0.0, 0.3541666666666667, 0.041666666666666664, 0.020833333333333332, 0.7291666666666666, 1.0, 0.0, 0.020833333333333332, 0.0, 0.0625, 0.08333333333333333, 0.0, 0.9583333333333334, 0.0, 0.0, 0.2708333333333333, 0.020833333333333332, 0.5258883476483185, 1.3815959706816467, 0.020833333333333332, 0.8505922317655455, 1.0345177968644244, 0.0, 0.6458333333333334, 0.0, 0.7234983762782886, 1.4054005078545175, 0.0, 1.1136634192232437, 0.1276595744680851], [1.1882788919877703, 0.0, 0.17391304347826086, 0.0, 0.022727272727272728, 0.06818181818181818, 0.0, 0.7272727272727273, 1.0096328735435602, 0.0, 0.0, 0.0, 0.0625, 0.2222222222222222, 0.0, 0.9866866718721158, 0.043478260869565216, 0.0, 0.6, 0.0, 1.1116044156563563, 1.024829035298499, 0.0, 0.1111111111111111, 1.0470697229969426, 0.0, 0.7391304347826086, 0.0, 0.3111111111111111, 1.4386213306075482, 0.0, 1.0532572747105011, 0.1544627825494395], [1.3780107499960064, 0.0, 0.5142857142857142, 0.075, 2.1205004617200003, 1.4241830367889408, 0.025, 0.175, 0.7435897435897436, 0.0, 0.546920756148643, 0.0, 0.3157894736842105, 0.7854664256296905, 0.05, 1.4780991627844993, 0.23684210526315788, 0.0, 0.5526315789473685, 0.05, 0.705950376732586, 1.5177361531176434, 0.125, 1.0619677166154768, 1.192462120245875, 0.025, 0.125, 0.075, 1.1674621202458746, 1.383147545195112, 0.0, 0.8310660171779822, 0.775], [1.0681980515339462, 0.05, 0.175, 0.3, 0.4, 0.025, 0.0, 0.45, 0.925, 0.0, 0.05, 0.0, 0.075, 0.25, 0.0, 0.75, 0.1, 0.0, 0.375, 0.0, 1.282490274233163, 0.9510407640085654, 0.125, 1.0224873734152917, 1.0517766952966368, 0.0, 0.1, 0.05, 0.8724873734152915, 1.383147545195112, 0.0, 1.140685424949238, 0.55], [1.2631727983645291, 0.0, 0.05, 0.0, 0.1, 0.05, 0.0, 0.1, 0.925, 0.0, 0.05, 0.0, 0.0, 0.3310660171779822, 0.025, 0.9, 0.0, 0.0, 0.85, 0.0, 1.4347599227512617, 0.4, 0.025, 0.275, 0.9957106781186547, 0.0, 0.225, 0.0, 0.11035533905932737, 1.4347599227512615, 0.0, 1.144974746830583, 0.15]],