{"phase1": {"shift_vectors": [[-4, 41], [-1, 0], [-5, -2], [1, 0], [1, 0], [1, 0], [-1, 0], [-3, 2], [-6, 1], [1, 0], [-14, 3], [1, 0], [-18, 1], [-9, 0], [-1, 0], [-17, 0], [-6, 1], [-1, 0], [-5, 0], [-1, 0], [-5, 0], [-4, 1], [-1, 0], [-2, 1], [-6, 1], [-1, 0], [-7, 2], [-1, 0], [-5, 0], [-7, 0], [1, 0], [-3, 0], [-1, 0], [-1, 0], [-4, 1], [-1, 0], [-5, 0], [-7, 0], [-1, 0]], "stand_dev": [87.73980372349874, 87.92679462100415, 87.63082512653193, 87.65887613599995, 87.50216099470018, 87.26497796976965, 87.29624882157904, 87.43462279169329, 87.14777639669917, 87.17931281218917, 86.94087036970599, 86.94315245880642, 86.87518943042008, 86.84186909272492, 86.84012861942757, 87.12823429300505, 87.2805677802708, 87.29452119113022, 87.15890243747893, 87.15824237386163, 87.18582009982455, 87.14862749415123, 87.14172883092684, 87.0532102330984, 86.91471924717666, 86.9233644890997, 86.31561921379306, 86.32149905713887, 85.87564282130079, 85.24166888068203, 85.2461227671583, 84.55146728709366, 84.09226377108011, 84.09156880693588, 83.54204319843626, 83.57905915940133, 82.77387249900889, 82.24592595295, 82.26828785916484], "rmsdiffs": [10.223573765519923, 5.575479531382814, 5.6137313506367015, 5.580139269661897, 7.075421491955043, 7.573192098924053, 5.5562264853083905, 5.988068025980861, 5.235202409684074, 5.310988909745865, 5.927114109382196, 5.056100247532022, 6.641157753711684, 5.119591963237651, 4.681003946610484, 6.184126728918343, 5.886169828179528, 5.011365538374455, 5.59621599125895, 5.1052907085268595, 5.095607358127829, 6.004362461075322, 5.228209284052979, 5.440966884812758, 6.433009767399055, 5.044447288231775, 5.804386039601848, 4.99382856832102, 4.556146281824402, 5.595141875156022, 5.010016050294099, 6.017238231888347, 5.579016581160817, 5.055119157763024, 5.333976979564878, 5.111709837695087, 6.417985854783101, 5.138521755099279, 4.7526845867082095]}, "horizontal_movement": [[-0.7647058823529411, 0.0, -0.8333333333333334, 0.22727272727272727, 0.0, 0.22727272727272727, 0.13636363636363635, -0.043478260869565216, -1.5217391304347827, -0.041666666666666664, -2.2, -1.7083333333333333, -0.038461538461538464, -1.84, -2.3448275862068964, 0.06666666666666667, -0.875, -0.029411764705882353, -1.2647058823529411, -2.696969696969697, 0.0, -0.75, -2.4705882352941178, -0.0625, -2.6129032258064515, -0.05714285714285714, -0.6571428571428571, -2.5428571428571427, 0.0, -2.4571428571428573, -1.794871794871795, 0.02564102564102564, -3.5675675675675675, -0.10256410256410256, -2.789473684210526, -0.6578947368421053, 0.0, -3.1315789473684212, -2.6052631578947367, 0.05128205128205128], [-0.25, 0.0, -0.09090909090909091, -0.5714285714285714, -0.043478260869565216, 0.09090909090909091, -0.9130434782608695, 0.0, -0.2857142857142857, 0.0, -1.5, -1.0526315789473684, 0.0, -1.9473684210526316, -0.6470588235294118, 0.0, -1.2608695652173914, 0.05, -1.8421052631578947, -7.090909090909091, 0.0, -1.1538461538461537, -6.2, 0.0, -2.857142857142857, 0.05, -2.5454545454545454, -4.304347826086956, 0.0, -5.12, -1.8666666666666667, 0.0, -0.9583333333333334, 0.0, -3.0, 0.3157894736842105, 0.047619047619047616, -2.7142857142857144, -5.0, -0.037037037037037035], [-0.875, 0.0, 0.0, -1.0, 0.0, 0.14285714285714285, -1.0, 0.0, 1.4166666666666667, 0.0, 1.588235294117647, 2.411764705882353, 0.0, 1.875, -1.7391304347826086, 0.0, 0.0, 0.0, -0.21428571428571427, -1.1785714285714286, -0.03571428571428571, 0.0, -1.3478260869565217, 0.0, -1.1875, 0.03333333333333333, -0.0967741935483871, -1.3448275862068966, 0.0, -0.29411764705882354, -1.3235294117647058, -0.02857142857142857, -3.857142857142857, 0.11428571428571428, 0.07142857142857142, -0.27586206896551724, 0.0, -1.9642857142857142, -1.2333333333333334, 0.0], [-0.08108108108108109, 0.0, 0.0, -0.5428571428571428, 0.0, -0.5833333333333334, -1.0, 0.0, -0.8611111111111112, 0.0, -1.0277777777777777, -1.0, 0.0, -0.12121212121212122, -0.39473684210526316, 0.0, 0.0, 0.0, 0.0, -0.3076923076923077, 0.0, -0.9459459459459459, -0.09375, 0.0, -0.631578947368421, 0.0, 0.0, -0.9354838709677419, 0.0, 0.0, -1.0, 0.0, -0.02857142857142857, 0.0, -0.07142857142857142, -0.28205128205128205, 0.0, -0.08, -0.9666666666666667, 0.0], [0.0, 0.0, 0.022727272727272728, -0.3055555555555556, 0.0, -0.37142857142857144, -1.0, 0.0, -0.9393939393939394, 0.0, -0.9714285714285714, -1.0, 0.0, -0.037037037037037035, -0.2222222222222222, 0.0, 0.0, 0.0, 0.0, -0.1111111111111111, 0.0, -0.7209302325581395, 0.0, 0.0, -0.625, 0.0, 0.0, -0.9166666666666666, 0.0, 0.0, -1.0, 0.0, 0.0, 0.0, -0.038461538461538464, 0.0, 0.0, 0.02631578947368421, -0.975609756097561, 0.0], [-0.17647058823529413, 0.0, 0.0, -0.696969696969697, 0.0, -0.6875, -1.0, 0.0, -1.0, 0.0, -1.1764705882352942, -1.0, 0.0, 0.6842105263157895, -0.6486486486486487, 0.0, -0.044444444444444446, 0.0, 0.0, -0.325, 0.0, -0.9565217391304348, -0.1, 0.0, -0.975, 0.0, 0.0, -0.9047619047619048, 0.0, 0.0, -1.0, 0.0, 0.0, 0.0, -0.13043478260869565, -0.18181818181818182, 0.0, 0.1794871794871795, -0.9772727272727273, 0.0], [2.7, 0.0, 0.7666666666666667, 3.2222222222222223, 0.0, 1.6521739130434783, 0.06451612903225806, 0.0, 0.85, 0.0, 0.7, -0.9259259259259259, 0.0, -0.5833333333333334, 2.0, 0.0, -0.391304347826087, 0.0, -1.9545454545454546, -1.7894736842105263, 0.0, -2.206896551724138, -3.2222222222222223, 0.0, -2.375, 0.0, -1.1428571428571428, -1.9, 0.0, -2.1363636363636362, -1.375, 0.0, -0.1724137931034483, 0.0, -0.782608695652174, 0.15625, 0.0, 1.2083333333333333, -0.2962962962962963, 0.05128205128205128], [-2.85, 0.0, -1.0689655172413792, -1.8076923076923077, 0.0, -3.5416666666666665, -1.34375, 0.0, -2.1739130434782608, 0.0, -1.68, -0.6875, 0.0, 0.8571428571428571, 0.14285714285714285, 0.0, 0.3939393939393939, 0.0, 0.11538461538461539, 0.30434782608695654, 0.0, -1.0, 0.4117647058823529, 0.0, -0.32, 0.0, -0.3333333333333333, -0.2, 0.0, -0.19047619047619047, -0.8484848484848485, 0.0, 2.7142857142857144, -0.02564102564102564, -0.2777777777777778, 0.08333333333333333, 0.0, 0.42857142857142855, -0.4666666666666667, 0.0], [0.6296296296296297, 0.0, 0.029411764705882353, 0.19230769230769232, 0.0, -1.5862068965517242, -0.9428571428571428, 0.0, -1.56, 0.0, -1.1176470588235294, -0.8947368421052632, 0.0, 0.25925925925925924, -0.20689655172413793, 0.0, 0.10344827586206896, 0.0, 0.42857142857142855, 0.6666666666666666, 0.0, -0.5, 1.5625, 0.0, 1.0909090909090908, 0.0, 0.875, 2.526315789473684, 0.025, 1.5789473684210527, 0.0, 0.0, 0.34782608695652173, 0.0, -1.125, 0.27586206896551724, 0.0, 2.2083333333333335, -0.42105263157894735, 0.0]], "frame_states": [0, 0, 0, 0, 0, 0, 0, 0, 0, 0, 0, 0, 0, 0, 0, 0, 0, 0, 0, 0, 0, 1, 1, 1, 1, 1, 1, 1, 1, 1, 1, 1, 1, 1, 1, 1, 1, 1, 1], "brightness": [127, 125, 125, 124, 122, 122, 123, 123, 123, 124, 124, 123, 123, 123, 122, 122, 122, 122, 122, 121, 120, 120, 120, 117, 117, 117, 117, 117, 115, 115, 113, 111, 111, 110, 109, 107, 106, 106, 105, 102, 102],