{
    "frame_states": [
        0, 
        1, 
        1, 
        1, 
        1, 
        1, 
        1, 
        1, 
        1, 
        1, 
        1, 
        1, 
        1, 
        1, 
        1, 
        1, 
        1, 
        1, 
        1, 
        1, 
        1, 
        1, 
        1, 
        1, 
        1, 
        1, 
        1, 
        1, 
        1, 
        1, 
        1, 
        1, 
        1, 
        1, 
        1
    ], 
    "phase1": {
        "rmsdiffs": [
            8.911264763055799, 
            5.294769205777037, 
            4.44105015143652, 
            5.42243964263034, 
            5.148782718722103, 
            4.311933536415614, 
            5.183902376901297, 
            5.640040701994359, 
            6.674086572491926, 
            5.566915225022506, 
            5.372894240820256, 
            5.123875841016308, 
            5.55601719521749, 
            5.813663461000073, 
            5.259822848126224, 
            5.322682292966798, 
            5.2675392824503815, 
            5.10504036628181, 
            5.54690092699802, 
            5.787548918414982, 
            5.153873386596092, 
            6.08259851501278, 
            5.204788934820032, 
            5.999501877543434, 
            6.556743745268934, 
            5.1773783823070385, 
            5.396313633827954, 
            7.219183783629959, 
            5.1403785431312405, 
            5.928277197201974, 
            5.1659333620657675, 
            4.898687541361544, 
            5.951476322941662, 
            5.5737401917621865, 
            5.351508301955125
        ], 
        "shift_vectors": [
            [
                -9, 
                -8
            ], 
            [
                -1, 
                0
            ], 
            [
                -1, 
                0
            ], 
            [
                -1, 
                0
            ], 
            [
                1, 
                0
            ], 
            [
                -1, 
                0
            ], 
            [
                -1, 
                0
            ], 
            [
                -1, 
                0
            ], 
            [
                -1, 
                0
            ], 
            [
                -1, 
                0
            ], 
            [
                1, 
                0
            ], 
            [
                1, 
                0
            ], 
            [
                -1, 
                0
            ], 
            [
                1, 
                0
            ], 
            [
                1, 
                0
            ], 
            [
                1, 
                0
            ], 
            [
                1, 
                0
            ], 
            [
                1, 
                0
            ], 
            [
                1, 
                0
            ], 
            [
                1, 
                0
            ], 
            [
                1, 
                0
            ], 
            [
                -1, 
                0
            ], 
            [
                1, 
                0
            ], 
            [
                1, 
                0
            ], 
            [
                1, 
                0
            ], 
            [
                1, 
                0
            ], 
            [
                -1, 
                0
            ], 
            [
                1, 
                0
            ], 
            [
                1, 
                0
            ], 
            [
                -1, 
                0
            ], 
            [
                1, 
                0
            ], 
            [
                -1, 
                0
            ], 
            [
                -1, 
                0
            ], 
            [
                1, 
                0
            ], 
            [
                -1, 
                0
            ]
        ], 
        "stand_dev": [
            44.352025466514895, 
            44.41427876488486, 
            44.37245986584502, 
            44.25052145530851, 
            44.30969626461059, 
            44.42988300966919, 
            44.491057506708415, 
            44.54175339071711, 
            44.40958549822912, 
            44.62448775248207, 
            44.41394418789609, 
            44.212222672906584, 
            44.33701470633052, 
            44.17617757555224, 
            44.25631118790526, 
            44.1231919554272, 
            44.28329580268863, 
            44.296185187900726, 
            44.46803229449584, 
            44.438879901106176, 
            44.43082394984488, 
            44.619466208773375, 
            44.620194298935324, 
            44.51545380065683, 
            44.625208854192635, 
            44.62662550059484, 
            44.38038266167225, 
            44.29791922653045, 
            44.29763642992137, 
            44.45827228662279, 
            44.505271976198685, 
            44.54228775156076, 
            44.6941140296598, 
            44.93353079167211, 
            44.71394978178401
        ]
    }
}