{
    "frame_states": [
        0, 
        0, 
        0, 
        0, 
        0, 
        0, 
        0, 
        0, 
        0, 
        0, 
        0, 
        0, 
        0, 
        0, 
        0, 
        0, 
        0
    ], 
    "phase1": {
        "rmsdiffs": [
            9.252139283778872, 
            6.89494790031763, 
            4.87817728587346, 
            7.052567971745985, 
            4.801222186168833, 
            7.797329160649722, 
            7.36237627704966, 
            4.66471939401131, 
            5.990662613497177, 
            4.941382621824271, 
            7.475760036613888, 
            6.915456363635739, 
            4.8691476158161295, 
            5.592932441757876, 
            6.820974357387798, 
            4.580207830792925, 
            7.166168006211521
        ], 
        "shift_vectors": [
            [
                -39, 
                -18
            ], 
            [
                7, 
                4
            ], 
            [
                1, 
                0
            ], 
            [
                -3, 
                2
            ], 
            [
                -1, 
                0
            ], 
            [
                11, 
                10
            ], 
            [
                11, 
                6
            ], 
            [
                -1, 
                0
            ], 
            [
                3, 
                0
            ], 
            [
                1, 
                0
            ], 
            [
                7, 
                -4
            ], 
            [
                12, 
                -1
            ], 
            [
                1, 
                0
            ], 
            [
                6, 
                1
            ], 
            [
                1, 
                0
            ], 
            [
                -1, 
                0
            ], 
            [
                3, 
                0
            ]
        ], 
        "stand_dev": [
            55.54832154116464, 
            54.903806240180536, 
            54.927882486716804, 
            54.890284994368734, 
            54.88516530098884, 
            54.64754711518886, 
            53.44237859911912, 
            53.435976623743805, 
            52.91488882992642, 
            52.93558997967534, 
            51.867135234638155, 
            50.96985409056988, 
            50.946582206302494, 
            50.96523918628838, 
            50.92766828036141, 
            50.92714284472435, 
            50.909755207795115
        ]
    }
}