{"phase1": {"shift_vectors": [[-8, -49], [55, -6], [0, 1], [16, -9], [-14, 49], [0, 1], [-46, -11], [-63, 0], [0, 1], [-45, 0], [0, -1], [-63, 0], [-63, 0], [1, 0], [-56, -7], [-34, -23], [-1, 0], [-49, 0], [-1, 0], [12, 27], [-30, 33], [0, 1], [-35, 0], [8, -9], [0, -1], [-11, -18], [0, 1], [-25, 16], [-10, 5], [1, 0], [19, 8], [0, 23], [1, 0], [24, -39], [-1, 0], [13, 0], [41, 8], [-1, 0], [54, 9], [11, 8], [-1, 0], [-14, 13], [1, 0], [-23, -40], [-5, -38], [1, 0], [18, -7], [21, -4], [-1, 0], [23, -8], [1, 0], [19, -14], [10, 7], [1, 0], [37, 12], [39, -6], [-1, 0], [25, -32], [1, 0], [-7, -14], [-14, -9], [1, 0], [-2, 17], [-14, 15], [-1, 0], [11, 10], [-1, 0], [36, -23], [43, -8], [1, 0], [54, 5], [36, 15], [1, 0], [29, 8], [1, 0], [19, 14], [7, -6], [1, 0], [-6, -3], [-19, 18], [-1, 0], [-9, 8], [1, 0], [11, -14], [30, -17], [1, 0], [42, 9], [16, 13], [-1, 0], [-13, 18], [1, 0], [-36, -15], [-40, -7], [-1, 0], [-58, -3], [-48, -13], [0, 1], [-38, 3], [0, 1], [-63, 0], [-63, 0], [0, 1], [-59, 0], [-53, 0], [1, 0], [-55, -2], [1, 0], [-59, 4], [-46, -13], [1, 0], [-63, 0], [-56, 7], [1, 0], [-39, -6], [-1, 0], [-33, 8], [-25, -8], [1, 0], [-22, -15], [-6, -9], [0, -1], [-20, 1], [0, -1], [9, 16], [-21, 16], [0, 1], [-17, 4], [-47, -8], [-1, 0], [-28, -27], [-1, 0], [-32, -9], [-9, 12], [0, -1], [-11, 12], [-7, 0], [0, -1], [15, 6], [0, 1], [55, -6], [45, 0], [0, 1], [34, 29], [37, 26], [0, 1], [43, 12], [-1, 0], [53, 10], [15, -16], [1, 0], [39, 24], [10, -33], [-1, 0], [-41, -16], [1, 0], [-40, -23], [-31, -32], [1, 0], [-36, -9], [-42, -11], [-1, 0], [-39, -10], [-1, 0], [-47, 8], [-41, 10], [1, 0], [-31, 12], [-19, 18], [-1, 0], [1, 0], [1, 0], [20, -5], [10, -9], [1, 0], [10, -9], [4, -3], [-1, 0], [5, 0], [-1, 0], [39, 4], [27, -20], [1, 0], [35, -16], [63, 0], [0, -1], [30, 13], [1, 0], [3, -16], [42, -7], [-1, 0], [19, 0], [-25, -2], [1, 0], [-11, -4], [-1, 0], [-10, 7], [-10, -3], [-1, 0], [-8, -3], [1, 0], [-3, 0], [-9, -8], [-1, 0], [42, 9], [42, 5], [1, 0], [30, -1], [-1, 0], [63, 0], [17, -16], [-1, 0], [-2, -9], [-35, 24], [-1, 0], [-19, -28], [-1, 0]], "stand_dev": [78.67459477018181, 67.99063521605233, 68.0185338946705, 61.970668151231706, 70.75990023773669, 70.76935921956368, 68.94829707407048, 67.74985151178336, 67.74845476883733, 76.09670789569039, 76.0941442899787, 78.07611085570578, 80.42079890409347, 80.45612224812724, 80.15272218439587, 76.06948018877961, 76.07012723963061, 76.72280111751883, 76.78362263099113, 81.0288553749209, 84.61723979882937, 84.64118921639134, 85.50418800115123, 87.63575332808955, 87.70119737272961, 88.02815675308032, 88.02158735505951, 89.43683859395075, 85.3144421299104, 85.35171949972894, 78.72914867049155, 74.88423681564153, 74.88624124941869, 70.57431702127285, 70.54104903884216, 68.2882194901512, 66.55432079041799, 66.55278817671167, 63.41808197353966, 62.209939928330165, 62.224524797050286, 58.88257614024992, 58.858535495053346, 63.92259216093699, 64.64471096551432, 64.70272759613222, 65.50112887914196, 68.11170036860085, 68.08483353353458, 70.33791237045745, 70.3306992316497, 71.31604121083636, 74.03074005449282, 74.04799374960416, 76.44192135549427, 75.43223194183773, 75.4343796488421, 70.96323963825714, 70.94986576648019, 67.39891917870123, 69.32894971049984, 69.332940099387, 78.54196862116281, 84.4888162190895, 84.49005380775047, 87.81828755113865, 87.81875456668308, 83.11886146676382, 79.59783314707606, 79.64282859909491, 80.37480378152141, 84.47293185469088, 84.45180054186814, 84.43733769572691, 84.43750279981218, 85.01740889963507, 82.65001859482909, 82.71254570569552, 81.62556838092789, 84.30652161063665, 84.29155537250006, 85.63966177338443, 85.60972429576812, 81.98180032943137, 74.7202323338339, 74.82404319205556, 70.85237652576784, 71.85441416207226, 71.87090022003342, 73.5200294151382, 73.30427837599368, 69.0998209904783, 66.72613301085687, 66.67146466770143, 60.97101317532113, 56.917150661938194, 56.8612627024531, 59.664263810501765, 59.67341654274385, 64.19153062417283, 64.48314232252193, 64.51683730920412, 64.68992952251796, 66.50239680269324, 66.47991945097043, 67.24723930004211, 67.22265396086307, 69.80417105091992, 69.26983358454031, 69.29827692544522, 67.690295031158, 71.53278959796224, 71.49515493240753, 71.07155253695034, 71.08319923565917, 72.02302958142928, 71.03396881629277, 71.07401405490864, 67.79904308439927, 66.15702174970417, 66.23586072321447, 65.50168136600003, 65.48742530436594, 67.11495552694265, 68.23524790688084, 68.2453215870662, 67.69365197935299, 61.670897698977676, 61.65019789179887, 57.19391834576449, 57.194528802647966, 57.0497167726062, 61.04897674670779, 61.058232876796815, 65.52853774288697, 68.93163163235117, 68.93773714822318, 70.76923548866755, 70.73462108263332, 72.1567697605906, 71.49979834236039, 71.51206149604114, 74.0590441240308, 77.57820350167574, 77.33885693930605, 79.31715106667941, 79.32427094066433, 83.81448344779392, 85.33764207093348, 85.38831709632728, 81.53064035253787, 75.42490879538272, 75.45093765178353, 71.47293069396909, 71.48244700341922, 67.02388636060464, 63.95417048618531, 63.964054757783025, 62.48188425996985, 63.1976051718842, 63.18437106294694, 63.82476137172194, 63.76265155069098, 69.2123471582516, 74.26877041505809, 74.28286324016669, 76.40414143937615, 77.89327021260236, 77.88977374410617, 77.89278054838867, 77.89415166642425, 76.93658890237697, 76.13469594103786, 76.16273770045454, 74.96155478821007, 73.86187352544584, 73.89011310699351, 71.80395592449457, 71.80402173396114, 73.40912933574789, 71.91606404763796, 71.91443918639861, 70.11542487893924, 69.01712219141758, 69.01103928302913, 72.37302448042563, 72.52941753899881, 73.0490181602094, 72.4107622772805, 72.40066732010229, 74.75639910483386, 76.97780035414718, 77.11695584089156, 78.46271103332563, 78.46311582229258, 80.9006196230249, 81.04281122690597, 81.05973456948018, 80.94316791563617, 80.96190499271349, 81.31259404104925, 78.63966075028796, 78.63428566171926, 80.1053703005694, 81.73273671381916, 81.73430039941817, 81.98666465450303, 81.99316623512543, 79.96032313572313, 77.77811062649577, 77.93671555675458, 75.14878199768424, 79.48385947909792, 79.5118146841674, 74.55324000002054, 74.57718295716526],