{"phase1": {"shift_vectors": [[63, 0], [-4, 1], [1, 0], [-6, 3], [1, 0], [-6, 3], [-8, 3], [-1, 0], [-8, 1], [-6, 1], [-1, 0], [-9, 2], [1, 0], [-10, 1], [-5, 0], [-1, 0], [-9, 2], [-8, 1], [1, 0], [-4, 1], [-1, 0], [-6, 1], [-5, 2], [1, 0], [-3, 0], [-6, 1], [-1, 0], [-5, 0], [-1, 0], [-3, 0], [-6, 1], [1, 0], [-7, 0], [-4, 1], [-1, 0], [-9, 0], [-1, 0], [-8, 1], [-4, 1], [-1, 0], [-6, 3], [-6, 1], [-1, 0], [-3, 0]], "stand_dev": [60.49037168637278, 60.93679080602471, 60.98470337582839, 61.59338273046633, 61.59414264044577, 62.268891068524326, 62.855513764238026, 62.87463306509269, 63.300762100971184, 63.725470187120564, 63.732354098408656, 64.16043616904832, 64.20893661632918, 64.42962554179576, 64.36992406080505, 64.38152691915043, 64.7037691269483, 64.89444777173847, 64.90116585057504, 65.03510509141091, 65.0290107887783, 65.2626636663694, 65.31595470045815, 65.32182796168095, 65.63640986499702, 65.63262483579614, 65.64441034772724, 65.69606481010021, 65.6878572150092, 65.74384059430692, 65.68862475057664, 65.72050400003947, 65.73831416984882, 65.55011940056833, 65.54823930246937, 65.63419001867237, 65.78630997049959, 65.91551156629403, 65.84111273820636, 65.87093252075731, 66.24744693869523, 66.51778697210362, 66.55607476945585, 66.70592324577576], "rmsdiffs": [9.838026276873629, 5.412745884761178, 6.320019019778613, 6.260367696498207, 6.210560836316019, 6.108740637302301, 5.796945075522994, 6.095572791038044, 4.973649758324323, 6.150910815209776, 6.123283864564603, 5.765403557003237, 6.276001729186107, 5.503144964566992, 5.376245506673919, 6.07137028387978, 5.311459302831016, 5.51660588420519, 6.00304326403186, 5.134335274805106, 5.91444612169623, 6.222923299449647, 6.664225971501461, 5.802273671591313, 6.026354628909478, 6.217391230209051, 5.849016476316262, 5.7703442068880735, 5.723695056363833, 5.00319930785754, 5.407776302057683, 5.714302753222479, 5.965208723357254, 5.7563261027884165, 5.765079491264768, 5.559360468476024, 6.095649454398555, 4.706172993330229, 4.987365565109564, 5.642347860222793, 5.6715707935763495, 5.180050790969591, 5.5103737864336, 3.618056423932725]}, "horizontal_movement": [[0.0, 0.40625, 0.0, 0.05555555555555555, -0.38461538461538464, 0.0, -1.0, -0.43333333333333335, 0.0, -0.7, -0.02857142857142857, -0.7586206896551724, -0.8709677419354839, 0.0, -0.5172413793103449, -0.37037037037037035, 0.0, -1.0, 0.0, -1.2121212121212122, -0.5294117647058824, 0.0, 0.5, -0.6666666666666666, -0.02857142857142857, 0.6470588235294118, 0.0, -0.1388888888888889, -0.5789473684210527, 0.0, -0.6, -2.5428571428571427, 0.0, 0.2972972972972973, 0.10810810810810811, -0.29411764705882354, -0.45454545454545453, 0.0, 0.12121212121212122, 0.14705882352941177, -0.05714285714285714, -0.2857142857142857, 0.0, -0.8, -1.0303030303030303], [-0.05263157894736842, 0.5263157894736842, 0.0, -0.4444444444444444, 0.7297297297297297, -0.027777777777777776, -0.5, -0.5151515151515151, -0.027777777777777776, 0.25, -0.027777777777777776, -1.2666666666666666, -0.5161290322580645, 0.0, -0.43333333333333335, -0.46875, 0.03333333333333333, -1.0, 0.0, -2.6206896551724137, -1.411764705882353, 0.0, -0.3939393939393939, -0.28125, -0.02631578947368421, 2.2432432432432434, 0.0, -1.1111111111111112, -0.4722222222222222, -0.1111111111111111, -1.7941176470588236, 0.13333333333333333, 0.0, 0.43333333333333335, -0.05405405405405406, -0.6451612903225806, -0.5483870967741935, 0.0, -0.038461538461538464, -0.4838709677419355, 0.0, 0.15151515151515152, 0.0, -2.032258064516129, -0.35294117647058826], [0.0, 0.0, 0.0, 0.0, -0.1, 0.0, -1.0, -0.05405405405405406, 0.0, -0.75, 0.025, -1.05, -1.0, 0.0, -0.8857142857142857, -0.275, 0.0, -1.0256410256410255, 0.0, -1.0, -0.1, 0.0, -0.2647058823529412, -0.18421052631578946, 0.0, -0.2631578947368421, -0.02564102564102564, -1.105263157894737, -0.28205128205128205, 0.02564102564102564, -1.2820512820512822, -1.2580645161290323, 0.0, -0.7567567567567568, -0.1, -0.972972972972973, -0.7837837837837838, 0.0, -0.6578947368421053, -0.7297297297297297, 0.02631578947368421, -0.7631578947368421, 0.0, -1.0833333333333333, -0.7105263157894737], [0.0, -0.38095238095238093, 0.0, -0.020833333333333332, 0.025, 0.0, -0.975609756097561, -0.16279069767441862, 0.0, -0.6842105263157895, 0.0, -0.9722222222222222, -0.9782608695652174, 0.0, -0.8333333333333334, -0.23529411764705882, 0.0, -0.8958333333333334, 0.0, -0.6486486486486487, -0.13636363636363635, 0.0, -0.3235294117647059, -0.8055555555555556, 0.0, -0.7647058823529411, 0.0, -0.9285714285714286, -0.25, 0.0, -1.0303030303030303, -1.027027027027027, 0.0, -1.0625, 0.0, -1.0857142857142856, -0.8666666666666667, 0.0, -0.7352941176470589, -0.39473684210526316, 0.0, -1.0, 0.0, -1.162162162162162, -0.9555555555555556], [0.0, -0.19148936170212766, 0.0, 0.020833333333333332, -0.06818181818181818, 0.0, -0.8604651162790697, 0.0, 0.0, -0.41304347826086957, 0.0, -0.775, -0.8958333333333334, 0.0, -0.6578947368421053, 0.08333333333333333, 0.0, -0.6875, 0.0, 0.0, 0.09302325581395349, 0.0, 0.0, -0.40476190476190477, 0.0, -0.5121951219512195, 0.0, -0.8695652173913043, 0.09523809523809523, 0.0, -0.8333333333333334, -0.8974358974358975, 0.0, -0.9047619047619048, 0.0, -0.9761904761904762, -0.8695652173913043, 0.0, -0.2894736842105263, -0.325, 0.0, -0.9545454545454546, 0.0, -1.0277777777777777, -0.9230769230769231], [0.0, -0.7391304347826086, 0.0, -0.02127659574468085, -0.6511627906976745, 0.0, -1.0444444444444445, -0.4583333333333333, 0.0, -0.717391304347826, 0.0, -0.8809523809523809, -0.8936170212765957, 0.0, -0.8536585365853658, -0.325, 0.0, -0.65, 0.0, -0.36363636363636365, -0.2571428571428571, 0.0, -0.16666666666666666, -0.7567567567567568, 0.0, -0.7692307692307693, 0.0, -0.8, -0.11627906976744186, 0.0, -0.7555555555555555, -0.8409090909090909, 0.0, -0.8541666666666666, 0.020833333333333332, -0.9782608695652174, -0.8723404255319149, 0.0, -0.5111111111111111, -0.9047619047619048, 0.0, -1.0851063829787233, 0.0, -1.3658536585365855, -1.0681818181818181], [0.0, -1.0, 0.0, 0.0, 0.025, 0.0, -1.2820512820512822, -0.025, 0.0, -0.5945945945945946, 0.0, -0.8648648648648649, -0.9743589743589743, 0.0, -0.5675675675675675, -0.07894736842105263, 0.0, -0.65, 0.0, -0.6111111111111112, -0.05128205128205128, 0.0, -0.18421052631578946, -1.0526315789473684, 0.0, -0.6052631578947368, 0.0, -0.975, -0.5135135135135135, 0.0, -1.1428571428571428, -1.0263157894736843, 0.0, -1.0277777777777777, 0.0, -1.0277777777777777, -0.575, 0.0, -0.16666666666666666, -0.3888888888888889, 0.0, -0.925, 0.0, -1.3076923076923077, -0.4358974358974359], [0.0, -1.0263157894736843, -0.025, 0.0, -0.21052631578947367, 0.0, -1.162162162162162, -0.25, 0.0, -0.5142857142857142, 0.025, -0.9428571428571428, -0.95, 0.0, -0.5428571428571428, -0.08108108108108109, 0.0, -0.675, 0.0, -0.3333333333333333, -0.02702702702702703, 0.0, -0.07894736842105263, -0.717948717948718, 0.0, -0.3888888888888889, 0.0, -0.8205128205128205, -0.1111111111111111, 0.0, -0.7894736842105263, -0.7692307692307693, 0.025, -0.868421052631579, 0.0, -0.9459459459459459, -0.35135135135135137, 0.0, -0.02631578947368421, -0.2894736842105263, 0.0, -0.875, -0.025, -1.0, -0.35], [0.0, -1.2894736842105263, 0.0, -0.15384615384615385, -0.7, 0.0, -1.3421052631578947, -0.39473684210526316, 0.0, -0.7714285714285715, 0.0, -1.0, -1.0263157894736843, 0.0, -1.0, -0.5, 0.0, -0.8421052631578947, 0.0, -0.45714285714285713, -0.10526315789473684, 0.0, -0.3235294117647059, -0.918918918918919, 0.0, -0.75, 0.0, -0.7368421052631579, -0.5142857142857142, 0.0, -0.9743589743589743, -0.975, 0.0, -0.9736842105263158, 0.0, -1.15, -0.55, 0.0, -0.2, -0.5405405405405406, 0.0, -1.0, 0.0, -1.263157894736842, -0.6]], "frame_states": [0, 0, 0, 0, 0, 0, 0, 0, 0, 0, 0, 0, 0, 0, 0, 0, 0, 0, 1, 1, 1, 1, 1, 1, 1, 1, 1, 1, 1, 1, 1, 1, 1, 1, 1, 1, 1, 1, 1, 1, 1, 1, 1, 1],