{
    "frame_states": [
        0, 
        0, 
        0, 
        0, 
        0, 
        0, 
        0, 
        0, 
        0, 
        1, 
        1, 
        1, 
        1, 
        1, 
        1, 
        1, 
        1, 
        1, 
        1, 
        1, 
        1, 
        1, 
        1, 
        1, 
        1, 
        1, 
        1, 
        1, 
        1, 
        1, 
        1, 
        1, 
        1, 
        1, 
        1, 
        1, 
        1, 
        1, 
        1, 
        1, 
        1, 
        1, 
        1, 
        1, 
        1, 
        0, 
        0, 
        0, 
        0, 
        0, 
        0, 
        0, 
        0, 
        0, 
        0, 
        0, 
        0, 
        0, 
        0, 
        0, 
        0, 
        0, 
        0, 
        0, 
        0, 
        0, 
        0, 
        0, 
        0, 
        0, 
        0, 
        0, 
        0, 
        0, 
        0, 
        0, 
        0, 
        0, 
        0, 
        0, 
        0, 
        0, 
        0, 
        0, 
        0, 
        0, 
        0, 
        0, 
        0, 
        0, 
        0, 
        0, 
        0, 
        0, 
        0, 
        0, 
        0, 
        0, 
        0, 
        0, 
        0, 
        0, 
        0, 
        0, 
        0, 
        0, 
        0, 
        0, 
        0, 
        0, 
        0, 
        0, 
        0
    ], 
    "phase1": {
        "rmsdiffs": [
            10.114661829629236, 
            9.307286254748025, 
            6.342509303800999, 
            9.293711777058022, 
            9.172334392081192, 
            6.8360962451723175, 
            9.317479082163667, 
            9.186307613525393, 
            6.619539346889237, 
            9.254692587994404, 
            6.511087741644032, 
            9.365018363277851, 
            9.383682855734623, 
            6.323743227887757, 
            9.162411399107565, 
            9.003061024303781, 
            6.5213938422885915, 
            9.241242382495962, 
            6.445161186182813, 
            9.130673744487071, 
            9.225104069903487, 
            6.271264660790712, 
            9.175529824563641, 
            9.181931200300815, 
            6.9742828052519, 
            8.938056506440775, 
            6.63194400404754, 
            9.371842597040917, 
            9.371240234562265, 
            6.943192757050598, 
            9.23837509169758, 
            9.308614053701286, 
            6.9220257848976825, 
            9.22609478606892, 
            6.7090372806081895, 
            9.388694140958005, 
            9.378928145924023, 
            6.508861740961521, 
            9.396258391682158, 
            9.45613390391227, 
            6.536121710352004, 
            9.217215395215707, 
            6.683127817377005, 
            9.19071938024888, 
            9.255062716195736, 
            6.748325581549552, 
            9.341938684850055, 
            6.845245183015645, 
            9.36982746194756, 
            9.2752191612172, 
            6.619948670790411, 
            9.169622987975577, 
            9.222158755158954, 
            7.049150033217324, 
            9.283778386157378, 
            6.64435339992268, 
            9.385429880314298, 
            9.452630790424871, 
            6.740733089993198, 
            9.522138248786527, 
            9.452287934027613, 
            6.547606291966256, 
            9.47830164046943, 
            6.765483119367021, 
            9.479626491228435, 
            9.542925516000308, 
            6.746589138739945, 
            9.504734152480935, 
            9.532426598637155, 
            6.776057723199182, 
            9.544566913785983, 
            6.743337266742352, 
            9.553400054532643, 
            9.56061575422914, 
            6.574307755058115, 
            9.509838883149607, 
            9.389738921248863, 
            6.969948613147477, 
            9.328029252517982, 
            6.538150043311789, 
            9.536243604193757, 
            9.50078716723257, 
            6.634432175063313, 
            9.200611243264685, 
            9.26565739611203, 
            6.103845781286338, 
            9.179416622471988, 
            6.130779704419542, 
            9.101305608465687, 
            9.240723824851488, 
            6.318875062484993, 
            9.30612920333212, 
            9.279064082956197, 
            6.160120381614293, 
            9.320605902087186, 
            6.102970802111101, 
            9.299965522884287, 
            9.256507058400066, 
            5.999082668384975, 
            9.228814268899638, 
            9.319685169296628, 
            6.645576261244102, 
            9.360647131343976, 
            6.136769296803565, 
            9.378222760447729, 
            9.515663755507658, 
            6.228409085422701, 
            9.678540184575773, 
            9.661334209066233, 
            6.022058237086678, 
            9.69618148717742, 
            6.222115022655335, 
            9.609662117023506
        ],