{"phase1": {"shift_vectors": [[15, 0], [0, -1], [8, 1], [-1, -2], [0, -1], [2, -1], [4, -3], [0, -1], [7, -4], [0, -1], [0, 1], [0, -1], [0, 1], [0, -1], [0, -1], [0, -1], [1, 0], [0, -1], [1, 0], [0, -1], [0, -1], [-1, -2], [1, 0], [0, -1], [0, -1], [0, 1], [0, -1], [0, -1], [0, -1], [0, -1], [0, -1], [0, 1], [0, -1], [0, 1], [0, -1], [1, -2], [0, 1], [-1, -4], [0, -1], [0, -1], [1, -4], [0, 1], [1, -4], [1, -2], [0, 1], [3, -4], [1, -2], [0, 1], [1, 2], [0, 1], [-1, -2], [1, 2], [0, -1], [0, -1], [0, -1], [0, 1], [0, 3], [0, 1], [0, 1], [-2, 3], [0, 1], [0, -1], [0, -1], [0, -1], [1, -2], [0, 1], [-1, -2], [0, 1], [0, -1], [11, 4], [0, 1], [0, -1], [0, -1], [0, 1], [11, 2], [13, 4], [0, 1], [6, -1], [8, -3], [0, -1], [16, 1], [0, -1], [8, 1], [14, -1], [0, 1], [3, -8], [-4, -1], [0, 1], [-11, 6], [0, -1], [0, 1], [-2, 3], [0, -1], [-14, 15], [-28, 7], [0, 1], [-6, 3], [0, -1], [-8, 9], [-14, -11], [0, -1], [-6, -7], [-7, -18], [0, -1], [11, -8], [-1, 0], [6, 3], [16, 9], [0, 1], [14, 5], [4, 5], [0, -1], [3, 6], [0, 1], [1, 2], [7, 0], [0, -1], [-1, -6], [-6, -1], [0, -1], [0, 1], [0, -1], [-3, 6], [-18, 9], [0, -1], [-4, 7], [-4, 5], [0, 1], [0, -5], [0, 1], [2, -11], [52, -11], [0, -1], [29, -22], [38, -9], [1, 0], [51, 6], [1, 0], [12, 35], [-1, 18], [0, 1], [1, 36], [4, 5], [0, 1], [-1, -8], [0, 1], [8, -21], [16, -17], [0, 1], [0, -9], [-6, 7], [0, 1], [-8, 9], [0, -1], [-4, -5], [-8, 1], [0, 1], [-6, -9], [-4, -7], [0, 1], [-8, -13], [0, 1], [-13, -14], [-3, -4], [-1, 0], [-9, -10], [-7, -6], [1, 0], [-4, -1], [1, 0], [-5, -6], [-6, -5], [1, 0], [1, 0], [-8, 7], [1, 0], [20, 19], [-1, 0], [7, -4], [0, 5], [-1, 0], [11, 0], [1, 0], [2, -1], [5, 10], [-1, 0], [2, -5], [0, -3], [1, 0], [13, 2], [-1, 0], [5, -2], [8, 3], [0, -1], [11, 2], [0, 1], [-1, 0], [-3, -4], [-1, 0], [-4, -9], [-7, -8], [1, 0], [-11, -6], [-12, -7], [1, 0], [-2, 3], [1, 0], [2, 9], [-4, 3]], "stand_dev": [42.8567065123992, 42.876167312754184, 42.57146609577964, 42.585554461565195, 42.63120017282311, 42.497178218948186, 42.68920058072558, 42.92510559052955, 43.62214241355406, 43.6667693909298, 43.50751279656492, 43.6379926593922, 43.74144425096667, 43.41059094360707, 43.56483597620867, 43.56531849592142, 44.1725923418168, 44.17135389122015, 43.36174010665414, 43.471455333261474, 43.472418145302036, 43.058478922062136, 42.7954352671676, 42.7838830807208, 43.360599124083556, 43.36670586693398, 44.144834108801255, 44.20553059757739, 44.20328524200111, 44.191625417938866, 44.10328592993567, 44.17091979723351, 43.97617805711415, 43.977730070706315, 43.89042923955345, 44.07300402347426, 44.26432993843389, 44.34823789197044, 44.03486393839344, 44.01865140011915, 44.00962183882206, 44.00725287619739, 44.80844490444125, 45.224928329242644, 45.25676050024926, 45.360811570460484, 45.8772269684231, 45.91190211172807, 46.127230435053356, 46.135368729566785, 46.372088570174505, 47.29716335980896, 47.31165597364093, 48.07737859449306, 49.336270065232846, 49.438759739747375, 48.78998251212344, 48.79717075251238, 48.746927885106665, 47.997261812110764, 48.06219715027964, 49.119874969003554, 49.307596061841785, 49.30055802615869, 48.83455242015318, 48.83857980654029, 48.95070786494934, 48.79777616238743, 48.80029240694799, 48.44750617341764, 48.273225491679355, 48.27278408861805, 47.81403267243815, 47.80637901316592, 47.00637657505292, 47.18181725401004, 47.18156227898341, 47.391634126952596, 46.637715253487286, 46.66103588314983, 46.629851648816675, 46.606095858494946, 47.56680477379383, 49.08500572943272, 49.169507746100244, 49.92810045718548, 49.82101443374549, 49.87527668590081, 50.39335649211439, 50.37235415469173, 50.99152071339106, 51.38639257977378, 51.39153673961772, 52.30557400972358, 53.37203591766137, 53.366664399721444, 53.760977809983856, 53.747248492736446, 54.04076813622964, 53.93970475275364, 53.97130923578532, 51.79571859539198, 51.19762808808317, 51.21792373460402, 51.47865447040495, 51.51766593535252, 51.35748362944949, 51.752368362024015, 51.683846270067214, 52.763723611972644, 53.46630556078512, 53.46106999278396, 55.05725951515499, 55.09417179730553, 55.4304047779515, 55.70104762295191, 55.743838778347076, 55.87558809987684, 56.41804223813507, 56.39505363143836, 56.88869123992177, 56.884383557995776, 56.880650413845814, 56.63887572719016, 56.63709455088494, 56.78763121968092, 57.07041733992201, 57.191092778750715, 56.75715595274471, 56.778636163534074, 55.43031647715992, 55.670325903170195, 55.744096107485866, 53.02718995491177, 54.06236857879544, 54.06191399715129, 55.99414835181001, 56.03653348483088, 55.51061363471134, 53.9590945499285, 53.93916299599906, 51.93108656898399, 51.982233673680746, 51.98564946098494, 52.75532927532855, 52.75134906732345, 52.61515081937253, 54.11874566736513, 54.12175735509823, 55.52970041144207, 55.747568945279326, 55.78716355775153, 55.36970734068612, 55.351189378276885, 55.4235940268511, 55.52566423439465, 55.63535414796963, 55.846776132294735, 55.65500876086437, 55.63088943918749, 55.625697655773955, 55.62542472536199, 55.24326502055734, 55.813641280894295, 55.80362333931905, 55.55126501694131, 55.7068362340814, 55.70415090894771, 55.67351695530649, 55.663116066632675, 55.10832577353471, 55.203686792780225, 55.212264417608246, 55.19281085525693, 56.02132894470275, 55.94157713503062, 57.94705149258581, 57.92637198778995, 60.179929848342525, 63.15366070144283, 63.05630737516107, 63.15889744092556, 63.14441933572736, 62.93072417603222, 60.42003590959328, 60.412455897445426, 60.60947261347724, 61.09053525551918, 61.08529307224277, 59.83382803859943, 59.83944012711299, 60.87374339873097, 60.655684641563575, 60.643431446235105, 59.95965086459576, 60.328075547897896, 60.34907671189995, 60.939021278739894, 60.94779602163912, 62.14591509994598, 63.08031991180378, 63.06905165200496, 63.81534311857471, 64.30828993242139, 64.27827242070198, 63.1615957038273, 63.1284471607736, 62.40860989205976, 62.7342514097403],