{
    "frame_states": [
        0, 
        0, 
        0, 
        0, 
        0, 
        0, 
        0, 
        0, 
        0, 
        0, 
        0, 
        1, 
        1, 
        1, 
        1, 
        1, 
        1, 
        1, 
        1, 
        1, 
        1, 
        1, 
        1, 
        1, 
        1, 
        1, 
        1, 
        1, 
        1, 
        1, 
        1, 
        1, 
        1, 
        1, 
        1, 
        1, 
        1, 
        1, 
        1, 
        1, 
        1, 
        1, 
        1, 
        1, 
        1, 
        1, 
        1, 
        1, 
        1, 
        1, 
        1, 
        1, 
        1, 
        1, 
        1, 
        1, 
        1, 
        1, 
        1, 
        1, 
        1
    ], 
    "phase1": {
        "rmsdiffs": [
            9.917342387832718, 
            6.6481406648868155, 
            4.653777658661995, 
            6.520825885673082, 
            5.693574688339377, 
            4.943938009266641, 
            6.763121462181919, 
            4.547011434892745, 
            6.5750657924937626, 
            5.4623296981395395, 
            4.406969354400791, 
            6.45127397009658, 
            6.555625513538818, 
            4.500996334764587, 
            5.802048697691633, 
            4.370651576233759, 
            6.568559222998655, 
            6.451895212607189, 
            4.305438183063709, 
            5.5287498850331165, 
            6.2179555850056625, 
            4.203206499703702, 
            6.399652089091672, 
            4.175354010898668, 
            5.725458312805274, 
            6.383070426655162, 
            4.130807088899621, 
            6.338492486787251, 
            5.533822121443625, 
            4.382233320463239, 
            6.5091568395037855, 
            4.086162295989187, 
            6.390673826884124, 
            5.458074342442807, 
            3.9884118572130665, 
            6.39794316572672, 
            6.357533111579011, 
            4.046872605124538, 
            5.601162565317666, 
            3.967449829097946, 
            6.391460127814874, 
            6.431995490399829, 
            4.011786560029611, 
            5.375671479289161, 
            6.454276379754358, 
            4.01776073472641, 
            6.37628500810806, 
            4.131845105393095, 
            5.72784945971366, 
            6.446575052947962, 
            4.067257005818831, 
            6.557830630925021, 
            5.841495519204547, 
            4.306441172989769, 
            6.538612358416683, 
            3.988620027468942, 
            6.285156728078064, 
            4.769505522033573, 
            4.013024353072763, 
            5.080163758678326, 
            5.353996227514803
        ], 
        "shift_vectors": [
            [
                11, 
                48
            ], 
            [
                1, 
                0
            ], 
            [
                1, 
                0
            ], 
            [
                1, 
                0
            ], 
            [
                1, 
                0
            ], 
            [
                1, 
                0
            ], 
            [
                2, 
                1
            ], 
            [
                1, 
                0
            ], 
            [
                1, 
                0
            ], 
            [
                1, 
                0
            ], 
            [
                -1, 
                0
            ], 
            [
                1, 
                0
            ], 
            [
                -1, 
                0
            ], 
            [
                1, 
                0
            ], 
            [
                -2, 
                1
            ], 
            [
                1, 
                0
            ], 
            [
                -1, 
                0
            ], 
            [
                -1, 
                0
            ], 
            [
                -1, 
                0
            ], 
            [
                -1, 
                0
            ], 
            [
                -1, 
                0
            ], 
            [
                -1, 
                0
            ], 
            [
                -1, 
                0
            ], 
            [
                1, 
                0
            ], 
            [
                -1, 
                0
            ], 
            [
                -1, 
                0
            ], 
            [
                -1, 
                0
            ], 
            [
                3, 
                0
            ], 
            [
                -1, 
                0
            ], 
            [
                -1, 
                0
            ], 
            [
                -1, 
                0
            ], 
            [
                1, 
                0
            ], 
            [
                3, 
                2
            ], 
            [
                2, 
                1
            ], 
            [
                -1, 
                0
            ], 
            [
                -1, 
                0
            ], 
            [
                -1, 
                0
            ], 
            [
                1, 
                0
            ], 
            [
                -1, 
                0
            ], 
            [
                -1, 
                0
            ], 
            [
                -3, 
                -2
            ], 
            [
                -1, 
                0
            ], 
            [
                -1, 
                0
            ], 
            [
                -1, 
                0
            ], 
            [
                -3, 
                0
            ], 
            [
                -1, 
                0
            ], 
            [
                -2, 
                -1
            ], 
            [
                1, 
                0
            ], 
            [
                -1, 
                0
            ], 
            [
                -2, 
                -1
            ], 
            [
                -1, 
                0
            ], 
            [
                -1, 
                0
            ], 
            [
                -1, 
                0
            ], 
            [
                1, 
                0
            ], 
            [
                -1, 
                0
            ], 
            [
                1, 
                0
            ], 
            [
                -1, 
                0
            ], 
            [
                1, 
                0
            ], 
            [
                1, 
                0
            ], 
            [
                1, 
                0
            ], 
            [
                1, 
                0
            ]
        ],