{
    "brightness": [
        107, 
        106, 
        105, 
        105, 
        105, 
        104, 
        104, 
        105, 
        105, 
        105, 
        104
    ], 
    "horizontal_movement": [
        [
            -0.6296296296296297, 
            -0.34615384615384615, 
            0.0, 
            -0.8888888888888888, 
            -1.6666666666666667, 
            0.0, 
            -0.34782608695652173, 
            0.0, 
            -1.0416666666666667, 
            -0.9545454545454546
        ], 
        [
            1.7142857142857142, 
            0.13043478260869565, 
            0.0, 
            0.6842105263157895, 
            -0.7894736842105263, 
            0.0, 
            0.36666666666666664, 
            0.0, 
            -0.16666666666666666, 
            -0.10714285714285714
        ], 
        [
            -0.03125, 
            -0.027777777777777776, 
            0.0, 
            0.06451612903225806, 
            -1.0294117647058822, 
            0.0, 
            0.0, 
            0.0, 
            -0.3235294117647059, 
            0.0
        ], 
        [
            -1.8484848484848484, 
            -1.6388888888888888, 
            0.0, 
            -3.142857142857143, 
            -4.666666666666667, 
            0.0, 
            -2.7435897435897436, 
            0.0, 
            -4.67741935483871, 
            0.5588235294117647
        ], 
        [
            -0.18181818181818182, 
            -0.24, 
            0.0, 
            -0.6, 
            -1.6538461538461537, 
            0.0, 
            -0.2, 
            0.0, 
            -0.23076923076923078, 
            -0.34375
        ], 
        [
            -0.0425531914893617, 
            0.0, 
            0.0, 
            -0.13043478260869565, 
            -1.125, 
            0.0, 
            0.0, 
            0.0, 
            -0.6, 
            -0.08333333333333333
        ], 
        [
            -0.375, 
            -0.05, 
            0.0, 
            -0.3684210526315789, 
            -1.35, 
            0.0, 
            -0.05, 
            0.025, 
            -0.7948717948717948, 
            -0.21875
        ], 
        [
            0.05555555555555555, 
            -0.10526315789473684, 
            0.0, 
            -0.21621621621621623, 
            -1.0, 
            0.0, 
            -0.05263157894736842, 
            0.0, 
            -0.02631578947368421, 
            0.13157894736842105
        ], 
        [
            -0.02564102564102564, 
            0.02564102564102564, 
            0.0, 
            -0.5263157894736842, 
            -1.1, 
            0.0, 
            0.0, 
            0.0, 
            -0.45, 
            -0.125
        ]
    ], 
    "mean_vector_length": [
        [
            1.1685102398697984, 
            1.095587745163022, 
            0.0, 
            1.4915662201435156, 
            2.016016941437747, 
            0.0, 
            0.42732291846722564, 
            0.0, 
            1.1168026660398263, 
            1.0856194096321246
        ], 
        [
            2.9865511962278646, 
            1.303253776530854, 
            0.0, 
            1.0526315789473684, 
            0.7894736842105263, 
            0.0, 
            0.40820704170784405, 
            0.0, 
            0.45118446353109126, 
            0.8300943102542603
        ], 
        [
            0.7941941738241592, 
            1.0115059322881415, 
            0.0, 
            0.2903225806451613, 
            1.260884049561435, 
            0.0, 
            0.0, 
            0.0, 
            0.3235294117647059, 
            0.9722222222222222
        ], 
        [
            2.1131358727176632, 
            2.0199716760738666, 
            0.0, 
            3.475402129174384, 
            4.872965591256837, 
            0.0, 
            2.9215741368012353, 
            0.0, 
            4.989882875207058, 
            3.1740723729359335
        ], 
        [
            1.3089405125152882, 
            1.1125023680016506, 
            0.0, 
            1.1267196851649064, 
            1.6737880910499432, 
            0.0, 
            0.39375197333470885, 
            0.0, 
            0.25050896446022614, 
            1.1748512993942888
        ], 
        [
            0.8686899388243869, 
            0.7291666666666666, 
            0.0, 
            0.8058927785188147, 
            1.2605665376192225, 
            0.0, 
            0.0, 
            0.0, 
            0.6774506972053017, 
            0.9633883476483184
        ], 
        [
            1.2053300858899103, 
            0.9, 
            0.0, 
            1.067272347002738, 
            1.3618033988749896, 
            0.0, 
            0.18535533905932738, 
            0.025, 
            0.8161135160191331, 
            0.4425711768802619
        ], 
        [
            1.0230118645762831, 
            0.870118292164368, 
            0.0, 
            0.9318569909356508, 
            1.108484670917696, 
            0.0, 
            0.05263157894736842, 
            0.0, 
            0.18421052631578946, 
            0.7246662944208094
        ], 
        [
            0.8692178188874786, 
            0.523441373394182, 
            0.0, 
            0.8176596792596178, 
            1.273703052853818, 
            0.0, 
            0.125, 
            0.025, 
            0.5353553390593274, 
            0.6853553390593274
        ]
    ], 
    "vertical_movement": [
        [
            0.6666666666666666, 
            0.8846153846153846, 
            0.0, 
            0.5555555555555556, 
            -0.6666666666666666, 
            0.0, 
            -0.043478260869565216, 
            0.0, 
            0.08333333333333333, 
            -0.2727272727272727
        ], 
        [
            1.6666666666666667, 
            1.0434782608695652, 
            0.0, 
            0.2631578947368421, 
            0.0, 
            0.0, 
            0.1, 
            0.0, 
            0.16666666666666666, 
            -0.7142857142857143
        ], 
        [
            0.78125, 
            1.0, 
            0.0, 
            0.22580645161290322, 
            0.5588235294117647, 
            0.0, 
            0.0, 
            0.0, 
            0.0, 
            -0.9722222222222222
        ], 
        [
            0.36363636363636365, 
            0.6111111111111112, 
            0.0, 
            0.2857142857142857, 
            0.03333333333333333, 
            0.0, 
            0.5897435897435898, 
            0.0, 
            0.6774193548387096, 
            -0.23529411764705882
        ], 
        [
            1.1818181818181819, 
            0.96, 
            0.0, 
            0.65, 
            0.15384615384615385, 
            0.0, 
            0.26666666666666666, 
            0.0, 
            0.07692307692307693, 
            -0.65625
        ], 
        [
            0.851063829787234, 
            0.7291666666666666, 
            0.0, 
            0.6956521739130435, 
            0.3541666666666667, 
            0.0, 
            0.0, 
            0.0, 
            0.15555555555555556, 
            -0.9166666666666666
        ], 
        [
            1.05, 
            0.85, 
            0.0, 
            0.868421052631579, 
            -0.05, 
            0.0, 
            0.15, 
            0.0, 
            -0.05128205128205128, 
            -0.25
        ], 
        [
            0.9444444444444444, 
            0.7631578947368421, 
            0.0, 
            0.6756756756756757, 
            -0.18421052631578946, 
            0.0, 
            0.0, 
            0.0, 
            -0.15789473684210525, 
            -0.631578947368421
        ], 
        [
            0.6923076923076923, 
            0.41025641025641024, 
            0.0, 
            0.3157894736842105, 
            -0.2, 
            0.0, 
            0.125, 
            0.025, 
            -0.1, 
            -0.525
        ]
    ]
}