{"phase1": {"shift_vectors": [[37, 18], [-6, -1], [0, -1], [4, 3], [3, 2], [0, 1], [1, 0], [3, 2], [0, 1], [13, 4], [0, 1], [5, 4], [-1, 2], [0, -1], [1, 0], [11, -4], [0, -1], [-8, -3], [0, -1], [8, -3], [-4, 5], [0, -1], [-1, 2], [5, -4], [0, -1], [5, -4], [0, 1], [2, -3], [5, 2], [0, 1], [10, -7], [2, -7], [0, 1], [1, -2], [0, 1], [-2, 3], [-1, -2], [0, -1], [18, -7], [9, -8], [0, 1], [9, -8], [0, -1], [5, -6], [-3, -8], [0, 1], [1, -6], [1, -4], [0, 1]], "stand_dev": [61.969083535762294, 61.85871724569828, 61.90562691686804, 63.13856573717101, 61.953595029075814, 61.98139574198512, 61.86261168958552, 61.134460431921056, 61.19592432011538, 60.98764263847096, 61.0006582395103, 60.50294933337895, 60.12850697388287, 60.15667330126784, 60.47731976818347, 59.86234281425383, 59.85708889470864, 59.80398784139315, 59.80329030855759, 59.487977526391234, 59.13846521737221, 59.24614580391557, 58.84810031266882, 58.52073996438305, 58.70681760184032, 57.81689414860297, 57.88897459268723, 56.67866816579713, 57.152302485750646, 57.14375878075255, 58.10829738849198, 57.16507528457693, 57.16582890346574, 56.14505614362328, 56.20592493805073, 55.57016052682734, 55.851627985454336, 55.87020080274267, 55.4221934139967, 55.14679181285198, 55.11789682997637, 55.9939968342003, 55.99193372001559, 54.17164530354288, 54.50855717042253, 54.566760648910495, 53.87360852919668, 54.644155531973574, 55.10570626682857], "rmsdiffs": [9.847533793490241, 8.213382079041097, 6.0503113481432305, 9.055191073997692, 8.917538643675282, 5.943428172369161, 8.718495959522453, 8.85417404929004, 6.093708797446592, 8.930929418473916, 5.822979104770693, 8.705566520146649, 8.166358480297173, 5.9194339210504285, 8.399300196069301, 9.078612772597966, 5.966924050576494, 8.610195884915303, 5.971318255887215, 9.168669297381701, 8.892807585442586, 6.401193525549125, 9.05679220264436, 9.129970247457273, 6.4821149512290415, 9.099810998326022, 5.966485655675976, 8.99319561267693, 8.35419161173561, 5.9997355878368035, 9.197663032587567, 8.821698001303627, 6.118966245278978, 8.812074718476989, 6.052012041979709, 8.954828457154624, 8.799410522853105, 5.746045933671805, 9.2927788167998, 9.221610130249683, 5.741011580061091, 9.035213860468062, 5.855588226210101, 9.057277785536943, 8.725544071571742, 6.231604194958019, 8.827501899936028, 8.85478240801996, 6.765962697108443]}, "frame_states": [0, 0, 0, 0, 0, 0, 0, 0, 0, 0, 0, 0, 0, 0, 0, 0, 0, 0, 0, 0, 0, 0, 0, 0, 0, 0, 0, 0, 0, 0, 0, 0, 0, 0, 0, 0, 0, 0, 0, 0, 0, 0, 0, 0, 0, 0, 0, 0, 0]}