{"phase1": {"shift_vectors": [[37, 18], [-6, -1], [0, -1], [4, 3], [3, 2], [0, 1], [1, 0], [3, 2], [0, 1], [13, 4], [0, 1], [5, 4], [-1, 2], [0, -1], [1, 0], [11, -4], [0, -1], [-8, -3], [0, -1], [8, -3], [-4, 5], [0, -1], [-1, 2], [5, -4], [0, -1], [5, -4], [0, 1], [2, -3], [5, 2], [0, 1], [10, -7], [2, -7], [0, 1], [1, -2], [0, 1], [-2, 3], [-1, -2], [0, -1], [18, -7], [9, -8], [0, 1], [9, -8], [0, -1], [5, -6], [-3, -8], [0, 1], [1, -6], [1, -4], [0, 1]], "stand_dev": [61.969083535762294, 61.85871724569828, 61.90562691686804, 63.13856573717101, 61.953595029075814, 61.98139574198512, 61.86261168958552, 61.134460431921056, 61.19592432011538, 60.98764263847096, 61.0006582395103, 60.50294933337895, 60.12850697388287, 60.15667330126784, 60.47731976818347, 59.86234281425383, 59.85708889470864, 59.80398784139315, 59.80329030855759, 59.487977526391234, 59.13846521737221, 59.24614580391557, 58.84810031266882, 58.52073996438305, 58.70681760184032, 57.81689414860297, 57.88897459268723, 56.67866816579713, 57.152302485750646, 57.14375878075255, 58.10829738849198, 57.16507528457693, 57.16582890346574, 56.14505614362328, 56.20592493805073, 55.57016052682734, 55.851627985454336, 55.87020080274267, 55.4221934139967, 55.14679181285198, 55.11789682997637, 55.9939968342003, 55.99193372001559, 54.17164530354288, 54.50855717042253, 54.566760648910495, 53.87360852919668, 54.644155531973574, 55.10570626682857], "rmsdiffs": [9.847533793490241, 8.213382079041097, 6.0503113481432305, 9.055191073997692, 8.917538643675282, 5.943428172369161, 8.718495959522453, 8.85417404929004, 6.093708797446592, 8.930929418473916, 5.822979104770693, 8.705566520146649, 8.166358480297173, 5.9194339210504285, 8.399300196069301, 9.078612772597966, 5.966924050576494, 8.610195884915303, 5.971318255887215, 9.168669297381701, 8.892807585442586, 6.401193525549125, 9.05679220264436, 9.129970247457273, 6.4821149512290415, 9.099810998326022, 5.966485655675976, 8.99319561267693, 8.35419161173561, 5.9997355878368035, 9.197663032587567, 8.821698001303627, 6.118966245278978, 8.812074718476989, 6.052012041979709, 8.954828457154624, 8.799410522853105, 5.746045933671805, 9.2927788167998, 9.221610130249683, 5.741011580061091, 9.035213860468062, 5.855588226210101, 9.057277785536943, 8.725544071571742, 6.231604194958019, 8.827501899936028, 8.85478240801996, 6.765962697108443]}, "horizontal_movement": [[0.0, -1.9473684210526316, -3.05, 0.0, -1.2564102564102564, -0.975, -0.025, -0.275, 0.0, 0.07692307692307693, -1.0857142857142856, 0.0, -0.03333333333333333, -0.6521739130434783, 0.0, -4.947368421052632, 0.0, -0.7894736842105263, 0.47058823529411764, 0.0, 0.2222222222222222, 0.6, 0.0, 0.3076923076923077, 0.0, -1.1666666666666667, -0.5, 0.0, 0.0, 0.75, 0.0, 2.4444444444444446, 0.0, 0.07692307692307693, -1.3333333333333333, 0.0, 1.6428571428571428, 3.0, 0.0, 0.625, 0.0, 2.8333333333333335, 0.5714285714285714, -0.025, 2.090909090909091, 4.5, 0.0, 1.9, 0.0, 4.857142857142857], [0.0, -2.066666666666667, -2.8823529411764706, 0.0, -0.5625, -1.0588235294117647, 0.0, 0.05, 0.0, 0.05555555555555555, -0.3333333333333333, 0.0, 0.08333333333333333, -0.5185185185185185, 0.0, -4.9655172413793105, 0.0, -0.8076923076923077, -0.7931034482758621, 0.05, -0.7037037037037037, -0.5, 0.07692307692307693, -0.34782608695652173, 0.0, -1.0952380952380953, 0.8421052631578947, 0.0, -0.3888888888888889, 0.08333333333333333, 0.025, 2.0, 0.0, 0.26666666666666666, 1.4545454545454546, 0.0, 1.8125, 3.9, 0.0, 0.6190476190476191, 0.0, 1.25, -1.04, 0.0, 0.7931034482758621, 0.3939393939393939, -0.075, 0.6, 0.0, 0.13513513513513514], [0.0, -2.0, -3.107142857142857, 0.0, -1.4827586206896552, -0.9230769230769231, 0.0, -0.037037037037037035, 0.0, 0.4642857142857143, -1.0, 0.0, -0.06666666666666667, -0.75, 0.0, -5.071428571428571, 0.0, -1.0, -0.8709677419354839, 0.0, -1.0, -0.7272727272727273, -0.4, -0.30303030303030304, 0.0, -0.34375, 0.7142857142857143, 0.0, -0.8181818181818182, -0.02631578947368421, 0.0, 0.7692307692307693, 0.0, -0.975, -1.2727272727272727, 0.0, -0.2, 0.07692307692307693, 0.0, -0.15, 0.0, 0.925, -1.605263157894737, 0.0, 0.47368421052631576, 0.14285714285714285, 0.0, 0.7027027027027027, 0.0, -0.030303030303030304], [0.0, -2.5555555555555554, -0.7692307692307693, 0.0, -1.7, -1.0, 0.0, -0.32, 0.0, -0.4666666666666667, -1.3846153846153846, 0.0, -1.05, -8.071428571428571, 0.0, -7.181818181818182, 0.0, -0.375, 1.4285714285714286, 0.0, 5.5, 3.75, 0.0, 0.0, 0.0, 0.0, 0.0, 0.0, 0, 0, 0.0, 0, 0.0, 1.6, 0, 0.0, 0, 1.0, 0.0, 0.0, 0.0, 1.0, 0, 0.0, 8.0, 0.5, 0.0, 13.5, 0.0, 7.333333333333333], [0.0, 9.5, 0, 0.0, -1.0, -1.3333333333333333, 0.0, 0.0, 0.0, 11.5, 0, 0.0, 0.0, 0, 0.0, -5.0, 0.0, 0, 0, 0.0, 0, 0, 0.0, 0, 0.0, 0, 14.6, 0.0, 15.571428571428571, 8.23076923076923, 0.0, 4.0, 0.0, 0.4, -0.8, 0.0, 0.7777777777777778, 1.0, 0.0, -0.1, 0.0, 1.0, 4.375, 0.0, 3.272727272727273, 4.454545454545454, 0.0, 7.083333333333333, 0.0, 5.4], [0.0, -2.9, -4.090909090909091, 0.0, -2.0, -0.6666666666666666, 0.0, 0.0, 0.0, -0.4166666666666667, -1.0769230769230769, 0.0, -0.35714285714285715, -0.058823529411764705, 0.0, -5.3076923076923075, 0.0, -0.36363636363636365, -1.04, 0.0, -0.5238095238095238, -0.4782608695652174, 0.020833333333333332, 1.32, 0.0, 0.08695652173913043, 0.25925925925925924, 0.0, -0.76, 0.0, 0.0, 0.6086956521739131, 0.0, -1.1379310344827587, -1.0, 0.0, 0.0, 0.7586206896551724, 0.0, 0.0, 0.0, 1.0, 0.0, 0.0, 2.588235294117647, 2.0, 0.0, 5.533333333333333, 0.0, 3.1875], [0.0, 15.75, 17.88888888888889, 0.0, 22.692307692307693, 27.41176470588235, 0.0, 29.5, 0.0, 33.8, 28.0, 0.0, 25.25, 0, -0.025, -54.0, 0.0, -6.25, 26.25, 0.025, 24.6, 33.0, 0.0, 28.333333333333332, 0.0, 0, 0, 0.0, 0, 31.166666666666668, 0.0, 28.5, 0.0, 0, 47.666666666666664, 0.0, 0, 0, 0.0, 29.0, 0.0, 0, 0, 0.0, 0, 24.5, 0.0, 0, 0.0, 0], [0.0, 20.27777777777778, 14.782608695652174, 0.0, 19.043478260869566, 16.4, 0.0, 20.153846153846153, 0.0, 22.444444444444443, 26.5, 0.0, 21.5, 23.8, 0.0, 0, 0.0, 0, -37.0, -0.025, -37.0, -6.0, 0.0, -13.5, -0.025, -22.0, 0, 0.0, 17.142857142857142, 32.888888888888886, 0.0, 39.666666666666664, 0.0, 34.0, 31.142857142857142, 0.0, 18.0, 33.0, 0.0, 53.0, 0.05, 0, 23.4, 0.0, 0, 22.333333333333332, 0.0, 0, 0.0, 23.75], [0.0, 0.6153846153846154, 1.75, 0.0, 15.25, 4.833333333333333, 0.0, 16.666666666666668, 0.0, 0, 9.333333333333334, 0.0, 11.5, 18.0, 0.0, 18.142857142857142, 0.0, 18.0, 13.666666666666666, 0.0, 0, 0, 0.0, 10.0, 0.0, 3.125, 12.0, -0.05, -35.0, -8.5, 0.0, -0.6666666666666666, 0.0, 9.75, 9.285714285714286, 0.0, 13.416666666666666, 29.0, 0.0, 15.666666666666666, 0.0, 16.875, 14.5, 0.0, 16.25, 15.6, 0.0, 18.5, 0.0, 11.0]], "frame_states": [0, 0, 0, 0, 0, 0, 0, 0, 0, 0, 0, 0, 0, 0, 0, 0, 0, 0, 0, 0, 0, 0, 0, 0, 0, 0, 0, 0, 0, 0, 0, 0, 0, 0, 0, 0, 0, 0, 0, 0, 0, 0, 0, 0, 0, 0, 0, 0, 0], "brightness": [103, 103, 101, 104, 104, 104, 105, 105, 107, 107, 108, 110, 110, 110, 109, 109, 107, 107, 104, 104, 104, 103, 100, 100, 98, 98, 102, 104, 104, 102, 99, 99, 103, 103, 103, 102, 102, 100, 96, 96, 95, 95, 99, 95, 95, 94, 97, 97, 98, 99, 101],