{"phase1": {"shift_vectors": [[-53, 4], [-11, 0], [1, 0], [-3, 0], [-4, 1], [-1, 0], [-13, 0], [-1, 0], [-11, 2], [-3, 0], [-1, 0], [-8, 1], [-5, 0], [-1, 0], [-5, 0], [-1, 0], [-8, -1], [-9, 0], [-1, 0], [-4, 1], [-8, 1], [1, 0], [-5, -2], [-1, 0], [-1, 0], [-1, 0], [1, 0], [1, 0], [1, 0], [-1, 0], [1, 0], [1, 0], [1, 0], [-1, 0], [-1, 0], [-1, 0], [-1, 0], [-1, 0], [3, 0], [1, 0], [6, -1], [10, -1], [-1, 0], [6, -1], [8, -1], [-1, 0], [8, -1], [1, 0], [4, -1], [7, 0], [1, 0], [10, 1], [5, 2], [-1, 0], [8, 1], [1, 0], [4, -1], [5, 0], [-1, 0], [7, 0], [7, 0], [1, 0], [4, -1], [1, 0], [5, -2], [10, -1], [1, 0], [4, -1], [7, 0], [1, 0], [6, 1], [1, 0], [3, 0], [8, 1], [1, 0], [6, -1], [4, -1], [1, 0], [10, -1], [1, 0], [10, -1], [3, 0], [1, 0], [9, 0], [9, 0], [-1, 0], [5, 0], [1, 0], [14, -1], [11, 0], [-1, 0], [5, 0], [9, 0], [-1, 0], [8, 1], [-1, 0], [4, 1], [5, 2], [-1, 0], [6, 3], [-1, 0], [1, 0], [6, 1], [-1, 0], [7, 2], [-1, 0], [-1, 0], [8, 1], [5, 0], [1, 0], [-1, 0], [-1, 0], [6, 1], [6, -1], [-1, 0], [3, 0], [-1, 0], [5, 0], [-1, 0], [-1, 0], [4, 1], [5, 0], [-1, 0], [4, -1], [-1, 0], [1, 0], [1, 0], [1, 0], [4, -1], [6, -1], [-1, 0], [3, 0], [1, 0], [7, 0], [7, 0], [-1, 0], [3, 0], [7, 0], [1, 0], [7, 0], [-1, 0], [3, 0], [5, 0], [-1, 0], [5, 0], [2, -1], [-1, 0], [5, 0], [1, 0], [4, -1], [2, -1], [1, 0], [6, -3], [6, -1], [1, 0], [4, -1], [1, 0], [6, -1], [6, -1], [1, 0], [3, 0], [7, 0], [1, 0], [8, -1], [1, 0], [3, 0], [8, 1], [1, 0], [7, 2], [3, 0], [-1, 0], [6, 1], [1, 0], [7, 2], [3, 0], [-1, 0], [7, 2], [7, 0]], "stand_dev": [81.72111611402694, 81.46688280847198, 81.46969127142928, 82.58489680609655, 82.94578382117729, 82.96315008591591, 82.95933503181908, 82.9824820550592, 83.36507781482598, 83.82263397748852, 83.84957377303758, 84.44765324201211, 84.20818223160305, 84.39127684657085, 84.76469782694362, 84.8024741261766, 85.4649432913952, 85.44167603892406, 85.42094046922614, 85.62540416513158, 86.1211813505648, 86.13460775200359, 85.76340800266439, 85.76795977143668, 85.69519565834364, 86.03488114323939, 86.03487298978268, 85.68604482568206, 85.4507947222925, 85.48437295568742, 85.66355901456173, 85.67916641097135, 85.5452779007719, 85.26415136651362, 85.2717142849306, 85.20377698950013, 85.21630293010097, 85.46829395521105, 85.0295601937551, 85.05376426174698, 84.36434874675065, 84.16023649651713, 84.15125574732022, 84.14077485824885, 83.5337954232216, 83.55699047235859, 84.36937526581728, 84.37322405860128, 84.53913159060315, 83.95923271121978, 83.99113310199334, 83.49524145698767, 84.30615681368978, 84.36082150836734, 84.07941444091723, 84.13837997138586, 83.64893725732396, 83.82377134345622, 83.82818679585655, 84.61228868675833, 84.18122973750988, 84.33709937953184, 83.90029700324376, 83.93025293298558, 83.65193576697581, 82.92786281174104, 82.9243122738409, 82.25030498983263, 81.89504242810413, 81.9429521239502, 82.12264771701331, 82.13208344990174, 81.71157221772324, 81.96228662610687, 81.95509477933031, 82.63186328210679, 81.86546464962534, 81.8606923842372, 81.1972765301896, 81.21184583471519, 81.54627427473594, 81.71113389921776, 81.73162128230923, 81.50232763271957, 81.75501094597739, 81.93987861696652, 81.89728064296915, 81.92604491456069, 80.66049020267478, 80.63311346320845, 80.66109775217588, 80.75592758326431, 80.92606286938376, 81.0009262947474, 80.90146194832612, 80.95746990171153, 81.2685027706559, 81.62009037191253, 81.65808773499862, 81.51925932521604, 81.81921134378875, 81.851226287882, 82.26342480481249, 82.33537743037162, 82.53014720752387, 82.69945608160211, 82.72380081183114, 83.3466090656272, 82.4022148741538, 82.39624820271925, 82.29719074771414, 82.35432878526093, 82.84273496425944, 82.94927922923048, 82.96155219335884, 83.01622982051668, 83.01915309924792, 83.00706748349738, 82.97791759406392, 83.0272943636205, 82.59536403441341, 82.44879921621298, 82.44651851586559, 82.81045643039268, 82.85089418779086, 82.82294018547074, 82.40349133226873, 82.45597366135809, 82.3696309473392, 81.44070932746914, 81.46701092887659, 80.92623185803726, 80.9264266495602, 81.25533351296968, 82.09313111179178, 81.94361259288407, 81.96173553733539, 82.07963276595804, 82.09481135486209, 81.70420127559063, 81.71402220195725, 81.36180612160501, 80.70573628048405, 80.74127288328336, 80.98077349732164, 81.45781754072783, 81.46445325455372, 81.9599099330983, 81.97722423973104, 81.75390120967437, 81.36307673169686, 81.38299507716857, 80.84852083979739, 81.26232126995181, 81.28899232691288, 81.19026432623907, 81.16390962650925, 81.21829440069428, 81.23199469631186, 81.13439297852644, 81.06215248635547, 80.64362817876375, 80.65208336834596, 80.9388605366181, 80.94554836745277, 81.14057640924038, 81.37240801681448, 81.386869791744, 81.71160518417616, 82.04702719356644, 82.0485069848178, 81.91214559423928, 81.91136016737907, 81.67807173491333, 81.93901309048113, 81.98082124348458, 82.04197707712471, 82.15276250254875],