{"phase1": {"shift_vectors": [[-25, 14], [-4, 1], [-1, 0], [-3, 0], [-5, 0], [1, 0], [-6, 1], [-3, 0], [1, 0], [-10, 1], [-1, 0], [-10, 1], [-6, 1], [1, 0], [-11, 0], [-13, 0], [1, 0], [-5, 0], [-1, 0], [-13, 0], [-13, 0], [-1, 0], [-7, 0], [-1, 0], [-13, 0], [-13, 0], [-1, 0], [-6, 1], [-13, 2], [-1, 0], [-12, 1], [-1, 0], [-6, 1], [-10, 1], [1, 0], [-10, 1], [-5, 0], [-1, 0], [-10, -1], [1, 0], [-9, 0], [-5, 0], [-1, 0], [-9, 0], [-11, 0], [-1, 0], [-5, 0], [-1, 0], [-11, 0], [-11, 0], [1, 0], [-6, -1], [-13, 0], [1, 0], [-13, 0], [1, 0], [-7, 0], [-13, 0], [-1, 0], [-15, 0], [-7, 0], [-1, 0], [-15, 0], [-1, 0], [-15, 0], [-7, 0], [1, 0], [-17, 0], [-17, 0], [-1, 0], [-9, 0], [-1, 0], [-5, 0], [-11, 4], [-1, 0], [-7, 0]], "stand_dev": [48.27115711479385, 48.37730764026349, 48.44651812808583, 48.45223057950139, 48.37660666271339, 48.626779918787385, 48.501785471972184, 48.463574719672856, 48.47026668050447, 48.825217002841214, 48.82938889904291, 49.13401475197158, 49.212601365715905, 49.26593885774931, 49.26749314126654, 49.20743358308063, 49.19964352383416, 49.2232347982457, 49.28346731067141, 49.161499094918206, 48.88529652966519, 48.95725387326652, 48.796337197732406, 48.85048538833875, 48.88095461211181, 48.60686420379145, 48.64113262114563, 48.559543125774546, 48.56596693380029, 48.721420589351375, 48.34258111954465, 48.40162287195365, 48.14652979660548, 48.358417415344626, 48.37194087832599, 48.18317685660058, 48.109788424716584, 48.1542876821601, 47.733576978906484, 47.733931040534635, 47.33196709012247, 47.35613799536001, 47.35359826629162, 47.08688096908784, 46.74540910303812, 46.820679902792776, 46.518998607221974, 46.611098580426926, 46.4571380216618, 46.06912364678705, 46.06518313876465, 45.79437245833739, 45.17211461896364, 45.2558240903165, 44.48035742630014, 44.475265059149464, 44.25258549889528, 43.827342586381164, 43.86894465815081, 43.48659533836929, 43.233093149871294, 43.22428931787601, 42.67014489611616, 42.66875861964632, 42.23950820790292, 41.94838603318912, 41.99894175072876, 41.68114734920016, 41.21496513663383, 41.252217277848345, 41.06996679841362, 41.06828364068818, 40.86720722514332, 40.8645461777152, 40.89927360120336, 40.52242458839772], "rmsdiffs": [9.893577469000267, 5.731110092013147, 5.681294599735721, 5.5560917236474605, 5.60131022980014, 5.971791118843774, 5.969611895196765, 6.07968303347681, 5.4999166146601, 6.119285211614446, 5.57870528921161, 5.787691565467504, 6.195909226535458, 5.617501280808819, 6.110485788051368, 4.951626267561264, 5.480445312264947, 5.340275173868236, 5.568896735466272, 6.25890682023953, 6.180753197086018, 5.4889794110369, 5.248068594972063, 5.3009334715989604, 6.650026748103148, 6.313948761537219, 5.3625167422734705, 3.767402992482844, 5.980688347629682, 5.738348821027938, 5.029301770805686, 5.428821281296718, 5.423631210434282, 4.749630154338098, 5.334837750781227, 5.979585689597007, 6.1180762820371815, 5.406916106620997, 6.027940426979931, 5.306056355359678, 5.959592394097593, 3.4083346970073447, 5.2065066697655, 5.24859299939734, 5.760385351027613, 5.152042760006847, 4.8971794513962426, 5.104710815426164, 5.536365859945535, 5.1019317565825295, 5.165343024619877, 4.426670361576224, 5.9300260630649975, 5.466200821150357, 5.759816990122367, 5.117148319184774, 4.534982895373535, 5.4314028886002585, 5.1759575373497055, 6.134661812647503, 5.909097985562942, 5.189067497336535, 5.88719665413382, 5.295899618896747, 6.6951856666646, 6.093914240212968, 5.304601959382758, 5.932293285102685, 5.596203712085445, 5.368496741137785, 5.771840626310718, 5.292678495962519, 8.65878149267452, 8.294284669497893, 5.5155318858658395, 7.1011959204128265]}, "frame_states": [0, 0, 0, 0, 0, 0, 0, 0, 0, 0, 0, 0, 0, 0, 0, 0, 0, 0, 0, 0, 0, 0, 0, 0, 0, 0, 0, 0, 0, 0, 0, 0, 0, 0, 0, 0, 0, 0, 0, 0, 0, 0, 0, 0, 0, 0, 0, 0, 0, 0, 0, 0, 0, 0, 0, 0, 0, 0, 0, 0, 0, 0, 0, 0, 0, 0, 0, 0, 0, 0, 0, 0, 0, 0, 0, 0]}