{
    "frame_states": [
        0, 
        0, 
        0, 
        0, 
        0, 
        0, 
        0, 
        0, 
        0, 
        0, 
        0, 
        0, 
        0, 
        0, 
        0, 
        0, 
        0, 
        0, 
        1, 
        1, 
        1, 
        1, 
        1, 
        1, 
        1, 
        1, 
        1, 
        1, 
        1, 
        1, 
        1, 
        1, 
        1, 
        1, 
        1, 
        1, 
        1, 
        1, 
        1, 
        1, 
        1, 
        1, 
        1, 
        1
    ], 
    "phase1": {
        "rmsdiffs": [
            9.838026276873629, 
            5.412745884761178, 
            6.320019019778613, 
            6.260367696498207, 
            6.210560836316019, 
            6.108740637302301, 
            5.796945075522994, 
            6.095572791038044, 
            4.973649758324323, 
            6.150910815209776, 
            6.123283864564603, 
            5.765403557003237, 
            6.276001729186107, 
            5.503144964566992, 
            5.376245506673919, 
            6.07137028387978, 
            5.311459302831016, 
            5.51660588420519, 
            6.00304326403186, 
            5.134335274805106, 
            5.91444612169623, 
            6.222923299449647, 
            6.664225971501461, 
            5.802273671591313, 
            6.026354628909478, 
            6.217391230209051, 
            5.849016476316262, 
            5.7703442068880735, 
            5.723695056363833, 
            5.00319930785754, 
            5.407776302057683, 
            5.714302753222479, 
            5.965208723357254, 
            5.7563261027884165, 
            5.765079491264768, 
            5.559360468476024, 
            6.095649454398555, 
            4.706172993330229, 
            4.987365565109564, 
            5.642347860222793, 
            5.6715707935763495, 
            5.180050790969591, 
            5.5103737864336, 
            3.618056423932725
        ], 
        "shift_vectors": [
            [
                63, 
                0
            ], 
            [
                -4, 
                1
            ], 
            [
                1, 
                0
            ], 
            [
                -6, 
                3
            ], 
            [
                1, 
                0
            ], 
            [
                -6, 
                3
            ], 
            [
                -8, 
                3
            ], 
            [
                -1, 
                0
            ], 
            [
                -8, 
                1
            ], 
            [
                -6, 
                1
            ], 
            [
                -1, 
                0
            ], 
            [
                -9, 
                2
            ], 
            [
                1, 
                0
            ], 
            [
                -10, 
                1
            ], 
            [
                -5, 
                0
            ], 
            [
                -1, 
                0
            ], 
            [
                -9, 
                2
            ], 
            [
                -8, 
                1
            ], 
            [
                1, 
                0
            ], 
            [
                -4, 
                1
            ], 
            [
                -1, 
                0
            ], 
            [
                -6, 
                1
            ], 
            [
                -5, 
                2
            ], 
            [
                1, 
                0
            ], 
            [
                -3, 
                0
            ], 
            [
                -6, 
                1
            ], 
            [
                -1, 
                0
            ], 
            [
                -5, 
                0
            ], 
            [
                -1, 
                0
            ], 
            [
                -3, 
                0
            ], 
            [
                -6, 
                1
            ], 
            [
                1, 
                0
            ], 
            [
                -7, 
                0
            ], 
            [
                -4, 
                1
            ], 
            [
                -1, 
                0
            ], 
            [
                -9, 
                0
            ], 
            [
                -1, 
                0
            ], 
            [
                -8, 
                1
            ], 
            [
                -4, 
                1
            ], 
            [
                -1, 
                0
            ], 
            [
                -6, 
                3
            ], 
            [
                -6, 
                1
            ], 
            [
                -1, 
                0
            ], 
            [
                -3, 
                0
            ]
        ], 
        "stand_dev": [
            60.49037168637278, 
            60.93679080602471, 
            60.98470337582839, 
            61.59338273046633, 
            61.59414264044577, 
            62.268891068524326, 
            62.855513764238026, 
            62.87463306509269, 
            63.300762100971184, 
            63.725470187120564, 
            63.732354098408656, 
            64.16043616904832, 
            64.20893661632918, 
            64.42962554179576, 
            64.36992406080505, 
            64.38152691915043, 
            64.7037691269483, 
            64.89444777173847, 
            64.90116585057504, 
            65.03510509141091, 
            65.0290107887783, 
            65.2626636663694, 
            65.31595470045815, 
            65.32182796168095, 
            65.63640986499702, 
            65.63262483579614, 
            65.64441034772724, 
            65.69606481010021, 
            65.6878572150092, 
            65.74384059430692, 
            65.68862475057664, 
            65.72050400003947, 
            65.73831416984882, 
            65.55011940056833, 
            65.54823930246937, 
            65.63419001867237, 
            65.78630997049959, 
            65.91551156629403, 
            65.84111273820636, 
            65.87093252075731, 
            66.24744693869523, 
            66.51778697210362, 
            66.55607476945585, 
            66.70592324577576
        ]
    }
}