{"phase1": {"shift_vectors": [[-12, -7], [-13, 2], [0, 1], [0, 1], [0, -1], [-1, 4], [0, -1], [0, 1], [0, -1], [2, 3], [1, 2], [0, 1], [0, -1], [-1, 2], [0, 1], [2, 3], [0, 1], [2, 3], [4, 5], [0, 1], [3, 4], [0, 1], [0, -1], [0, -5], [0, 1], [5, -6], [-1, -2], [0, -1], [4, 5], [-4, 5], [0, -1], [-2, 5], [0, -1], [-4, 7], [-3, 8], [0, 1], [1, 0], [2, -3], [0, -1], [-1, 0], [0, -1], [0, 1], [2, 1], [0, -1], [-1, 0], [0, 1], [0, -1], [0, -1], [0, -1], [0, 1], [1, -2], [0, 1], [-1, 0], [0, 1], [0, 1], [0, 1], [0, -1], [2, 3], [2, 5], [0, 1], [0, 1], [0, -1], [0, -1], [0, -1], [0, -1], [-5, 0], [-3, -2], [0, -1], [-2, -1], [0, -1], [0, -1], [-1, -2], [0, 1], [0, -1], [-1, 2], [0, 1], [0, 1], [0, -1], [0, -1], [1, -2], [0, 1], [-1, -2], [0, -1], [0, -1], [0, 1], [0, 1], [0, -1], [0, -1], [0, 1], [1, -2], [0, 1], [0, -1], [0, -1], [0, -1], [0, 1], [0, 1], [0, -1], [0, -1], [0, 1], [0, 1], [1, -2], [0, 1], [0, -1], [0, -1], [0, 1], [0, -1], [0, 1], [0, -1], [-1, 2], [0, 1], [0, 1], [-1, 2], [-1, 0], [1, 2], [0, -1], [0, 1], [0, 1], [0, -1], [0, -1], [0, 1], [0, -1], [0, -1], [2, -3], [0, -1], [0, 1]], "stand_dev": [51.56920569163686, 52.94136679656715, 52.73696497897187, 52.78736579127083, 52.835744352164184, 52.79991772567906, 52.8148931974888, 52.95141289035178, 52.95554992173186, 52.83672192126826, 52.42518955041731, 52.51849748566138, 52.585024772441436, 52.7507046792431, 52.75574204955486, 52.54011595539362, 52.593382720084435, 52.29755412065581, 52.39548821380999, 52.4660324223675, 52.052622831491995, 52.01069810824484, 52.01409064675967, 52.050179316640694, 52.288048176976204, 52.43291302717378, 52.3894754720126, 52.39784777734462, 52.23621698223377, 51.63079991028597, 51.62767253299512, 51.5217830868928, 51.51182575577745, 51.7322355296423, 51.85872803647912, 51.90365259816152, 52.49950681631123, 52.37050313419818, 52.36208836636128, 52.2989218601002, 52.306034219447184, 52.27806598945958, 51.85709880568941, 51.85170041734432, 51.83152587578021, 51.70433249198167, 51.707457074111666, 51.690662271531366, 52.18318848287647, 52.20846076453724, 51.83395438973785, 51.879573961830154, 51.80338479078861, 51.70956595665044, 51.794198098547, 51.53407578338731, 51.652721139760665, 51.44232052743363, 51.61525056066609, 51.62711028266363, 52.141943361175926, 51.909834981964025, 51.917850473426846, 51.631169116259215, 51.66750190372675, 51.64922165902628, 51.62049892468034, 51.62489152005325, 51.53257079584201, 51.266384692638425, 51.33307348446612, 51.58447341995174, 51.909194128191196, 51.91484776532996, 51.635644096546955, 51.68960743673219, 51.46709857970798, 51.20669623507579, 51.24384519527423, 51.46824009950837, 51.46562581550577, 51.341303045614474, 50.93861610472704, 50.95878171643445, 51.63861936766611, 51.79448250441501, 51.787887664029405, 51.6985900610191, 51.757170216653876, 51.49538227188078, 51.394304316288576, 51.413971354082136, 51.506100958592874, 51.56159299043092, 51.68279649264245, 51.44842850252468, 51.789473612375836, 51.77366454016828, 51.74742710710151, 51.805106045661454, 51.493702820585845, 51.55885105052448, 51.72579563044414, 51.60964035732194, 51.72682907895933, 51.886981408963514, 51.69369137656592, 51.81800513956836, 52.03637855342515, 52.15246884841292, 51.46915568112612, 51.74076358684722, 51.752817140792594, 51.84667804738132, 51.9490950509803, 52.0004980440736, 51.79341529103814, 51.85701765647229, 51.83918940687985, 51.47675094677964, 51.91244102724274, 51.68971697914645, 51.47870816459861, 51.56622981043604, 51.51949466517939], "rmsdiffs": [8.880374426960296, 8.675340957179532, 8.017570255348119, 6.590245928622197, 8.14844699132746, 8.196017203540908, 6.695089314279821, 6.459746191341109, 6.7100920360537515, 9.187407614843163, 9.085982559845625, 6.771747759835804, 7.3486694170140145, 7.086625086195835, 6.846960737729635, 7.757941727280172, 6.886137471454227, 8.649101420612114, 9.506409994625495, 6.872488462495293, 8.868243156740176, 7.729206256296159, 6.777661777069243, 7.512747089981678, 7.0368320074133575, 8.14363526443053, 6.981521308628304, 6.771969174780573, 9.471910442473675, 7.846573887025443, 6.7201068705025016, 6.955651635384943, 6.653553069904755, 7.398429107317897, 6.627400970803016, 6.8164568700930275, 8.80710987303844, 8.413514141976615, 6.949037277262222, 9.365446329019736, 6.934947239186929, 7.935706621916948, 6.931478759060392, 6.860887008483341, 7.894509943903456, 7.452692022645315, 6.868886874461569, 7.500203107741924, 7.343748703549935, 8.392291321276325, 7.936172758878709, 6.894226407989802, 9.530712282550711, 7.9157149833588365, 6.890160228437188, 7.152554779076357, 6.902742203672545, 8.797492324585741, 6.670368708822841, 6.947668618607489, 7.380964905197347, 8.316595976006873, 6.996796857165833, 7.718684767071796, 6.9406776769706635, 6.334230838464969, 7.838713673936076, 6.899881538888648, 8.36730106466947, 6.611888534002401, 6.847373271355242, 8.26713470924384, 7.28674621753212, 6.035382341406697, 8.635587853264525, 6.866419056145357, 6.649600879178215, 6.673024873920864, 6.7935594781387145, 6.190512088326802, 6.809681158914302, 7.180316542226197, 6.5501503709163496, 6.783074660167313, 7.4231297410999995, 7.050335710808209, 6.9332826461993555, 8.005756383477314, 6.912146732977916, 8.513957207087579, 7.013646603860506, 6.799235924527227, 6.790562766665388, 6.827928881686633, 7.506605436153862, 7.243555932122201, 7.218098698144546, 8.303932350345145, 7.775167207491863, 6.891023994963618, 8.040854734182561, 6.847753682879719, 7.214978809397552, 7.635126728950274, 6.810401116709172, 7.74946000679634, 7.7329815277032345, 6.746066570328905, 8.77987240309266, 7.192302349868365, 8.166782432905059, 6.727256337355185, 6.9103022990835345, 7.3235189346520775, 7.159367706788274, 6.887012801952806, 8.207425810819823, 6.910609853806829, 7.284569931556957, 7.378210610815386, 7.360604251775358, 8.144661768320049, 6.246591582227858, 7.005366588380972, 7.694056611299595]}, "frame_states": [0, 0, 0, 0, 0, 0, 1, 1, 1, 1, 1, 1, 1, 1, 1, 1, 1, 1, 1, 1, 1, 1, 1, 1, 1, 1, 1, 1, 1, 1, 1, 1, 1, 1, 1, 1, 1, 1, 1, 1, 1, 1, 1, 1, 1, 1, 1, 1, 1, 1, 1, 1, 1, 1, 1, 1, 1, 1, 1, 1, 1, 1, 1, 1, 1, 1, 1, 1, 1, 1, 1, 1, 1, 1, 1, 1, 1, 1, 1, 1, 1, 1, 1, 1, 1, 1, 1, 1, 1, 1, 1, 1, 1, 1, 1, 1, 1, 1, 1, 1, 1, 1, 1, 1, 1, 1, 1, 1, 1, 1, 1, 1, 1, 1, 1, 1, 1, 1, 1, 1, 1, 1, 1, 1, 1]}