{"phase1": {"shift_vectors": [[20, 11], [0, 1], [0, 1], [0, 1], [-8, -7], [-3, 4], [0, -1], [-1, -2], [-14, -5], [0, -1], [-13, -2], [0, 1], [-2, 3], [-7, 8], [0, -1], [-2, 5], [1, 0], [1, 0], [10, -3], [0, 1], [10, -5], [1, -2], [0, 1], [4, -7], [2, 1], [0, 1], [2, 5], [0, 1], [-3, 4], [0, 1]], "stand_dev": [86.69341291619216, 86.50701594331312, 86.43098762418472, 86.4464970933998, 85.0618896120359, 84.14350828408736, 84.13864734820099, 83.89950730928665, 83.14822100194988, 83.16872653211452, 82.82215345724171, 82.85310509209233, 82.88126486666428, 82.86462444620884, 82.87474794687849, 82.59302504423498, 82.29376519034317, 82.30242715400777, 80.8348512104334, 80.88395609105733, 80.35980505265961, 79.85285035045256, 79.87947506286218, 78.72374125298224, 78.79862187483428, 78.89022964379096, 79.10086280404899, 79.11756208445807, 78.97481904552357, 78.6295006973637], "rmsdiffs": [9.376226049785993, 5.001698005549581, 6.039405693865705, 4.6795529198041885, 6.7222863540462905, 6.8417845791688725, 4.649289714224815, 5.415779831003603, 6.149604083429811, 4.6126373393357065, 6.150217210874086, 4.591458780452083, 5.962718471744356, 6.157732698036526, 4.544443081151671, 5.821366931382964, 5.433280368160032, 4.2586901141591404, 6.313867222317377, 4.560813354440082, 5.829695330066913, 5.181566240608772, 4.545920145816999, 5.945046131271705, 6.3138219822470925, 4.965179501898438, 5.262974921935274, 4.562317554638139, 6.813545320735929, 7.009007336564226]}, "horizontal_movement": [[2.423076923076923, 0.0, 3.789473684210526, 2.3548387096774195, 0.0, 0.4411764705882353, 5.5, 0.0, 4.878787878787879, -0.030303030303030304, 2.75, 3.5517241379310347, 0.034482758620689655, 3.3214285714285716, 1.7878787878787878, 0.0, 3.814814814814815, -0.02857142857142857, 3.857142857142857, 2.6666666666666665, 0.027777777777777776, 5.205882352941177, 6.636363636363637, -0.15151515151515152, 1.4545454545454546, -0.030303030303030304, 5.875, 5.0, 0.0, 1.4666666666666666, 0.28125], [2.0, 0.0, 7.529411764705882, -1.2222222222222223, -0.125, 0.53125, 4.62962962962963, 0.0, 3.533333333333333, 0.0, 1.935483870967742, 3.3846153846153846, 0.04, 2.576923076923077, 1.1785714285714286, 0.0, -0.9565217391304348, -0.03225806451612903, 6.896551724137931, 5.470588235294118, 0.030303030303030304, 8.193548387096774, 9.206896551724139, -0.15151515151515152, 3.0625, 0.0, 9.387096774193548, 9.607142857142858, 0.0, 3.5142857142857142, 3.7142857142857144], [2.1, 0.0, 7.4, 6.6521739130434785, 0.0, 1.9259259259259258, 5.380952380952381, 0.0, 4.043478260869565, 0.0, 2.1153846153846154, 5.72, 0.0, 5.777777777777778, 2.8666666666666667, 0.0, 12.181818181818182, 0.0, 10.03448275862069, 6.724137931034483, 0.0, 7.7407407407407405, 9.91304347826087, 0.1, 2.878787878787879, 0.0, 8.84, 8.92, 0.0, 2.5384615384615383, 4.592592592592593], [0.3611111111111111, 0.0, 2.1515151515151514, -0.06896551724137931, 0.0, 0.5476190476190477, 0.42424242424242425, 0.0, 1.4, 0.0, 1.5833333333333333, 3.0, 0.0, 2.388888888888889, 1.8918918918918919, 0.0, 0.46153846153846156, 0.0, 1.3636363636363635, 1.631578947368421, 0.0, 0.9459459459459459, 2.0, 0.041666666666666664, 0.0, 0.0, 1.0, 2.4838709677419355, 0.0, 1.0555555555555556, 0.3548387096774194], [-0.8048780487804879, 0.0, -0.9428571428571428, -2.375, 0.0, -0.9210526315789473, -2.4, -0.02127659574468085, -0.8055555555555556, 0.0, 0.15, 0.23684210526315788, 0.0, 0.34146341463414637, 0.1590909090909091, 0.0, 0.06060606060606061, 0.0, 0.631578947368421, 1.2444444444444445, 0.041666666666666664, 1.358974358974359, 1.9142857142857144, 0.0, 0.4146341463414634, 0.0, 1.5945945945945945, 1.8, 0.0, 0.024390243902439025, -0.15151515151515152], [-0.7317073170731707, 0.0, -2.4482758620689653, -3.34375, 0.0, -1.25, -4.296296296296297, 0.0, -3.225806451612903, 0.0, -0.9722222222222222, -1.7241379310344827, 0.0, -1.2121212121212122, -0.3611111111111111, 0.0, 0.043478260869565216, 0.0, -0.041666666666666664, 0.5172413793103449, 0.0, 0.3333333333333333, 0.625, 0.0, 0.07142857142857142, 0.0, -1.2173913043478262, -0.4782608695652174, 0.0, -0.7575757575757576, -0.4090909090909091], [-1.1935483870967742, 0.0, 0.5714285714285714, -1.7692307692307692, 0.0, -0.2727272727272727, -1.7037037037037037, 0.0, 0.09523809523809523, 0.0, 1.2083333333333333, 1.1818181818181819, 0.0, 1.2692307692307692, 1.8695652173913044, 0.02631578947368421, -0.5555555555555556, 0.02564102564102564, 1.3888888888888888, 0.6538461538461539, 0.0, -3.6363636363636362, -3.7, 0.0, -1.391304347826087, 0.025, -2.130434782608696, -0.6086956521739131, 0.0, 0.48, 1.2307692307692308], [-2.7222222222222223, 0.0, -3.090909090909091, -5.147058823529412, 0.0, -2.3823529411764706, -4.529411764705882, 0.0, -2.6129032258064515, 0.0, -0.6857142857142857, -1.5625, 0.0, -0.8787878787878788, -0.3333333333333333, 0.0, -3.53125, 0.0, -2.6666666666666665, -0.7837837837837838, 0.0, -1.7878787878787878, -2.1515151515151514, 0.02564102564102564, -1.75, 0.0, -4.071428571428571, -1.0, 0.0, -0.23529411764705882, 0.11428571428571428], [-2.8285714285714287, 0.0, -3.9393939393939394, -6.419354838709677, 0.0, -2.75, -5.9393939393939394, 0.0, -4.121212121212121, 0.0, -1.368421052631579, -2.4571428571428573, 0.0, -1.605263157894737, 0.25, 0.0, -1.7837837837837838, 0.0, -1.162162162162162, -0.28205128205128205, 0.0, -0.16666666666666666, -1.0909090909090908, 0.0, -1.4285714285714286, 0.02564102564102564, -3.323529411764706, -0.78125, 0.0, -0.43243243243243246, 0.43333333333333335]], "frame_states": [0, 0, 0, 0, 0, 0, 0, 0, 0, 0, 0, 0, 0, 0, 0, 0, 0, 0, 0, 1, 1, 1, 1, 1, 1, 1, 1, 1, 1, 1], "brightness": [116, 116, 116, 111, 110, 110, 109, 107, 107, 106, 106, 107, 109, 109, 110, 108, 108, 104, 103, 100, 99, 99, 94, 95, 95, 97, 97, 99, 99, 99, 100, 103],