{
    "frame_states": [
        0, 
        0, 
        0, 
        0, 
        0, 
        0, 
        0, 
        0, 
        0, 
        0, 
        0, 
        0, 
        1, 
        1, 
        1, 
        1, 
        1, 
        1, 
        1, 
        1, 
        1, 
        1, 
        1, 
        1, 
        1, 
        1, 
        1, 
        1, 
        1, 
        1, 
        1, 
        1, 
        1, 
        1, 
        1, 
        1, 
        1, 
        1, 
        1, 
        1, 
        1, 
        1, 
        1, 
        1, 
        1, 
        1, 
        1, 
        1, 
        1, 
        1, 
        1, 
        1, 
        1, 
        1, 
        1, 
        1, 
        0, 
        0, 
        0, 
        0, 
        0, 
        0, 
        0, 
        0, 
        0, 
        0, 
        0, 
        1, 
        1, 
        1, 
        1, 
        1
    ], 
    "phase1": {
        "rmsdiffs": [
            9.986343216496522, 
            6.151106887957257, 
            7.7311601192679404, 
            7.2574981162943475, 
            6.117654483446256, 
            7.192088731400236, 
            6.210871598233963, 
            7.136108742981263, 
            8.104318977519071, 
            6.3010453796211126, 
            6.4370018670349705, 
            7.018483291918513, 
            6.498950325036963, 
            7.70404471791884, 
            6.28138845140446, 
            7.529383596273527, 
            8.279753471495786, 
            6.248360509199577, 
            8.582830838479216, 
            7.563679579499454, 
            6.46972742168196, 
            7.94622365680074, 
            6.288699823774196, 
            7.27144825905559, 
            7.688163088235654, 
            6.269983720596566, 
            7.643107887118564, 
            7.785139415403567, 
            6.169572344244251, 
            7.405351888648339, 
            6.157657310901267, 
            6.601559025345459, 
            6.3739454450294515, 
            6.295507030761959, 
            5.422102033308671, 
            7.184212188555889, 
            6.626777498447309, 
            7.115249216552364, 
            6.296158589764491, 
            7.2186088010283616, 
            6.708902342979238, 
            6.141968494276055, 
            7.705431930306732, 
            6.755861545049413, 
            6.313811090023314, 
            7.675381951812839, 
            6.178519868433212, 
            7.914508451134008, 
            8.343957910153948, 
            6.394249026493523, 
            8.771626148055287, 
            7.219171592114367, 
            6.318353590619971, 
            7.763944030135042, 
            6.234638852617101, 
            7.296443030941222, 
            7.150586623796671, 
            5.852226650834294, 
            5.616247699565633, 
            7.007427888078541, 
            6.377514880645938, 
            7.435039900729144, 
            6.134939848351974, 
            5.803422605399058, 
            7.0504996927018055, 
            5.667920785460538, 
            7.005483274424164, 
            8.18964857920133, 
            6.258127375828103, 
            8.167652703517074, 
            6.1131500970150485, 
            8.184087251907972
        ], 
        "shift_vectors": [
            [
                -63, 
                0
            ], 
            [
                0, 
                1
            ], 
            [
                2, 
                1
            ], 
            [
                1, 
                0
            ], 
            [
                0, 
                1
            ], 
            [
                0, 
                -1
            ], 
            [
                0, 
                1
            ], 
            [
                1, 
                0
            ], 
            [
                1, 
                0
            ], 
            [
                0, 
                -1
            ], 
            [
                0, 
                -1
            ], 
            [
                -1, 
                -2
            ], 
            [
                0, 
                1
            ], 
            [
                -1, 
                -2
            ], 
            [
                0, 
                1
            ], 
            [
                0, 
                -1
            ], 
            [
                0, 
                -1
            ], 
            [
                0, 
                1
            ], 
            [
                0, 
                -1
            ], 
            [
                0, 
                -1
            ], 
            [
                0, 
                1
            ], 
            [
                0, 
                -1
            ], 
            [
                0, 
                1
            ], 
            [
                0, 
                -1
            ], 
            [
                0, 
                -1
            ], 
            [
                0, 
                1
            ], 
            [
                2, 
                1
            ], 
            [
                0, 
                -1
            ], 
            [
                0, 
                1
            ], 
            [
                0, 
                1
            ], 
            [
                0, 
                1
            ], 
            [
                1, 
                -2
            ], 
            [
                0, 
                -1
            ], 
            [
                0, 
                -1
            ], 
            [
                0, 
                -1
            ], 
            [
                0, 
                -1
            ], 
            [
                0, 
                1
            ], 
            [
                0, 
                -1
            ], 
            [
                0, 
                -1
            ], 
            [
                0, 
                -1
            ], 
            [
                0, 
                -1
            ], 
            [
                0, 
                1
            ], 
            [
                0, 
                -1
            ], 
            [
                0, 
                1
            ], 
            [
                0, 
                1
            ], 
            [
                2, 
                3
            ], 
            [
                0, 
                -1
            ], 
            [
                3, 
                4
            ], 
            [
                2, 
                3
            ], 
            [
                0, 
                1
            ], 
            [
                4, 
                5
            ], 
            [
                7, 
                0
            ], 
            [
                0, 
                -1
            ], 
            [
                1, 
                -2
            ], 
            [
                0, 
                1
            ], 
            [
                9, 
                -2
            ], 
            [
                7, 
                0
            ], 
            [
                1, 
                0
            ], 
            [
                4, 
                -1
            ], 
            [
                9, 
                0
            ], 
            [
                -1, 
                0
            ], 
            [
                7, 
                0
            ], 
            [
                0, 
                1
            ], 
            [
                3, 
                0
            ], 
            [
                10, 
                1
            ], 
            [
                1, 
                0
            ], 
            [
                8, 
                -3
            ], 
            [
                1, 
                -2
            ], 
            [
                0, 
                -1
