{"phase1": {"shift_vectors": [[10, -49], [-1, 0], [-1, 0], [-1, 0], [1, 0], [-1, 0], [1, 0], [-1, 0], [-3, 2], [-1, 0], [-1, 0], [-1, 0], [-1, 0], [-1, 0], [-1, 0], [-1, 0], [-1, 0], [1, 0], [-1, 0], [-1, 0], [-1, 0], [-1, 0], [-1, 0], [-1, 0], [2, 1], [-1, 0], [2, 1], [2, 1], [-1, 0], [1, 0], [-1, 0], [1, 0], [1, 0], [-1, 0], [1, 0], [1, 0], [-1, 0], [-1, 0], [-1, 0], [-1, 0], [-1, 0], [-1, 0], [-2, 1], [-2, 1], [-1, 0], [-1, 0], [-1, 0], [-1, 0], [-1, 0], [-1, 0], [-1, 0], [-1, 0], [-1, 0], [1, 0], [-1, 0], [1, 0], [-1, 0], [-1, 0], [-1, 0], [-2, -1], [-1, 0], [-1, 0], [1, 0], [-2, -1], [-2, -1], [-1, 0], [-1, 0], [1, 0], [-1, 0], [3, 0], [-1, 0], [-1, 0], [1, 0], [-1, 0], [1, 0], [1, 0], [-1, 0], [3, 0], [-1, 0], [2, -1], [1, 0], [-1, 0], [1, 0], [-1, 0], [1, 0], [-1, 0], [-1, 0], [-2, 1], [-1, 0], [-1, 0], [-1, 0], [1, 0], [-2, -1], [-3, -2], [-1, 0], [-2, -1], [-1, 0], [-1, 0], [-1, 0], [1, 0], [-1, 0], [-3, 0], [1, 0], [-1, 0], [-1, 0], [1, 0], [-1, 0], [-1, 0], [5, -2], [2, -1], [1, 0], [4, -1], [-1, 0], [-1, 0], [-1, 0], [1, 0], [1, 0], [1, 0], [-1, 0], [1, 0], [1, 0], [-1, 0], [-1, 0], [1, 0], [1, 0], [1, 0], [1, 0], [2, 1], [1, 0], [-1, 0], [1, 0], [-1, 0], [-1, 0], [-1, 0], [-1, 0], [-1, 0], [1, 0], [1, 0], [1, 0], [-1, 0], [-1, 0], [1, 0], [1, 0], [1, 0], [1, 0], [1, 0], [-1, 0], [1, 0], [-1, 0], [-2, -1], [-1, 0], [-2, -1], [-1, 0], [1, 0], [-1, 0], [-1, 0], [-1, 0], [1, 0], [-1, 0], [-1, 0], [-1, 0], [1, 0], [-1, 0], [-1, 0], [1, 0], [-1, 0], [-1, 0], [-1, 0], [-1, 0], [1, 0], [-1, 0], [1, 0], [-1, 0], [-1, 0], [1, 0], [1, 0], [1, 0], [-1, 0], [1, 0], [-1, 0], [1, 0], [1, 0], [1, 0], [-1, 0], [-1, 0], [-1, 0], [-1, 0], [1, 0], [-1, 0], [-1, 0], [-1, 0], [-1, 0], [-1, 0], [-1, 0], [1, 0], [-1, 0], [1, 0], [-1, 0], [1, 0], [1, 0], [-1, 0], [-1, 0], [-1, 0], [-1, 0], [2, -1], [1, 0], [1, 0], [1, 0], [-1, 0], [-1, 0], [-1, 0], [1, 0], [-1, 0], [-1, 0], [-1, 0], [-1, 0], [-1, 0], [1, 0], [-1, 0], [1, 0], [-1, 0], [-1, 0], [-1, 0]], "stand_dev": [74.95733037812703, 74.94653246467627, 75.036033082479, 75.00689324297734, 75.00867844769361, 75.29241341078554, 75.29003837929174, 75.38915150575767, 75.39424546844573, 75.40406748633063, 75.36436434780475, 75.68649977739058, 75.72429481780847, 75.71783977664636, 75.7511557897366, 75.73386328434768, 75.70991343938722, 75.73436934695754, 75.91466927247083, 75.88863036438028, 75.9203601463518, 75.93180054045948, 75.93980899953074, 75.88753012739039, 75.74283012110398, 75.75817994539244, 75.5815450580993, 75.43118125620143, 75.47132479880324, 75.26685728480537, 75.28217350684115, 75.2483733417363, 75.0580865305088, 75.08285208502322, 75.09604544662304, 74.92536505126999, 74.91426298853165, 74.916896361728, 74.92350681707401, 74.73136328200857, 74.72508059443804, 74.72864220342849, 74.74006853458282, 75.00914529483806, 75.01632230078773, 75.00746772054075, 75.01299877691311, 75.40683005635908, 75.45417845154324, 75.4571335753287, 75.36716760180626, 75.20786426187819, 75.21269200460353, 74.83304577447203, 74.83076448856849, 74.6899349324384, 74.53338272120762, 74.53082432852717, 74.26960743376532, 74.06771404644928, 74.06467855166972, 73.96653585938436, 73.96777310361229, 73.72759644642463, 73.70213553709839, 73.71753273806976, 73.79575142961409, 73.81554991373356, 73.76982293721075, 73.82476525746014, 73.85170477004726, 74.08125492639284, 74.21944562410413, 74.22936283540122, 74.2475440146776, 74.2457229997834, 74.42163945294922, 74.55186580616059, 74.56126880537524, 74.62506000249462, 74.57331983630189, 74.60700834879798, 74.58959755682265, 74.82936124576086, 74.57711523219027, 74.71977885930306, 74.76550532683355, 74.66842048253052, 74.58676881139486, 74.62810988246673, 74.6196480566429, 74.66567270800687, 74.32509141436394, 73.71679228180791, 73.74138030327327, 73.60514515642087, 73.07657005590359, 73.08880106968431, 72.68705047344869, 72.72139615457876, 72.56088175101337, 72.88853341246046, 72.88981107690735, 73.53833174175061, 74.17031355883168, 74.192238337464, 74.29205477588486, 74.36650284877557, 74.52060581573228, 74.27431265277293, 74.2679872158817, 74.71217568509296, 74.70830655667481, 74.72962494666048, 74.98860248972771, 74.99482002176276, 75.19292053743592, 75.06555876761796, 75.15537203115863, 75.08537180049139, 75.12419944739108, 75.13672255593222, 75.22800340789489, 75.26224425545801, 75.26740524317727, 75.23747260888516, 75.28664443604288, 75.21735013302458, 74.98719831624459, 74.99700611533997, 75.17084369564611, 75.31576505024934, 75.44886696331311, 75.3923520364232, 75.4198982782131, 76.10317685856026, 76.08942544735287, 76.15257211171604, 76.48729723098329, 76.50288617487476, 77.1541123319034, 77.33398977329593, 77.32639021116029, 77.31582259506966, 77.16755147763665, 77.16877929651753, 76.63192268758627, 76.64441908368465, 76.46695649589589, 76.70116101854057, 76.70725484588021, 76.654872892548, 76.5592925708663, 76.5675544725929, 76.58166028442699, 76.71350399399196, 77.20597559657733, 77.15437027781283, 77.19880871087167, 77.22186329718721, 77.13068910449978, 77.19337880333883, 77.3180527994929, 77.4406101742187, 77.30984465203133, 77.25317990367029, 77.30366990109924, 77.52380447156158, 77.96022012278395, 77.9890569859669, 78.00656424222906, 78.02700753147963, 77.98912405568873, 77.75646604143445, 77.7960126854629, 77.56490737208242, 77.47119491171895, 77.51025881355149, 77.21294193562053, 77.32972788223537, 77.14909686319736, 76.9251821806137, 76.93238257239577, 76.44115769789231, 76.46912192737554, 76.48546493975559, 76.40477296642732, 76.41273178327144, 76.69813479213035, 77.03190553484949, 77.0280525800534, 77.3161270298791, 77.65231264819818, 77.6606500166673, 77.59697835512522, 77.5932104992708, 77.4363149670886, 77.6069554440531, 77.65698857256608, 77.60734985649606, 77.56327740763503, 77.57483204455043, 77.55790703493727, 77.75620505837023, 77.63051019539077, 77.60693736052481, 77.62161907569273, 77.33776112802785, 76.96692387131537, 76.98685390546008, 76.73723430392614, 76.77093552066421, 76.55918099994418, 76.49295750037045, 76.50286482400759, 76.39537588845022, 76.25239428135332, 76.29186434511941, 75.93151341118904, 75.98076327611176, 75.8227033112757, 75.58093780639093, 75.63260229920722],