{"phase1": {"shift_vectors": [[-44, 17], [-60, -3], [-63, 0], [1, 0], [-30, -1], [-63, 0], [1, 0], [-56, 7], [1, 0], [-31, 0], [-16, 1], [1, 0], [-40, 7], [-9, 0], [1, 0], [-43, -4], [1, 0], [-9, -8], [-4, -3], [1, 0], [-1, 0], [-9, 8], [-1, 0], [10, 5], [-1, 0], [26, 3], [12, -7], [1, 0], [8, 3], [9, 0], [-1, 0], [21, -12], [-1, 0], [5, -4], [7, -6], [-1, 0], [1, 0], [3, 2], [-1, 0], [-8, -5], [-1, 0], [-7, -6], [-3, 0], [-1, 0], [-3, -2], [5, 0], [1, 0], [3, 2], [-1, 0], [-1, 0], [-4, -3], [1, 0], [-1, 0], [7, -2], [1, 0], [-3, 0], [1, 0], [-2, -1], [9, 4], [1, 0], [11, 4], [7, 0], [1, 0], [19, 6], [-1, 0], [5, 0], [11, 0], [-1, 0], [13, 2], [18, 3], [-1, 0], [8, -3], [1, 0], [4, -3], [6, -1], [1, 0], [1, 0], [-2, -1], [1, 0], [-4, -1], [1, 0], [-5, 0], [-7, -2], [1, 0], [-11, 2], [-4, 3], [1, 0], [-10, 7], [1, 0], [-17, 4], [-14, 7], [-1, 0], [-16, -7], [-39, -14], [-1, 0], [-9, -8], [1, 0], [-11, 0], [-6, 3], [1, 0], [-6, -1], [-17, 16], [-1, 0]], "stand_dev": [69.74252713855483, 68.13626656309535, 65.33055724882894, 65.29918575275892, 64.843573291252, 61.96421960889714, 61.96422140506676, 64.1956724929274, 64.19806907251146, 65.7467482139256, 67.88945397247471, 67.91985047659496, 69.3632422025299, 70.00715035773266, 70.006088100112, 70.39767285260791, 70.40345670570278, 70.23382998953467, 69.89847253148228, 69.90534125644412, 70.7218822151714, 72.85815755438897, 72.85359017833025, 72.95444910044421, 72.83317294520447, 74.95364943198737, 73.77332738578765, 73.93368902971581, 74.57548013403381, 74.81437875311725, 74.8383400783217, 72.6055254078839, 72.61446852557283, 71.48889645395408, 69.97688869171738, 70.00736250642201, 71.24673239864586, 72.20737784567932, 72.24255373542067, 71.42715413626694, 71.43407187864575, 70.57755190262074, 70.50564207776424, 70.53531810207379, 70.07136344034897, 69.49044830898313, 69.517881285386, 69.81348710660073, 70.08735502080447, 69.84369379191408, 68.33789312534066, 68.56241630195146, 68.16150649338215, 68.04434425360394, 68.09766351357084, 68.08894480338577, 68.13605101458701, 68.04603085906207, 69.22482365208259, 69.24120076930677, 69.82873813375741, 69.9190866062532, 69.91304898966304, 71.62458174195613, 71.67552086691427, 71.10893061398092, 71.40367970168202, 71.47049653822151, 72.18458452988064, 73.06801233433137, 73.10012224580095, 72.8180465437336, 72.88091846135057, 72.20142336863483, 71.99279862791195, 72.09967583966893, 72.20761016329523, 72.06109120617349, 72.11944146682927, 71.80948322757105, 71.85369480532185, 71.7299021995651, 71.20949584007553, 71.25142717729527, 71.7566346702857, 72.15255671667327, 72.15525478399833, 73.41905031995607, 73.42754172841494, 73.48568589236181, 74.19352038524498, 74.21076543126561, 72.28791287081093, 69.07197272296187, 69.07174932010325, 67.15791681575, 67.19540884000392, 66.43479084386162, 66.49987192249769, 66.55592485105593, 66.03101290752926, 67.4503671427138, 67.34735922962635], "rmsdiffs": [10.263603553719262, 8.391452406225403, 8.91807746766294, 4.893440671621257, 8.153709083919875, 8.77652316949789, 4.7012810087182775, 8.998729811929211, 4.8733463281416265, 8.315308091646624, 8.617616867621162, 5.12240408871276, 8.645860930931983, 7.916671254203915, 5.272085720622538, 8.662007382641617, 5.608498903877085, 8.552072229462945, 8.007072620592824, 5.860865795250362, 8.586377472960008, 8.828102964928073, 5.91874279370561, 7.204935648379857, 5.996976937955172, 7.505795107198345, 7.497455105545516, 6.017941427330333, 6.620388831103971, 7.6318339254058865, 5.7715353149913815, 8.723755908140722, 5.89036359129874, 7.534058736899281, 7.424698964350123, 5.86712175761315, 8.53210895094269, 8.487883771169702, 5.887421200751797, 7.165480593875169, 5.80338949940416, 6.9681688447879155, 7.133902812305932, 5.751419804599197, 7.852373831032293, 7.740183295330889, 5.803085374255126, 6.8393104890852925, 6.3191694982235385, 8.111114594721313, 8.527131866748055, 6.268714287720776, 8.098815363611022, 7.569497902103102, 5.997634727669892, 8.658643339624215, 5.925345930471677, 7.897697499770968, 7.043959341230733, 5.775550310969517, 7.689988949777155, 7.074736442765706, 5.381688153320123, 7.679550155930411, 5.5410040257102215, 7.985191620390096, 6.633250912239303, 5.225448508944602, 7.6266870143876115, 6.386663458245437, 5.149830377064564, 5.80422147985412, 5.5519264359374265, 6.523372135464759, 6.251306902717909, 5.522255835380078, 5.088850619342063, 6.657124322849587, 5.330492445646404, 6.203792063442622, 5.359704705776679, 6.431929388647114, 6.478216079655954, 5.168651494164342, 7.7094506838088055, 7.147450032281121, 5.281652477695657, 7.779585042449777, 5.3072883879659045, 7.354057965325069, 7.734094159863837, 5.391980785400061, 7.425505623315788, 8.732964540971047, 5.7198796426509535, 8.242075538197401, 6.197326816989563, 7.619127222263768, 8.340236693851356, 6.311603030267741, 6.690100185293681, 9.161444809596942, 6.1767371845146375]}, "frame_states": [0, 0, 0, 0, 0, 0, 0, 0, 0, 0, 0, 0, 0, 0, 0, 0, 0, 0, 0, 0, 0, 0, 0, 0, 0, 0, 0, 0, 0, 0, 0, 0, 0, 0, 0, 0, 0, 0, 0, 0, 0, 1, 1, 1, 1, 1, 1, 1, 1, 1, 1, 1, 1, 1, 1, 0, 0, 0, 0, 0, 0, 0, 0, 0, 0, 0, 0, 0, 0, 0, 0, 0, 0, 0, 0, 0, 0, 0, 0, 0, 0, 0, 0, 0, 0, 0, 0, 0, 0, 0, 0, 0, 0, 0, 0, 0, 0, 0, 0, 0, 0, 0, 0]}