{"phase1": {"shift_vectors": [[20, -41], [-3, -2], [1, 0], [-9, -4], [-9, -2], [1, 0], [-3, 0], [-9, 0], [-1, 0], [-5, 2], [1, 0], [-2, -1], [-3, -2], [1, 0], [-4, 1], [1, 0], [-1, 0], [-7, 0], [1, 0], [-5, 2], [-3, 0], [1, 0], [-7, -2], [-10, -1], [1, 0], [-5, 0], [1, 0], [-11, -4], [-7, -4], [1, 0], [-3, -2], [-5, -2], [1, 0], [-6, -1], [1, 0], [-2, 1], [-6, 1], [-1, 0], [-7, 0], [-3, 0], [-1, 0], [-6, -1], [1, 0], [-7, -2], [-5, 0], [1, 0], [-11, 2], [-11, 0], [-1, 0], [-5, 2], [-1, 0], [-11, 0], [-12, -1], [1, 0], [-8, 1], [-19, -4], [-1, 0], [-17, -2], [-1, 0], [-7, 0], [-10, -3], [1, 0], [-7, -2], [-3, 0], [-1, 0], [-6, -1], [-1, 0], [-11, 0], [-3, -2], [1, 0], [-9, 2], [-9, -2], [1, 0], [-1, 0], [-1, 0], [-10, 7], [-10, -1], [-1, 0], [-5, -2], [-11, 0], [1, 0], [-8, -3], [1, 0], [-3, 0], [-10, 1], [-1, 0], [-7, -4], [-8, 7], [-1, 0], [-14, 3], [-1, 0], [-12, 1], [-6, -1], [1, 0], [-11, -2], [-11, 2], [1, 0], [-6, -1], [1, 0], [-9, 2], [-9, 4], [-1, 0], [-5, 0], [-9, 0], [1, 0], [-14, -1], [1, 0], [-8, 3], [-19, 8], [1, 0], [-19, 4], [-16, 3], [-1, 0], [-20, -5], [-1, 0], [-20, -7], [-9, -4], [-1, 0], [-20, -7], [-20, 1], [1, 0], [-11, 4], [1, 0], [-20, 1], [-17, 0], [-1, 0], [-10, 3], [-21, 6], [1, 0], [-13, 6], [-1, 0], [-5, 2], [-8, 1], [-1, 0], [-8, 1], [-5, 0], [1, 0], [-11, -2], [-1, 0], [-13, 2], [-7, 2], [-1, 0], [-15, 0], [-17, 0], [1, 0], [-10, 1], [-1, 0], [-17, 4], [-17, 2], [1, 0], [-8, 1], [1, 0], [-12, 1], [-9, 2], [1, 0], [-5, 0], [-10, 1], [1, 0], [-10, 1], [-1, 0], [-5, 0], [-10, -1], [-1, 0], [-13, 2], [-8, 1], [-1, 0], [-15, 2], [1, 0], [-12, -1], [-6, -1], [1, 0]], "stand_dev": [57.05168825889259, 56.866466363572854, 56.873465023033575, 56.556472800740934, 56.24905583288068, 56.25425727277704, 56.157552659037925, 57.11212582647176, 57.113138694379515, 57.068575957779046, 57.06391087486704, 56.76475223095139, 57.027025475656544, 57.02305748559991, 57.063760137718276, 56.76705396441201, 56.866447580194574, 56.52331830910278, 56.61682556267797, 57.44046007016582, 57.154356920680925, 57.23724199962424, 56.62389954055249, 56.1684390619546, 56.29608330085806, 55.920175198847595, 55.95641400002018, 55.15127370923918, 54.62370829660523, 54.61940452414654, 54.44478980821705, 54.59860621839971, 54.59723428745986, 54.562563395512846, 54.566424242226354, 54.53416077490567, 55.42213259636993, 55.426934995528185, 55.128265637490586, 54.84309252163171, 54.84987127472099, 55.083024877095205, 55.088497984458876, 55.233143642240755, 54.700658999493854, 54.748959265481915, 54.819046169854715, 54.599578235069124, 54.75546185371603, 54.94300989767289, 54.95155294751882, 54.690353074732386, 54.52735681444166, 54.617455065851885, 54.09409833096303, 53.86681464248641, 53.861343813395365, 53.51415198677159, 53.53679674634314, 53.67348954401327, 54.02295875390173, 54.025065812681845, 54.60469144687458, 54.47189996718577, 54.55617537461179, 54.43732147911771, 54.452654999569106, 55.28691959816239, 54.76513188927157, 54.85458629337878, 54.84248716574809, 55.11393248208534, 55.40840483973652, 54.94899098666665, 55.1339613407609, 55.99367131793371, 55.47372404232937, 55.58123261522852, 55.09574583732967, 55.300925393193914, 55.29650065804884, 55.242135880818545, 55.227255143200125, 55.13014197460518, 55.48469367779818, 55.48856890543102, 54.8257826216126, 54.18874272648172, 54.081560285166574, 55.96133341583689, 55.94825832168385, 56.75271220979803, 56.199541637129, 56.33026257155667, 56.38585352142952, 56.62859072869615, 56.81361787683391, 56.60611208598124, 56.687247044739514, 57.44141461054114, 58.18487066817067, 58.24301502456884, 58.358221116603886, 58.313909800663104, 58.312117185099154, 57.89934153806084, 57.91865219522006, 56.34701964781355, 57.11064040742308, 57.09350440137347, 55.971164637546735, 56.11938404923067, 56.112222252172884, 55.23168649068815, 55.26042930279334, 53.02843266964442, 51.59538909687177, 51.69402657886932, 50.381497162228285, 50.07286063364705, 50.132037137393766, 50.69461552563204, 50.6991056071498, 50.71710076402776, 50.71987481195603, 50.74070191421217, 50.88372848308197, 52.58635479085965, 52.664868117517024, 55.28708634419312, 55.3825308456817, 56.21000668331103, 57.03886776895141, 57.036428643108465, 57.19821727428551, 57.11498270184635, 57.10895858197723, 56.35409137730727, 56.357441925286224, 55.914165136679635, 55.759720252978994, 55.85740892440636, 55.233851001027205, 54.91477332544313, 55.09823819075874, 55.36742846859825, 55.36054171608734, 55.97434761664308, 56.23996015154733, 56.29847040080998, 56.54261233619056, 56.67970373879576, 57.41573589063136, 57.673115089828414, 57.70709591750571, 57.85304361314754, 58.27044007066751, 58.33093193962003, 58.367145852356096, 58.38397895410324, 58.3535036254521, 57.52333109253488, 57.545375473112585, 57.76055372651012, 57.19113759917851, 57.19409312401585, 57.47116031564665, 57.47742824263089, 57.60609505157451, 56.998639430090265, 57.021353402041534],