{
    "frame_states": [
        0, 
        0, 
        0, 
        0, 
        0, 
        0, 
        0, 
        0, 
        0, 
        0, 
        0, 
        0, 
        0, 
        0, 
        0, 
        0, 
        0, 
        0, 
        0, 
        0, 
        0, 
        0, 
        0, 
        0, 
        0, 
        0, 
        0, 
        0, 
        0, 
        0, 
        0, 
        0, 
        0, 
        0, 
        0, 
        0, 
        0, 
        0, 
        0, 
        1, 
        1, 
        1, 
        1, 
        1, 
        1, 
        1, 
        1, 
        1, 
        1, 
        1, 
        1, 
        1, 
        1, 
        1, 
        1
    ], 
    "phase1": {
        "rmsdiffs": [
            9.363024608824405, 
            5.218183118928857, 
            6.616988441700987, 
            6.605585882205356, 
            5.013059199213484, 
            6.0293789869774255, 
            7.329951649419434, 
            4.843282111915316, 
            6.067766573591474, 
            4.827991877688968, 
            6.318161681997122, 
            6.177258165754322, 
            4.9665108455643825, 
            6.513568450148477, 
            5.078328746392587, 
            4.809971344866839, 
            6.917682031883728, 
            4.701236372822327, 
            6.813957881753401, 
            6.073485953674153, 
            4.8015704944415765, 
            5.938501773889988, 
            5.948027896190203, 
            4.982464026120785, 
            6.809597433945871, 
            5.209779697035514, 
            7.478917776088605, 
            6.400288813882871, 
            4.816555602199644, 
            5.1612266248683545, 
            6.23162436755678, 
            4.7081816271234995, 
            7.238108588448144, 
            4.71876596826238, 
            5.269572323990976, 
            5.916069522213485, 
            4.991733242674003, 
            6.879071418886659, 
            6.966475026407553, 
            4.6417973973445275, 
            6.981105231374742, 
            4.69303596034269, 
            7.330086997572026, 
            7.43042736795627, 
            4.72603404625979, 
            6.270009956739272, 
            6.890015572488678, 
            4.68444259622486, 
            5.5529923883188905, 
            4.913094854016991, 
            7.665861595684992, 
            5.930934286778475, 
            4.710729581435878, 
            5.188891794245386, 
            6.765094210791973
        ], 
        "shift_vectors": [
            [
                12, 
                21
            ], 
            [
                0, 
                1
            ], 
            [
                0, 
                -1
            ], 
            [
                -5, 
                -6
            ], 
            [
                0, 
                -1
            ], 
            [
                -1, 
                -2
            ], 
            [
                -9, 
                -8
            ], 
            [
                0, 
                -1
            ], 
            [
                -10, 
                -5
            ], 
            [
                0, 
                1
            ], 
            [
                -2, 
                -3
            ], 
            [
                -9, 
                -2
            ], 
            [
                0, 
                -1
            ], 
            [
                -6, 
                5
            ], 
            [
                3, 
                4
            ], 
            [
                0, 
                -1
            ], 
            [
                -2, 
                5
            ], 
            [
                0, 
                -1
            ], 
            [
                8, 
                15
            ], 
            [
                -1, 
                4
            ], 
            [
                0, 
                1
            ], 
            [
                -10, 
                -7
            ], 
            [
                1, 
                -2
            ], 
            [
                0, 
                -1
            ], 
            [
                -2, 
                -3
            ], 
            [
                0, 
                -1
            ], 
            [
                1, 
                2
            ], 
            [
                0, 
                -1
            ], 
            [
                0, 
                -1
            ], 
            [
                1, 
                -4
            ], 
            [
                18, 
                1
            ], 
            [
                0, 
                -1
            ], 
            [
                9, 
                -2
            ], 
            [
                0, 
                -1
            ], 
            [
                -1, 
                -2
            ], 
            [
                10, 
                7
            ], 
            [
                0, 
                1
            ], 
            [
                -8, 
                -3
            ], 
            [
                -4, 
                -5
            ], 
            [
                0, 
                -1
            ], 
            [
                -1, 
                -2
            ], 
            [
                0, 
                -1
            ], 
            [
                -4, 
                -5
            ], 
            [
                0, 
                -1
            ], 
            [
                0, 
                -1
            ], 
            [
                2, 
                5
            ], 
            [
                0, 
                -1
            ], 
            [
                0, 
                -1
            ], 
            [
                1, 
                2
            ], 
            [
                0, 
                -1
            ], 
            [
                -3, 
                -4
            ], 
            [
                0, 
                -5
            ], 
            [
                0, 
                -1
            ], 
            [
                2, 
                -3
            ], 
            [
                -1, 
                -2
            ]
        ],