{"phase1": {"shift_vectors": [[44, 17], [-1, 0], [2, -1], [-1, 0], [-1, 0], [-1, 0], [1, 0], [-2, -1], [1, 0], [-1, 0], [-3, 0], [-5, 0], [1, 0], [-4, 1], [-1, 0], [-3, 0], [-5, 0], [1, 0], [-6, 1], [-4, -1], [-1, 0], [-9, 0], [-1, 0], [-9, -2], [-4, -1], [-1, 0], [-9, 0], [-9, 0], [-1, 0], [-4, 1], [1, 0], [-8, 3], [-6, 1], [-1, 0], [-3, 0], [1, 0], [-6, 1], [-7, 0], [-1, 0], [-3, 0], [-6, 1], [1, 0]], "stand_dev": [47.717919166925284, 47.714773895304276, 47.484743825460534, 47.298190820173446, 47.43871516075459, 47.34596735838087, 47.341508760523325, 47.32328774959786, 47.343109963061636, 47.38598559776087, 47.41565325338797, 47.49510820787257, 47.6423243951873, 47.67326888309372, 47.674552358861305, 47.56316787550836, 47.61831573316736, 47.62956067764502, 47.347155182281426, 47.25814814923231, 47.24636760605372, 47.05567244593668, 47.04556745596602, 46.897759082281006, 46.80105205521735, 46.85018314515549, 46.73313776422434, 46.86019097861486, 46.95965167088475, 46.86942440281405, 46.92644006052679, 47.17257267940578, 47.502707602351784, 47.5239633705327, 47.63105216302135, 47.62849439018481, 47.81886751358331, 47.6711813155082, 47.671017183780364, 47.546198778478406, 47.66735628390888, 47.674876492063746], "rmsdiffs": [9.563697260007604, 5.351757674532783, 5.949298679999078, 5.898073196540629, 5.642129822513695, 3.838638002532205, 5.304824856072825, 5.163058400507217, 7.139288182326323, 5.198061179692025, 5.352373131015103, 4.944783035188891, 5.448905505237526, 5.185451981024213, 5.261988572298748, 4.303229876657626, 6.280601374931874, 5.367598667763937, 5.825120365726673, 5.2142437251704665, 5.125708046394526, 6.122789390527874, 5.11544774179409, 5.762759355624709, 5.408128909948145, 5.123832996895296, 5.850083114138756, 6.00756771675994, 5.381067763924862, 5.338709766627607, 5.152613529729368, 5.885521985240964, 5.740470548456338, 5.158834742443637, 4.549803380052744, 5.0307526712784965, 5.847439785212505, 4.932726735688198, 5.113463515939774, 5.246655093849627, 5.786071288036346, 5.097067271100866]}, "frame_states": [0, 0, 0, 0, 0, 0, 0, 0, 0, 0, 0, 0, 0, 1, 1, 1, 1, 1, 0, 0, 0, 0, 0, 0, 0, 0, 0, 0, 0, 0, 0, 0, 0, 0, 0, 0, 0, 0, 1, 1, 1, 1]}