{
    "frame_states": [
        0, 
        0, 
        0, 
        0, 
        0, 
        0, 
        0, 
        0, 
        0, 
        0, 
        0, 
        0, 
        0, 
        0, 
        0, 
        0, 
        0, 
        0, 
        0, 
        0, 
        0, 
        0, 
        0, 
        0, 
        0, 
        0, 
        0, 
        0, 
        0, 
        0, 
        0, 
        0, 
        0, 
        0, 
        0, 
        0, 
        0, 
        0, 
        0, 
        0, 
        0, 
        0, 
        0, 
        0, 
        0, 
        0, 
        0, 
        0, 
        0, 
        0, 
        0, 
        0, 
        0, 
        0, 
        0, 
        0, 
        0, 
        0, 
        0, 
        0, 
        0, 
        0, 
        0, 
        0, 
        0
    ], 
    "phase1": {
        "rmsdiffs": [
            10.023237003524024, 
            6.256715039560477, 
            6.287750503529058, 
            6.409358704595825, 
            6.6710614157984285, 
            6.319944967101109, 
            5.455816915283596, 
            7.016728932786354, 
            6.239056226505179, 
            7.406867448068612, 
            6.447713223374796, 
            6.247561502014083, 
            6.4414997915725865, 
            6.463153882804693, 
            6.947418054272473, 
            6.521671317249125, 
            6.118738272158361, 
            6.543535958403184, 
            6.140553615210575, 
            6.017177057586043, 
            6.284798629562521, 
            6.040656993082623, 
            6.236547533665146, 
            6.979369028009679, 
            6.216849759016527, 
            5.993167483561554, 
            6.771943636585126, 
            5.872312029552193, 
            6.920074755830332, 
            5.9127498739946205, 
            6.732357840690353, 
            6.751650164424361, 
            5.787555236264564, 
            6.612914290846814, 
            6.247558648851913, 
            6.075264575207764, 
            7.24364241567585, 
            6.245140694870745, 
            7.183144776606245, 
            6.393228827864186, 
            6.08505506537696, 
            7.133073310902208, 
            7.090794550294178, 
            6.076275015700263, 
            6.263259624774891, 
            6.353650278878691, 
            6.840501954300921, 
            7.631567812283486, 
            6.546037681794714, 
            5.6907624642470624, 
            7.273069194403776, 
            6.16737198437011, 
            7.033651791882738, 
            6.333390753783586, 
            5.778146092509606, 
            7.264746749752428, 
            6.377859291054503, 
            7.233988904055082, 
            6.248510636375449, 
            6.499878802169848, 
            7.759357298733675, 
            6.6818988010702265, 
            6.8377866920412265, 
            6.532230877366575, 
            6.583122359488694
        ], 
        "shift_vectors": [
            [
                -23, 
                0
            ], 
            [
                5, 
                2
            ], 
            [
                11, 
                0
            ], 
            [
                0, 
                -1
            ], 
            [
                11, 
                0
            ], 
            [
                0, 
                -1
            ], 
            [
                7, 
                0
            ], 
            [
                15, 
                -2
            ], 
            [
                0, 
                -1
            ], 
            [
                15, 
                -4
            ], 
            [
                9, 
                0
            ], 
            [
                0, 
                -1
            ], 
            [
                17, 
                0
            ], 
            [
                0, 
                1
            ], 
            [
                17, 
                0
            ], 
            [
                7, 
                0
            ], 
            [
                0, 
                -1
            ], 
            [
                13, 
                0
            ], 
            [
                12, 
                -1
            ], 
            [
                0, 
                1
            ], 
            [
                7, 
                2
            ], 
            [
                0, 
                1
            ], 
            [
                15, 
                -2
            ], 
            [
                16, 
                -1
            ], 
            [
                0, 
                -1
            ], 
            [
                8, 
                -1
            ], 
            [
                17, 
                0
            ], 
            [
                0, 
                1
            ], 
            [
                16, 
                -7
            ], 
            [
                0, 
                -1
            ], 
            [
                9, 
                -2
            ], 
            [
                25, 
                -2
            ], 
            [
                0, 
                1
            ], 
            [
                25, 
                -2
            ], 
            [
                12, 
                -1
            ], 
            [
                0, 
                -1
            ], 
            [
                22, 
                -1
            ], 
            [
                -1, 
                0
            ], 
            [
                23, 
                0
            ], 
            [
                11, 
                0
            ], 
            [
                1, 
                0
            ], 
            [
                23, 
                2
            ], 
            [
                22, 
                1
            ], 
            [
                1, 
                0
            ], 
            [
                12, 
                1
            ], 
            [
                0, 
                1
            ], 
            [
                24, 
                3
            ], 
            [
                27, 
                6
            ], 
            [
                0, 
                1
            ], 
            [
                11, 
                0
            ], 
            [
                27, 
                6
            ], 
            [
                0, 
                -1
            ], 
            [
                22, 
                -1
            ], 
            [
                0, 
                1
            ], 
            [
                11, 
                0
            ], 
            [
                21, 
                -2
            ], 
            [
                0, 
                -1
            ], 
            [
                20, 
                -3
            ], 
            [
                12, 
                -1
            ], 
            [
                0, 
                1
            ], 
            [
                22, 
                -5
            ], 
            [
                0, 
                1
            ], 
            [
                24, 
                -1
            ], 
            [
                10, 
                -1
            ], 
            [
                0, 
                1
            ]
        ],