{
    "frame_states": [
        0, 
        0, 
        0, 
        0, 
        0, 
        0, 
        0, 
        0, 
        0, 
        0, 
        0, 
        0, 
        0, 
        0, 
        0, 
        0, 
        0, 
        0, 
        0, 
        1, 
        1, 
        1, 
        1, 
        1, 
        1, 
        1, 
        1, 
        1, 
        1, 
        1
    ], 
    "phase1": {
        "rmsdiffs": [
            9.376226049785993, 
            5.001698005549581, 
            6.039405693865705, 
            4.6795529198041885, 
            6.7222863540462905, 
            6.8417845791688725, 
            4.649289714224815, 
            5.415779831003603, 
            6.149604083429811, 
            4.6126373393357065, 
            6.150217210874086, 
            4.591458780452083, 
            5.962718471744356, 
            6.157732698036526, 
            4.544443081151671, 
            5.821366931382964, 
            5.433280368160032, 
            4.2586901141591404, 
            6.313867222317377, 
            4.560813354440082, 
            5.829695330066913, 
            5.181566240608772, 
            4.545920145816999, 
            5.945046131271705, 
            6.3138219822470925, 
            4.965179501898438, 
            5.262974921935274, 
            4.562317554638139, 
            6.813545320735929, 
            7.009007336564226
        ], 
        "shift_vectors": [
            [
                20, 
                11
            ], 
            [
                0, 
                1
            ], 
            [
                0, 
                1
            ], 
            [
                0, 
                1
            ], 
            [
                -8, 
                -7
            ], 
            [
                -3, 
                4
            ], 
            [
                0, 
                -1
            ], 
            [
                -1, 
                -2
            ], 
            [
                -14, 
                -5
            ], 
            [
                0, 
                -1
            ], 
            [
                -13, 
                -2
            ], 
            [
                0, 
                1
            ], 
            [
                -2, 
                3
            ], 
            [
                -7, 
                8
            ], 
            [
                0, 
                -1
            ], 
            [
                -2, 
                5
            ], 
            [
                1, 
                0
            ], 
            [
                1, 
                0
            ], 
            [
                10, 
                -3
            ], 
            [
                0, 
                1
            ], 
            [
                10, 
                -5
            ], 
            [
                1, 
                -2
            ], 
            [
                0, 
                1
            ], 
            [
                4, 
                -7
            ], 
            [
                2, 
                1
            ], 
            [
                0, 
                1
            ], 
            [
                2, 
                5
            ], 
            [
                0, 
                1
            ], 
            [
                -3, 
                4
            ], 
            [
                0, 
                1
            ]
        ], 
        "stand_dev": [
            86.69341291619216, 
            86.50701594331312, 
            86.43098762418472, 
            86.4464970933998, 
            85.0618896120359, 
            84.14350828408736, 
            84.13864734820099, 
            83.89950730928665, 
            83.14822100194988, 
            83.16872653211452, 
            82.82215345724171, 
            82.85310509209233, 
            82.88126486666428, 
            82.86462444620884, 
            82.87474794687849, 
            82.59302504423498, 
            82.29376519034317, 
            82.30242715400777, 
            80.8348512104334, 
            80.88395609105733, 
            80.35980505265961, 
            79.85285035045256, 
            79.87947506286218, 
            78.72374125298224, 
            78.79862187483428, 
            78.89022964379096, 
            79.10086280404899, 
            79.11756208445807, 
            78.97481904552357, 
            78.6295006973637
        ]
    }
}