{
    "frame_states": [
        0, 
        0, 
        0, 
        0, 
        0, 
        0, 
        0, 
        0, 
        0, 
        0, 
        0, 
        0, 
        0, 
        0, 
        0, 
        0, 
        0, 
        0, 
        0, 
        0, 
        0, 
        0, 
        0, 
        0, 
        0, 
        0, 
        0, 
        0, 
        0, 
        0, 
        0, 
        0, 
        0, 
        0, 
        0, 
        0, 
        0, 
        0, 
        0, 
        0, 
        0, 
        0, 
        0, 
        0, 
        0, 
        0, 
        0, 
        0, 
        1, 
        1, 
        1, 
        1, 
        1, 
        1, 
        1, 
        1, 
        1, 
        1, 
        1, 
        1, 
        1, 
        1, 
        1, 
        1, 
        1, 
        1, 
        1
    ], 
    "phase1": {
        "rmsdiffs": [
            10.092083813822876, 
            8.562859363012402, 
            6.203344028377872, 
            9.335597854819202, 
            9.302484684424295, 
            5.848220811767371, 
            9.225863626005157, 
            5.707816849485605, 
            9.071652415822768, 
            7.942106711346138, 
            5.530429094981067, 
            9.047023797876072, 
            7.907422324615387, 
            5.473179972270967, 
            7.392196678791395, 
            5.703917651753612, 
            8.302717792289155, 
            8.964788010019976, 
            5.4188717874151395, 
            7.53123929714428, 
            8.882831398158862, 
            5.329031259151655, 
            8.7826103921657, 
            5.2543314140752075, 
            7.095775943326792, 
            7.382414203072178, 
            5.269508388609393, 
            8.731100138137519, 
            7.400124155986054, 
            5.284812460285887, 
            8.58733091254852, 
            5.169969664592983, 
            8.53791182756944, 
            6.6843130698036815, 
            5.028591526673429, 
            8.47759387974853, 
            8.444384283911225, 
            5.089368258920621, 
            6.894320553469087, 
            5.234142988646331, 
            6.808735839638919, 
            7.098799912114858, 
            4.981481529961817, 
            6.128003870086066, 
            6.796351976054458, 
            4.887767957283032, 
            6.853067129850472, 
            4.954571051072103, 
            6.310701746184749, 
            6.718817984333353, 
            4.8607630101162815, 
            6.721467247398488, 
            6.088550368940954, 
            4.806251815282983, 
            6.775962406991425, 
            4.781737631869638, 
            6.806836952734061, 
            6.096997858777071, 
            4.58383053214425, 
            6.474451780644131, 
            6.668029007906827, 
            4.569107481237444, 
            6.229029852401093, 
            4.705657682366333, 
            6.966238103093358, 
            6.656477281045843, 
            4.48439788359251
        ], 
        "shift_vectors": [
            [
                2, 
                57
            ], 
            [
                4, 
                3
            ], 
            [
                -1, 
                0
            ], 
            [
                43, 
                0
            ], 
            [
                35, 
                0
            ], 
            [
                1, 
                0
            ], 
            [
                51, 
                2
            ], 
            [
                1, 
                0
            ], 
            [
                43, 
                2
            ], 
            [
                3, 
                2
            ], 
            [
                -1, 
                0
            ], 
            [
                46, 
                1
            ], 
            [
                3, 
                2
            ], 
            [
                1, 
                0
            ], 
            [
                2, 
                1
            ], 
            [
                -1, 
                0
            ], 
            [
                3, 
                2
            ], 
            [
                45, 
                -2
            ], 
            [
                1, 
                0
            ], 
            [
                3, 
                2
            ], 
            [
                47, 
                0
            ], 
            [
                -1, 
                0
            ], 
            [
                43, 
                0
            ], 
            [
                1, 
                0
            ], 
            [
                2, 
                1
            ], 
            [
                3, 
                2
            ], 
            [
                -1, 
                0
            ], 
            [
                43, 
                0
            ], 
            [
                3, 
                2
            ], 
            [
                1, 
                0
            ], 
            [
                47, 
                0
            ], 
            [
                1, 
                0
            ], 
            [
                45, 
                0
            ], 
            [
                2, 
                1
            ], 
            [
                1, 
                0
            ], 
            [
                43, 
                0
            ], 
            [
                46, 
                1
            ], 
            [
                1, 
                0
            ], 
            [
                3, 
                2
            ], 
            [
                1, 
                0
            ], 
            [
                3, 
                2
            ], 
            [
                3, 
                2
            ], 
            [
                1, 
                0
            ], 
            [
                2, 
                1
            ], 
            [
                3, 
                2
            ], 
            [
                -1, 
                0
            ], 
            [
                3, 
                2
            ], 
            [
                1, 
                0
            ], 
            [
                1, 
                0
            ], 
            [
                3, 
                2
            ], 
            [
                1, 
                0
            ], 
            [
                3, 
                2
            ], 
            [
                2, 
                1
            ], 
            [
                -1, 
                0
            ], 
            [
                3, 
                2
            ], 
            [
                1, 
                0
            ], 
            [
                3, 
                2
            ], 
            [
                1, 
                0
            ], 
            [
                -1, 
                0
            ], 
            [
                2, 
                1
            ], 
            [
                1, 
                0
            ], 
            [
                -1, 
                0
            ], 
            [
                1, 
                0
            ], 
            [
                1, 
                0
            ], 
            [
                1, 
                0
            ], 
            [
                1, 
                0
            ], 
            [
                1, 
                0
            ]
        ],