{
    "frame_states": [
        0, 
        0, 
        0, 
        0, 
        0, 
        0, 
        0, 
        0, 
        0, 
        0, 
        0, 
        0, 
        1, 
        1, 
        1, 
        1, 
        1, 
        1, 
        1, 
        1, 
        1, 
        1, 
        1, 
        1, 
        1, 
        1, 
        1, 
        1, 
        1, 
        1, 
        1, 
        1, 
        1, 
        1, 
        1, 
        1, 
        1, 
        1, 
        0, 
        0, 
        0, 
        0, 
        0, 
        0, 
        0, 
        0, 
        0, 
        0, 
        0
    ], 
    "phase1": {
        "rmsdiffs": [
            9.719256769664954, 
            5.579841945974929, 
            7.123648425161935, 
            6.258430461797039, 
            5.493610573919761, 
            6.2395379274804, 
            5.375654176729199, 
            5.489446858344196, 
            6.956742193948047, 
            5.512811506240951, 
            6.636079910668642, 
            6.037356144874651, 
            5.726365378290356, 
            6.837526384686302, 
            5.676556131978138, 
            5.506961756314939, 
            5.856368994474554, 
            5.754497832082562, 
            5.688784138297467, 
            5.495602746501403, 
            5.570894224914081, 
            5.763162390403515, 
            6.005064018964852, 
            5.579400439280052, 
            5.937850561414761, 
            5.6524592843295025, 
            6.355441349686394, 
            4.8203493397948005, 
            5.550071597947168, 
            5.797123947739914, 
            4.743316475193702, 
            5.64119959177672, 
            3.926024807220158, 
            5.643786717861785, 
            5.687348378598374, 
            4.499659749976057, 
            5.853160527574815, 
            5.540771424675574, 
            7.4663087497798335, 
            5.521931772612983, 
            5.974495577173621, 
            5.601143700982231, 
            7.593170946137947, 
            5.541784586059302, 
            5.4912261462387875, 
            5.375462831642968, 
            8.255873231854077, 
            5.460961176455303, 
            5.972617358508356
        ], 
        "shift_vectors": [
            [
                62, 
                1
            ], 
            [
                0, 
                1
            ], 
            [
                2, 
                3
            ], 
            [
                1, 
                2
            ], 
            [
                0, 
                -1
            ], 
            [
                -2, 
                3
            ], 
            [
                -1, 
                2
            ], 
            [
                0, 
                -1
            ], 
            [
                -2, 
                3
            ], 
            [
                0, 
                1
            ], 
            [
                0, 
                -1
            ], 
            [
                0, 
                -1
            ], 
            [
                0, 
                -1
            ], 
            [
                0, 
                -1
            ], 
            [
                0, 
                -1
            ], 
            [
                0, 
                -1
            ], 
            [
                0, 
                1
            ], 
            [
                0, 
                1
            ], 
            [
                0, 
                1
            ], 
            [
                0, 
                1
            ], 
            [
                0, 
                -1
            ], 
            [
                0, 
                1
            ], 
            [
                0, 
                -1
            ], 
            [
                0, 
                1
            ], 
            [
                0, 
                -1
            ], 
            [
                0, 
                -1
            ], 
            [
                0, 
                1
            ], 
            [
                0, 
                -1
            ], 
            [
                0, 
                -1
            ], 
            [
                0, 
                -1
            ], 
            [
                0, 
                -1
            ], 
            [
                0, 
                -1
            ], 
            [
                0, 
                -1
            ], 
            [
                0, 
                1
            ], 
            [
                -1, 
                -2
            ], 
            [
                -1, 
                -2
            ], 
            [
                0, 
                1
            ], 
            [
                0, 
                -1
            ], 
            [
                -6, 
                -7
            ], 
            [
                0, 
                1
            ], 
            [
                -9, 
                -6
            ], 
            [
                0, 
                -1
            ], 
            [
                -4, 
                -5
            ], 
            [
                -10, 
                -1
            ], 
            [
                0, 
                -1
            ], 
            [
                -10, 
                1
            ], 
            [
                -4, 
                5
            ], 
            [
                0, 
                1
            ], 
            [
                -10, 
                -1
            ]
        ], 
        "stand_dev": [
            61.97189261137569, 
            61.98115752972895, 
            62.24681295714752, 
            62.48928444165636, 
            62.49515380254458, 
            62.601133265201845, 
            62.56951479780183, 
            62.58051165426428, 
            62.25000587868308, 
            62.25581675003038, 
            62.07477874613316, 
            61.90004346629652, 
            62.0723205420921, 
            62.05228806023833, 
            61.90380420887133, 
            61.90126967416478, 
            61.843110896264356, 
            62.01664186673661, 
            61.915699343926725, 
            61.95726363231966, 
            61.95827704570159, 
            61.9234999710404, 
            61.7357051124552, 
            61.75167718541431, 
            61.75556220448067, 
            61.75955238803502, 
            61.71608808074179, 
            61.70298748067475, 
            61.70293943918261, 
            61.90734020937639, 
            61.617031124694186, 
            61.62096430034645, 
            61.58340806446633, 
            61.587138091187484, 
            61.17543195629029, 
            60.88197703248213, 
            61.22561824867708, 
            60.88834498957772, 
            60.20109784197649, 
            60.20999277006147, 
            59.217508689369126, 
            59.26859944215952, 
            59.05158504517053, 
            58.98018505729894, 
            58.994590226327745, 
            59.14847406386431, 
            59.004359504499355, 
            59.035137948786264, 
            59.460805611825734
        ]
    }
}