{
    "frame_states": [
        1, 
        1, 
        1, 
        1, 
        1, 
        1, 
        1, 
        1, 
        1, 
        1, 
        1, 
        1, 
        1, 
        1, 
        1, 
        1, 
        1, 
        1, 
        1, 
        1, 
        1, 
        1, 
        1, 
        1, 
        1, 
        1, 
        1, 
        1, 
        1, 
        1, 
        1, 
        1, 
        1, 
        1, 
        1, 
        1, 
        1, 
        1, 
        1, 
        1, 
        1, 
        1, 
        1, 
        1, 
        1, 
        1, 
        1, 
        1, 
        1, 
        1, 
        1, 
        1, 
        1, 
        1, 
        1, 
        1, 
        1, 
        1
    ], 
    "phase1": {
        "rmsdiffs": [
            7.762119080900042, 
            6.3886762569229605, 
            6.149466700939536, 
            6.119387623456024, 
            5.930270642553466, 
            6.299716537053597, 
            6.309478934946516, 
            6.084871822949226, 
            5.998497536917051, 
            5.861940436324165, 
            6.0328431512486205, 
            6.117144553274401, 
            6.232005917592813, 
            5.983840829214898, 
            5.773422127329452, 
            6.141125255628712, 
            6.001432550828653, 
            6.058635847774776, 
            6.079822090694337, 
            6.821477813117919, 
            6.0246505016630065, 
            5.273632339527719, 
            6.641024302819942, 
            5.988267741820737, 
            6.976016805294031, 
            6.5763932371051155, 
            6.156507655050426, 
            7.066560429216887, 
            6.078578579304114, 
            6.539956840231579, 
            6.261744659699282, 
            6.156375261094506, 
            6.47560695848551, 
            6.419314502226129, 
            6.053609470352744, 
            6.243715672085377, 
            6.335189717776068, 
            6.7772393254394325, 
            5.709433496136833, 
            6.132802589814367, 
            6.844188675281257, 
            5.555856408129326, 
            6.183203658053042, 
            6.521460499971344, 
            6.063170543291442, 
            5.335005198962905, 
            6.192287707799448, 
            6.0649533686244395, 
            6.717220996092329, 
            5.052225080561002, 
            5.985877136334196, 
            6.031956369637626, 
            5.998562758945962, 
            5.755881601752157, 
            5.963058624737709, 
            6.029572329740208, 
            6.882393828429054, 
            6.189481825817618
        ], 
        "shift_vectors": [
            [
                6, 
                3
            ], 
            [
                -1, 
                0
            ], 
            [
                -1, 
                0
            ], 
            [
                1, 
                0
            ], 
            [
                1, 
                0
            ], 
            [
                1, 
                0
            ], 
            [
                1, 
                0
            ], 
            [
                -1, 
                0
            ], 
            [
                1, 
                0
            ], 
            [
                1, 
                0
            ], 
            [
                -1, 
                0
            ], 
            [
                1, 
                0
            ], 
            [
                1, 
                0
            ], 
            [
                1, 
                0
            ], 
            [
                1, 
                0
            ], 
            [
                1, 
                0
            ], 
            [
                1, 
                0
            ], 
            [
                1, 
                0
            ], 
            [
                1, 
                0
            ], 
            [
                -1, 
                0
            ], 
            [
                1, 
                0
            ], 
            [
                1, 
                0
            ], 
            [
                -1, 
                0
            ], 
            [
                -1, 
                0
            ], 
            [
                -1, 
                0
            ], 
            [
                -1, 
                0
            ], 
            [
                -1, 
                0
            ], 
            [
                -1, 
                0
            ], 
            [
                1, 
                0
            ], 
            [
                -1, 
                0
            ], 
            [
                -1, 
                0
            ], 
            [
                1, 
                0
            ], 
            [
                1, 
                0
            ], 
            [
                -1, 
                0
            ], 
            [
                -1, 
                0
            ], 
            [
                -1, 
                0
            ], 
            [
                -1, 
                0
            ], 
            [
                1, 
                0
            ], 
            [
                -1, 
                0
            ], 
            [
                1, 
                0
            ], 
            [
                1, 
                0
            ], 
            [
                -1, 
                0
            ], 
            [
                1, 
                0
            ], 
            [
                -1, 
                0
            ], 
            [
                -1, 
                0
            ], 
            [
                -1, 
                0
            ], 
            [
                -1, 
                0
            ], 
            [
                -1, 
                0
            ], 
            [
                -3, 
                0
            ], 
            [
                -1, 
                0
            ], 
            [
                -1, 
                0
            ], 
            [
                -3, 
                0
            ], 
            [
                -1, 
                0
            ], 
            [
                -1, 
                0
            ], 
            [
                -1, 
                0
            ], 
            [
                1, 
                0
            ], 
            [
                1, 
                0
            ], 
            [
                1, 
                0
            ]
        ],