{"phase1": {"shift_vectors": [[20, -15], [-1, 0], [2, 1], [3, 2], [1, 0], [2, 1], [-1, 0], [3, 2], [1, 0], [-1, 0], [1, 0], [1, 0], [-1, 0], [2, -1], [-1, 0], [1, 0], [1, 0], [-1, 0], [3, 0], [1, 0], [1, 0], [3, 0], [-1, 0], [5, -2], [3, 0], [1, 0], [3, 0], [8, -1], [1, 0], [5, 0], [-1, 0], [9, 0], [14, -1], [-1, 0], [5, 0], [15, 0], [-1, 0], [14, -1], [-1, 0], [12, -1], [16, -1], [-1, 0], [18, -1], [10, -1], [-1, 0], [22, -1], [1, 0], [18, -1], [10, -1], [1, 0], [18, -1], [17, 0], [1, 0], [8, 1], [-1, 0], [14, 3], [11, 0], [-1, 0], [5, 0], [11, 0], [0, 1], [9, 0], [0, -1], [5, 0], [11, 2], [0, 1], [9, 0], [6, 1], [0, 1], [6, -1], [0, -1], [9, 0], [4, -5], [0, -1], [9, -2], [9, -2], [0, 1], [2, -3], [0, -1], [7, -2], [5, -6], [0, -1], [1, -2], [2, -3], [0, 1], [2, -3], [0, 1], [0, 1], [2, -3], [0, -1], [2, -3], [1, -2], [0, 1], [4, -5], [0, 1], [0, -1], [0, -1], [0, -1], [-1, 2], [0, 1], [0, -1], [0, 1], [0, -1], [0, -1], [0, 1], [0, -1], [1, -2], [0, 1], [0, -1], [-1, 2], [0, 1], [-1, 2], [-1, 2], [0, 1], [0, 1], [1, -2], [0, -1], [-1, 2], [0, 1], [0, -1], [0, -1], [0, 1], [-1, 4], [0, -1], [-2, 3], [0, 1], [0, -1], [0, 1], [1, -2], [0, -1], [0, 1], [0, 1], [0, -1], [0, -1], [0, 1]], "stand_dev": [54.97924678819861, 55.00797207647864, 55.350942597310016, 55.9239565274842, 56.33749060564338, 56.26972609755755, 56.32308168823283, 56.91781665603132, 56.79995714939161, 56.806231524430075, 56.85519842663806, 56.873539902333334, 57.15121481912443, 56.727669472934394, 56.73020512622378, 56.72871271060933, 56.64568513449386, 56.650878442417316, 56.43802011871286, 56.41491828584616, 56.481578380471056, 56.36165274395456, 56.377009077814954, 56.05243872513484, 56.14140169007543, 56.14162038998064, 56.01685434610917, 55.78656749937645, 55.94458100740839, 55.794169682900346, 55.841805756184854, 55.86562333041544, 55.348332189479734, 55.40752233928241, 55.295474462826085, 55.01987248204106, 55.317649699071744, 54.52730854458361, 54.50584012252166, 54.14891975539744, 54.330536094846366, 54.428763747898685, 54.175312680707165, 53.969546064965414, 53.983202180117395, 53.7975663477991, 53.8692154194262, 53.253191227290564, 53.11318313447551, 53.14143021658674, 52.147541648121525, 52.11344276870169, 52.27587492789145, 52.391501753758895, 52.506933846806156, 53.2960448465503, 53.159682831483, 53.204342388428714, 53.18378031903054, 52.907191114525304, 53.35491786266021, 52.92313555269039, 52.94769266548033, 52.635123815343775, 52.590242857894076, 52.60518402932775, 52.153809550702846, 52.08089651534438, 52.19323418096732, 51.673004495073755, 51.70942989279975, 51.500364546202626, 51.93057469558453, 52.02792092012798, 51.20007502090198, 50.62039065375375, 50.70836776896613, 50.25452482751395, 50.33290513220513, 49.944651236901024, 49.75889158310816, 49.897647497025254, 49.75346762099781, 49.623379212597, 50.34433673422364, 50.23570276343806, 50.26717285356852, 50.47155678697595, 50.91031268608181, 50.91962362457665, 51.13620797779277, 51.173518339325376, 51.16228949704303, 50.87442830432654, 50.86879048150319, 51.070236783197196, 51.71333068408724, 51.71650315686402, 51.80142677332887, 51.71422514766899, 51.95187822321805, 51.88571017933342, 51.93375573823455, 51.61133363044031, 51.38142675005667, 51.39108911496044, 51.55317371904874, 51.532864869867815, 52.2624015644968, 52.25864588711723, 52.24410434659183, 52.42866984236962, 52.74501597013963, 52.7476541695314, 52.37200240907109, 51.851811392491456, 51.88409892512852, 51.84196097760233, 51.82737440781225, 51.86958813638224, 52.066700166073005, 52.131103821611376, 52.61337390999037, 52.614239481875735, 53.32217111218764, 52.74373977170505, 52.85042390057651, 52.902412080564076, 52.957138483723675, 52.98493991956488, 52.8694137560319, 52.90724957064931, 53.40071099309105, 53.2174760838086, 53.210994275458695], "rmsdiffs": [10.195120247370554, 7.597695875179507, 7.761155405027096, 8.864843600307799, 7.8124317420075, 7.7134946922095535, 7.51746560797596, 7.718934690999532, 8.471511681638878, 7.418687485884218, 7.821408475065102, 7.443309772682391, 7.612835496834313, 7.451653449223308, 7.510830874197366, 6.010345801284417, 7.349944138458664, 7.563106382983116, 7.185069104464641, 7.926697239416269, 7.434120033412672, 7.4518908778697, 7.377892555247246, 6.787635571894124, 7.364019629508405, 7.405547953885979, 7.62012498106291, 7.212687231017727, 7.531086967324641, 6.134453352602667, 7.363287096814136, 7.106162366679816, 7.416864155110348, 7.147235610611085, 6.894664591190922, 7.421271529267146, 7.431167650626161, 7.690035210625882, 6.847224960082239, 6.773596292060658, 7.248527972936621, 6.76509370104093, 6.715471370849407, 6.411863989756948, 6.593533727141662, 7.539627666021696, 6.658939183422033, 6.892106573107675, 7.108836566143346, 6.577612028956835, 7.702769831563137, 7.013973352284176, 6.8657054115452745, 6.386905577068847, 6.752951659236169, 7.82613257603189, 7.02777535149616, 6.945592080444941, 6.409232322800372, 6.52686416575304, 7.522515240937653, 7.699495619030027, 7.222063106090707, 6.965194999590981, 7.585040839937831, 7.246718772902506, 6.498805205318279, 6.6603902982075445, 7.13013608069635, 7.4496219631370515, 7.124505187333742, 7.039876482652373, 9.253439387100517, 7.07676090569934, 6.9778570225829855, 6.5643581267800615, 7.347542248203578, 8.753476468269684, 7.171483152933804, 7.395451150204247, 9.224994335271255, 7.1977997837547205, 8.45172412851539, 9.112911981050498, 7.65442345758102, 9.000775616441713, 7.29369815181606, 7.3586169004794835, 9.26611338132352, 7.2619780267310245, 9.254054868090467, 8.713484782724834, 7.193396666794455, 9.054801854249396, 7.192411879823421, 8.56126155063844, 7.841924116629472, 7.275317491564479, 8.161215149747573, 7.596421740467871, 7.404963974885991, 7.717125497237389, 7.172435314634659, 7.625725740611882, 8.75574547739383, 7.106586613408147, 8.026401223558006, 8.540027669597624, 7.7102174978986495, 8.349415593465071, 7.32886964392601, 8.302523894928107, 8.126019092377335, 7.350369912337026, 8.721784741313911, 8.328173449090611, 7.189490610866154, 8.961981190682877, 7.2204984603087015, 6.927688078788742, 8.09552721773867, 7.269838564280254, 7.402373757141779, 7.294272780063284, 7.645234213204871, 6.588007696102041, 7.1618664556199105, 7.42602445030248, 8.95449792122476, 7.1870511244113535, 7.678935572853403, 7.196334494254929, 8.71382968736102, 8.02830478685858, 7.194472668494605]}, "frame_states": [0, 0, 0, 0, 0, 0, 0, 0, 1, 1, 1, 1, 1, 1, 1, 1, 1, 1, 1, 1, 1, 1, 1, 1, 1, 1, 0, 0, 0, 0, 0, 0, 0, 0, 0, 0, 0, 0, 0, 0, 0, 0, 0, 0, 0, 0, 0, 0, 0, 0, 0, 0, 0, 0, 0, 0, 0, 0, 0, 0, 0, 0, 0, 0, 0, 0, 0, 0, 0, 0, 0, 0, 0, 0, 0, 0, 0, 0, 0, 0, 1, 1, 1, 1, 1, 1, 1, 1, 1, 1, 1, 1, 1, 1, 1, 1, 1, 1, 1, 1, 1, 1, 1, 1, 1, 1, 1, 1, 1, 1, 1, 1, 1, 1, 1, 1, 1, 1, 1, 1, 1, 1, 1, 1, 1, 1, 1, 1, 1, 1, 1, 1, 1, 1, 1]}