{
    "frame_states": [
        0, 
        0, 
        0, 
        0, 
        0, 
        0, 
        0, 
        0, 
        0, 
        0, 
        0, 
        0, 
        0, 
        0, 
        0, 
        0, 
        0, 
        0, 
        0, 
        0, 
        0, 
        0, 
        0, 
        0, 
        0, 
        0, 
        0, 
        0, 
        0, 
        0, 
        0, 
        0, 
        0, 
        0, 
        0, 
        0, 
        0, 
        0, 
        0, 
        0, 
        0, 
        0, 
        0, 
        0, 
        0, 
        0, 
        0, 
        0, 
        0, 
        0, 
        0, 
        0, 
        0, 
        0, 
        0, 
        0, 
        0, 
        0, 
        0, 
        0, 
        0, 
        0, 
        0, 
        0, 
        0, 
        0, 
        0, 
        0, 
        0, 
        0, 
        0, 
        0, 
        0, 
        0, 
        0, 
        0, 
        0, 
        0, 
        0, 
        0, 
        0, 
        0, 
        0, 
        0, 
        0, 
        0, 
        0
    ], 
    "phase1": {
        "rmsdiffs": [
            10.076704901496997, 
            5.853837947004478, 
            6.389700333556868, 
            6.065178424712326, 
            7.302480652532571, 
            8.45499888667686, 
            4.982278628336369, 
            8.78789732593733, 
            8.417639839356177, 
            5.522520918121212, 
            8.628438543028585, 
            5.810914773199892, 
            7.090376582069326, 
            8.195850960041142, 
            6.055960776667412, 
            8.100806582843758, 
            6.930815158134868, 
            6.445449775882499, 
            8.08694148321401, 
            6.423599321141318, 
            7.7952277168130015, 
            7.342986756409589, 
            6.0856222603730945, 
            8.0184336321981, 
            8.248585942373374, 
            5.7369724194720275, 
            7.255090010311017, 
            6.187564889505277, 
            7.694547929055899, 
            8.489218782552548, 
            5.551495914989979, 
            7.803711833794898, 
            7.9342578578579195, 
            6.040598631304064, 
            8.430697655032827, 
            6.422278465577076, 
            7.9821391087897045, 
            8.943678225175294, 
            6.366153264068938, 
            8.862753734994726, 
            8.0966202457895, 
            7.1456239580082155, 
            8.494794794262535, 
            6.922322572019188, 
            8.482442765308797, 
            8.707224486634198, 
            6.908376130079439, 
            7.512615414856082, 
            8.425631071783219, 
            7.224894473727248, 
            8.547008292604946, 
            7.063221163264138, 
            7.274725041970045, 
            8.50042511658739, 
            6.8545385193561215, 
            8.370317328990481, 
            6.939763993928581, 
            8.52735207457557, 
            8.886792347506653, 
            6.847591585361204, 
            7.573066147328801, 
            8.064949929599488, 
            7.057602933880445, 
            7.837236515714511, 
            7.18115142837454, 
            7.41562859114361, 
            8.278421144757866, 
            7.0217215209461745, 
            7.5653851848227855, 
            8.546573969552185, 
            6.839588342955698, 
            7.928274854379087, 
            7.352825969005499, 
            7.835323033737813, 
            8.304907060778719, 
            7.053760261038447, 
            6.932827695376396, 
            8.254473502997325, 
            6.978267242085593, 
            7.821180011209159, 
            7.0046374086684215, 
            8.540920454191921, 
            8.49256694222406, 
            6.3213157816719905, 
            8.136816276153093, 
            8.294651223226406, 
            6.5825456961660676
        ], 
        "shift_vectors": [
            [
                -26, 
                -1
            ], 
            [
                -1, 
                0
            ], 
            [
                -4, 
                -1
            ], 
            [
                -1, 
                0
            ], 
            [
                4, 
                -15
            ], 
            [
                42, 
                -3
            ], 
            [
                -1, 
                0
            ], 
            [
                11, 
                -12
            ], 
            [
                15, 
                -16
            ], 
            [
                0, 
                1
            ], 
            [
                19, 
                -10
            ], 
            [
                0, 
                1
            ], 
            [
                13, 
                -2
            ], 
            [
                14, 
                15
            ], 
            [
                1, 
                0
            ], 
            [
                1, 
                10
            ], 
            [
                4, 
                3
            ], 
            [
                -1, 
                0
            ], 
            [
                4, 
                -5
            ], 
            [
                -1, 
                0
            ], 
            [
                2, 
                -19
            ], 
            [
                10, 
                -5
            ], 
            [
                -1, 
                0
            ], 
            [
                7, 
                -12
            ], 
            [
                6, 
                -11
            ], 
            [
                0, 
                1
            ], 
            [
                -4, 
                9
            ], 
            [
                0, 
                1
            ], 
            [
                -11, 
                0
            ], 
            [
                -13, 
                20
            ], 
            [
                0, 
                -1
            ], 
            [
                -8, 
                7
            ], 
            [
                -14, 
                7
            ], 
            [
                0, 
                1
            ], 
            [
                -16, 
                15
            ], 
            [
                0, 
                -1
            ], 
            [
                -2, 
                -3
            ], 
            [
                -29, 
                6
            ], 
            [
                0, 
                -1
            ], 
            [
                -13, 
                2
            ], 
            [
                -8, 
                5
            ], 
            [
                -1, 
                0
            ], 
            [
                2, 
                3
            ], 
            [
                0, 
                1
            ], 
            [
                -8, 
                1
            ], 
            [
                12, 
                19
            ], 
            [
                -1, 
                0
            ], 
            [
                3, 
                0
            ], 
            [
                5, 
                -4
            ], 
            [
                1, 
                0
            ], 
            [
                10, 
                -1
            ], 
            [
                1, 
                0
            ], 
            [
                7, 
                -2
            ], 
            [
                22, 
                -3
            ], 
            [
                -1, 
                0
            ], 
            [
                -4, 
                -9
            ], 
            [
                1, 
                0
            ], 
            [
                9, 
                0
            ], 
            [
                28, 
