{"phase1": {"shift_vectors": [[-4, 41], [-1, 0], [-5, -2], [1, 0], [1, 0], [1, 0], [-1, 0], [-3, 2], [-6, 1], [1, 0], [-14, 3], [1, 0], [-18, 1], [-9, 0], [-1, 0], [-17, 0], [-6, 1], [-1, 0], [-5, 0], [-1, 0], [-5, 0], [-4, 1], [-1, 0], [-2, 1], [-6, 1], [-1, 0], [-7, 2], [-1, 0], [-5, 0], [-7, 0], [1, 0], [-3, 0], [-1, 0], [-1, 0], [-4, 1], [-1, 0], [-5, 0], [-7, 0], [-1, 0]], "stand_dev": [87.73980372349874, 87.92679462100415, 87.63082512653193, 87.65887613599995, 87.50216099470018, 87.26497796976965, 87.29624882157904, 87.43462279169329, 87.14777639669917, 87.17931281218917, 86.94087036970599, 86.94315245880642, 86.87518943042008, 86.84186909272492, 86.84012861942757, 87.12823429300505, 87.2805677802708, 87.29452119113022, 87.15890243747893, 87.15824237386163, 87.18582009982455, 87.14862749415123, 87.14172883092684, 87.0532102330984, 86.91471924717666, 86.9233644890997, 86.31561921379306, 86.32149905713887, 85.87564282130079, 85.24166888068203, 85.2461227671583, 84.55146728709366, 84.09226377108011, 84.09156880693588, 83.54204319843626, 83.57905915940133, 82.77387249900889, 82.24592595295, 82.26828785916484], "rmsdiffs": [10.223573765519923, 5.575479531382814, 5.6137313506367015, 5.580139269661897, 7.075421491955043, 7.573192098924053, 5.5562264853083905, 5.988068025980861, 5.235202409684074, 5.310988909745865, 5.927114109382196, 5.056100247532022, 6.641157753711684, 5.119591963237651, 4.681003946610484, 6.184126728918343, 5.886169828179528, 5.011365538374455, 5.59621599125895, 5.1052907085268595, 5.095607358127829, 6.004362461075322, 5.228209284052979, 5.440966884812758, 6.433009767399055, 5.044447288231775, 5.804386039601848, 4.99382856832102, 4.556146281824402, 5.595141875156022, 5.010016050294099, 6.017238231888347, 5.579016581160817, 5.055119157763024, 5.333976979564878, 5.111709837695087, 6.417985854783101, 5.138521755099279, 4.7526845867082095]}, "frame_states": [0, 0, 0, 0, 0, 0, 0, 0, 0, 0, 0, 0, 0, 0, 0, 0, 0, 0, 0, 0, 0, 1, 1, 1, 1, 1, 1, 1, 1, 1, 1, 1, 1, 1, 1, 1, 1, 1, 1]}