{
    "frame_states": [
        1, 
        1, 
        1, 
        1, 
        1, 
        1, 
        1, 
        1, 
        1, 
        1, 
        1, 
        1, 
        1, 
        1, 
        1, 
        1, 
        1, 
        1, 
        1, 
        1, 
        1, 
        1, 
        1, 
        1, 
        1, 
        1, 
        1, 
        1, 
        1, 
        1, 
        1, 
        1, 
        1, 
        1, 
        1, 
        1, 
        1, 
        1, 
        1, 
        1, 
        1, 
        1, 
        1, 
        1, 
        1, 
        1, 
        1, 
        1, 
        1, 
        1, 
        1, 
        1, 
        1, 
        1, 
        1, 
        1, 
        1, 
        1, 
        1, 
        1, 
        1, 
        1, 
        1, 
        1, 
        1, 
        1, 
        1, 
        1, 
        1, 
        1, 
        1, 
        1
    ], 
    "phase1": {
        "rmsdiffs": [
            9.662715108560592, 
            5.10227179958269, 
            7.736196305690817, 
            4.098383631577707, 
            5.90771557049064, 
            5.004506315686437, 
            3.9921964613026346, 
            5.654147639348054, 
            3.9696728963282113, 
            4.546838390538894, 
            4.736574433851363, 
            4.1688653562505875, 
            5.18441555693739, 
            5.169501300584844, 
            3.928831871536931, 
            4.722612521843475, 
            3.771414829204738, 
            5.156304920986021, 
            4.666236752683983, 
            3.7638805877403856, 
            3.9354799054999168, 
            3.9865825434307585, 
            3.7480180817265807, 
            4.71605922051228, 
            4.002782787011187, 
            4.18300292564053, 
            4.955682870251812, 
            3.687896169948382, 
            4.787413167879463, 
            4.1998087245611995, 
            3.7266271555562542, 
            4.948649545564232, 
            3.7801923150079926, 
            4.878374666264869, 
            4.228257362075345, 
            4.032297663605962, 
            5.035591892402878, 
            3.9529207565280156, 
            4.286596401753777, 
            4.756748036908031, 
            3.9117459294169663, 
            5.6738842157334295, 
            5.276107552206621, 
            3.9038199840341945, 
            4.301963517519472, 
            3.909740654759653, 
            4.548086839179042, 
            4.47921211353732, 
            4.028161710696169, 
            2.9551632636450775, 
            4.912718457536378, 
            3.9074923906730956, 
            4.4104874540895445, 
            3.828729856996673, 
            4.2666771607526135, 
            4.421962897689736, 
            3.8452141757038136, 
            4.150754174317563, 
            4.176979412945568, 
            4.052152515692489, 
            4.90122837928617, 
            3.8686731433536834, 
            4.816435962253577, 
            4.31801141383251, 
            3.8803690486981957, 
            4.0876200445049395, 
            4.641509431961771, 
            3.805947628387191, 
            4.340281737087396, 
            3.7810012253423944, 
            4.866867818711139, 
            5.3074190289058185
        ], 
        "shift_vectors": [
            [
                -6, 
                -5
            ], 
            [
                3, 
                2
            ], 
            [
                4, 
                5
            ], 
            [
                1, 
                0
            ], 
            [
                3, 
                0
            ], 
            [
                -1, 
                0
            ], 
            [
                -1, 
                0
            ], 
            [
                -2, 
                -1
            ], 
            [
                -1, 
                0
            ], 
            [
                1, 
                0
            ], 
            [
                -1, 
                0
            ], 
            [
                -1, 
                0
            ], 
            [
                -1, 
                0
            ], 
            [
                -1, 
                0
            ], 
            [
                -1, 
                0
            ], 
            [
                -1, 
                0
            ], 
            [
                -1, 
                0
            ], 
            [
                -1, 
                0
            ], 
            [
                1, 
                0
            ], 
            [
                -1, 
                0
            ], 
            [
                1, 
                0
            ], 
            [
                1, 
                0
            ], 
            [
                -1, 
                0
            ], 
            [
                1, 
                0
            ], 
            [
                1, 
                0
            ], 
            [
                1, 
                0
            ], 
            [
                2, 
                -1
            ], 
            [
                1, 
                0
            ], 
            [
                2, 
                -1
            ], 
            [
                1, 
                0
            ], 
            [
                -1, 
                0
            ], 
            [
                1, 
                0
            ], 
            [
                1, 
                0
            ], 
            [
                1, 
                0
            ], 
            [
                1, 
                0
            ], 
            [
                1, 
                0
            ], 
            [
                1, 
                0
            ], 
            [
                1, 
                0
            ], 
            [
                -1, 
                0
            ], 
            [
                1, 
                0
            ], 
            [
                -1, 
                0
            ], 
            [
                1, 
                0
            ], 
            [
                1, 
                0
            ], 
            [
                -1, 
                0
            ], 
            [
                1, 
                0
            ], 
            [
                -1, 
                0
            ], 
            [
                1, 
                0
            ], 
            [
                1, 
                0
            ], 
            [
                -1, 
                0
            ], 
            [
                1, 
                0
            ], 
            [
                -1, 
                0
            ], 
            [
                1, 
                0
            ], 
            [
                -1, 
                0
            ], 
            [
                1, 
                0
            ], 
            [
                -1, 
                0
            ], 
            [
                -1, 
                0
            ], 
            [
                1, 
                0
            ], 
            [
                -1, 
                0
            ], 
            [
                -1, 
                0
            ], 
            [
                1, 
                0
            ], 
            [
                -2, 
                -1
            ], 
            [
                -1, 
                0
            ], 
            [
                -2, 
                -1
            ], 
            [
                -1, 
                0
            ], 
            [
                1, 
                0
            ], 
            [
                -1, 
                0
            ], 
            [
                -1, 
                0
            ], 
            [
                -1, 
                0
            ], 
            [
                1, 
