{"phase1": {"shift_vectors": [[6, -7], [1, 0], [-5, -4], [-1, 0], [6, -5], [-4, -3], [-1, 0], [-2, -1], [-3, 2], [-1, 0], [-5, 4], [-1, 0], [-3, 2], [-5, 4], [1, 0], [1, 0], [-1, 0], [-1, 0], [-2, -1], [-1, 0], [-2, -1], [-2, -1], [-1, 0], [-3, -2], [5, 4], [1, 0], [3, 2], [1, 0], [5, 4], [7, 6], [-1, 0], [3, 2], [2, -1], [-1, 0], [5, -2], [-1, 0], [2, -1], [3, -2], [1, 0], [4, -3], [2, -1], [-1, 0], [2, -1], [1, 0], [-4, -3], [-3, -2], [-1, 0], [-6, -1], [-5, 4], [1, 0], [2, 1], [-1, 0], [-4, 1]], "stand_dev": [55.68021770280442, 55.68569071127356, 55.48036098362093, 55.48089565662081, 55.6780955975323, 55.92789629641001, 55.935700499004945, 56.082895944372446, 56.32899965368674, 56.34233109306692, 56.65072261029886, 56.66927232791333, 57.027170573481655, 57.266074436527916, 57.28924542230835, 57.29126492012497, 57.65627775866017, 57.67607482005855, 57.704814677364475, 57.75534405061576, 57.79833826082792, 57.79623755738255, 57.8393018299771, 57.84541421108554, 58.10320066842282, 58.132139811345176, 58.392335743739785, 58.404859601017115, 58.83349405923095, 59.12964014705672, 59.136807818507705, 59.05729653109471, 59.01062444494137, 59.020887460971935, 59.21445201833875, 59.21709756875776, 58.53312733191314, 58.74680989885645, 58.75110632170088, 58.93463341091449, 58.89696113921047, 58.908721818377266, 58.56615335404271, 58.60173705340814, 58.98167806878195, 59.3057149123757, 59.31183301182921, 59.33314905823858, 59.31908567442556, 59.3294415104062, 59.87654979431653, 59.88350277374049, 59.880493031784], "rmsdiffs": [9.907965820708053, 5.121046511299426, 7.767661521563647, 4.938447419057747, 8.542517655806426, 7.339308504510751, 4.815040121529136, 5.703419560421452, 6.9761804363949595, 4.82270430221943, 7.880813086141522, 4.82277370767459, 6.474704015982307, 7.641910255689456, 4.904305965754801, 6.815106995448843, 6.232722946913778, 4.901818600840773, 7.133980884092667, 4.871814953633275, 7.181567518645829, 6.545928877222684, 4.83021592845423, 7.669496491251358, 7.686341526276888, 4.819102410596653, 6.4990141254736775, 4.7261375649028325, 8.005688667965687, 7.885549647013327, 4.798862563024723, 6.7960551725712515, 6.793763670155946, 4.776036003798646, 6.784647292041266, 4.733213297573531, 6.749466961719245, 6.335759856520023, 4.556986683102925, 6.677393463100507, 6.151014376858652, 4.6727064276571015, 6.941339471514481, 4.624979145765463, 7.1154247903391195, 5.832576064354194, 4.658953869305924, 6.929310694117097, 6.774580711765468, 4.5116765374115495, 7.659564305489955, 4.596544009563634, 6.831982637248356]}, "frame_states": [0, 0, 1, 1, 1, 1, 1, 1, 1, 1, 1, 1, 1, 1, 1, 1, 1, 1, 1, 1, 1, 1, 1, 1, 1, 1, 1, 1, 1, 1, 1, 1, 1, 1, 1, 1, 1, 1, 1, 1, 1, 1, 1, 1, 1, 1, 1, 1, 1, 1, 1, 1, 1]}