{
    "frame_states": [
        0, 
        0, 
        0, 
        0, 
        0, 
        0, 
        0, 
        0, 
        0, 
        0, 
        0, 
        0, 
        0, 
        0, 
        0, 
        0, 
        0, 
        0, 
        0, 
        0, 
        0, 
        0, 
        0, 
        0, 
        0, 
        0, 
        0, 
        0, 
        0, 
        0, 
        0, 
        0, 
        0, 
        0, 
        0, 
        0, 
        0, 
        0, 
        0, 
        0, 
        0, 
        0, 
        0, 
        0, 
        0, 
        0, 
        0, 
        0, 
        0, 
        0, 
        0, 
        0, 
        0, 
        0, 
        0, 
        0, 
        0, 
        0, 
        0, 
        0, 
        0, 
        0, 
        0, 
        0, 
        0, 
        0, 
        0, 
        0, 
        0, 
        0, 
        0, 
        0, 
        0, 
        0, 
        0, 
        0, 
        0, 
        0, 
        0, 
        0, 
        0, 
        0, 
        0, 
        0, 
        0, 
        0, 
        0, 
        0, 
        0, 
        0, 
        0, 
        0, 
        0, 
        0, 
        0, 
        0, 
        0, 
        0, 
        0, 
        0, 
        0, 
        0, 
        0, 
        0, 
        0, 
        0
    ], 
    "phase1": {
        "rmsdiffs": [
            9.694250047133417, 
            8.445112529403957, 
            8.323101561788318, 
            5.545857666427025, 
            8.709356085852809, 
            5.524499514129365, 
            8.762291444860578, 
            8.579978995835639, 
            5.5196585398859535, 
            8.303497840821974, 
            8.407212247694105, 
            5.644603722480792, 
            8.491821592588868, 
            5.722135235243731, 
            8.365326503552653, 
            8.214706535372144, 
            6.0962473955233145, 
            8.553504025316824, 
            8.736644234595664, 
            5.7363468764942365, 
            8.565869580148927, 
            5.723241069154312, 
            8.519097488938584, 
            8.352134559043108, 
            6.305711531096738, 
            8.709325858087807, 
            8.808029016474649, 
            5.667533788249266, 
            8.820378378936933, 
            5.684753040451205, 
            8.90981180689196, 
            8.844706137948657, 
            5.477962544784446, 
            8.808195501474904, 
            9.024187306609946, 
            5.628467284823029, 
            8.887001994173538, 
            5.350622881111828, 
            8.612806721913312, 
            8.362701990072152, 
            5.792565642919004, 
            8.608598301597814, 
            8.63162016057555, 
            5.882809408015704, 
            8.412842035311915, 
            5.854929469755329, 
            8.400632930826403, 
            8.684538505833046, 
            6.380280313088697, 
            9.011624468381603, 
            8.955787825810283, 
            5.999367105668679, 
            8.943711881664246, 
            5.979602929216722, 
            8.762827332382104, 
            9.073515452358947, 
            5.8926147896578165, 
            9.248725641284715, 
            8.943132157908646, 
            5.849800514383106, 
            8.852045203936083, 
            5.657727153478672, 
            8.652944007677387, 
            8.532844365296611, 
            5.968971892750238, 
            8.796081355122492, 
            8.762471673693865, 
            6.033270072324458, 
            8.64834945261086, 
            5.9418489207287815, 
            8.715392768608373, 
            8.6015995928406, 
            6.328624535374911, 
            8.582703018927726, 
            8.636866131424174, 
            5.559942175833059, 
            8.520986521051022, 
            5.606349846404392, 
            8.69017842683583, 
            8.92720992821026, 
            5.598442412962152, 
            8.61816825031026, 
            8.587321318299079, 
            5.742625387748285, 
            8.59244736255825, 
            5.483809497843183, 
            8.687266013304063, 
            8.629834457425549, 
            5.523450024585603, 
            8.56978919665533, 
            8.481046000775905, 
            5.378452444372715, 
            8.552277810794422, 
            5.551543738727847, 
            8.760719909535593, 
            8.538819590552315, 
            6.102173085459188, 
            8.158967974242056, 
            8.258221687051947, 
            5.586396473318294, 
            8.443991109300839, 
            5.714366274241484, 
            8.409544915446933, 
            8.27723086461168, 
            5.5225073371763935, 
            8.243941218908377
        ],