{"phase1": {"shift_vectors": [[17, 6], [-2, -1], [-1, 0], [-1, 0], [-1, 0], [-1, 0], [-1, 0], [-2, -1], [-1, 0], [-1, 0], [-1, 0], [-1, 0], [1, 0], [1, 0], [-1, 0], [1, 0], [1, 0], [-1, 0], [-1, 0], [-1, 0], [-1, 0], [-1, 0], [-1, 0], [-1, 0], [-1, 0], [-1, 0], [-1, 0], [1, 0], [-1, 0], [-1, 0], [-1, 0], [-2, -1]], "stand_dev": [41.15436711057868, 40.80528997473839, 40.53066810842731, 40.5325585212012, 40.50037990841458, 40.63087070401623, 40.193182227687984, 39.80257246239589, 39.87552215293926, 39.741501393387466, 39.59374838907481, 39.59970321127204, 39.649455868802384, 39.65162899774838, 39.47535476981214, 39.14700676240865, 39.21684712927617, 39.409252211191664, 39.221827668745355, 39.22301537790036, 39.17597569516792, 39.18325916946344, 39.133456034938696, 39.02523095270216, 39.20889760790513, 39.101331084001956, 38.948622441678715, 38.95815458391731, 38.87464550318536, 39.03503262964784, 38.635543000443796, 38.523611583627236], "rmsdiffs": [6.4749344578226005, 5.379053975480684, 4.658287152289326, 5.363328536694637, 3.1762778670176743, 5.55560445987865, 4.806745173749337, 5.686362657239236, 5.255570609446854, 3.8928808038363774, 3.2821785528609455, 5.2280413255393805, 5.80735365375195, 5.3388151600809985, 5.198882766568041, 5.957921700216905, 5.244633593841073, 3.8650718249648377, 5.068629160329766, 5.193733266238042, 4.823608748259529, 5.165484829578383, 5.0321579325900485, 5.137088251974305, 5.450882862292909, 5.241526103756982, 5.390239090003378, 5.222419085291506, 4.243122228485798, 5.3586944288295095, 5.30749192433346, 5.582064737982356]}, "frame_states": [0, 0, 0, 0, 0, 0, 1, 1, 1, 1, 1, 1, 1, 1, 1, 1, 1, 1, 1, 1, 1, 1, 1, 1, 1, 1, 1, 1, 1, 1, 1, 1]}