{"phase1": {"shift_vectors": [[2, 7], [1, 0], [-2, -1], [0, -1], [0, -1], [1, -2], [-2, -3], [0, 1], [0, -1]], "stand_dev": [60.24967863311004, 60.22131977461571, 59.789588666562075, 59.45306189664285, 59.45917481586181, 59.12564830124817, 58.702661797258656, 58.722066042487775, 58.85298260987629], "rmsdiffs": [7.158568927951826, 5.670022633853017, 6.062871164315876, 4.955349466551739, 5.530081622426235, 6.159154997651854, 6.2053179644925365, 5.553287063936518, 5.65950266400677]}, "frame_states": [1, 1, 1, 1, 1, 1, 1, 1, 1]}