{"phase1": {"shift_vectors": [[-23, 32], [-11, 6], [1, 0], [-1, 0], [5, -4], [-1, 0], [-13, 0], [-1, 0], [-15, 4], [-13, -2], [1, 0], [-11, 4], [-5, 4], [1, 0], [-3, 2], [-1, 0], [-4, 1], [2, -1], [-1, 0], [1, 0], [-8, 1], [1, 0], [10, -7], [1, 0], [9, -8], [8, 3], [1, 0], [6, 5], [-11, 6], [1, 0], [-5, 4], [1, 0], [-5, 0], [-9, 4], [-1, 0], [-15, 0], [3, -2], [-1, 0], [-5, 0], [1, 0], [-2, -19], [12, -17], [-1, 0], [-1, 0], [9, -8], [-1, 0], [-2, -1], [-1, 0], [3, -2], [-7, -2], [1, 0], [-4, -1], [-7, 0], [1, 0], [-5, 2], [-1, 0], [-1, 0], [3, -2], [-1, 0], [-1, 0], [1, 0], [1, 0], [3, 0], [-1, 0], [3, 0], [2, -1], [-1, 0], [2, -1], [-5, 4], [-1, 0], [-2, 1], [1, 0], [5, -2], [3, 0], [1, 0], [1, 0], [3, 0], [1, 0], [-3, 2], [-1, 0], [-2, 1], [-3, 2], [-1, 0], [-3, 0], [-2, -1], [1, 0]], "stand_dev": [44.9277200731038, 46.90759183528397, 46.94305920676528, 47.71850124555318, 46.477638986077565, 46.50965485873726, 46.60927108990032, 46.632257623522165, 48.17776134792682, 48.42853690088879, 48.4450272266344, 49.89143923103128, 51.34052354651261, 51.34297905904905, 52.51613407894799, 52.52557577515545, 52.869072332439714, 52.72047723358856, 52.72111164898105, 52.61067275891466, 53.52754648470193, 53.532581289801136, 51.64974783033256, 51.659660642267546, 48.84470259806979, 48.79729094803303, 48.77772326788064, 50.301034454343636, 52.34609864597528, 52.35246532684077, 53.675513110983566, 53.71227559355969, 53.95826973221862, 55.15853910842024, 55.1575626397722, 56.30900742631878, 55.75868865345357, 55.78816514873944, 55.60450903688364, 55.654353889897145, 50.947257492760826, 52.85407834920832, 52.84909889000959, 53.75703861119327, 51.89229523212377, 51.90128049354936, 51.700882152638634, 51.773236771175775, 51.28468950211106, 50.53059463691732, 50.539109846865856, 50.33873361636506, 50.053850792183475, 50.09725816286485, 50.59996560870807, 50.61175826049893, 50.829401947609405, 49.981543310507874, 50.01801677862056, 50.07660490626591, 50.23468338590055, 50.282721024805625, 50.00739548366708, 50.03575534882982, 49.84947464938842, 49.26866250719243, 49.35179619682821, 49.200894149085, 50.234010370595385, 50.3048022060868, 50.75511709441856, 50.79636531668319, 50.63254893177191, 50.29760079374712, 50.312237919316054, 50.00481405214812, 49.773029229607495, 49.79570461792551, 50.23195149313673, 50.269999281210744, 50.658503489893945, 51.10503394674227, 51.17202204175591, 51.47313567485213, 51.572089266069774, 51.576756330399164], "rmsdiffs": [9.835882237845592, 7.165625350604756, 4.94341613333256, 6.22671038947429, 6.93196037715461, 4.914282199440008, 5.840861323120431, 4.827834009227873, 5.891741315633017, 6.353779226250036, 4.483434704568632, 6.434575509750073, 6.899891781120229, 4.890330915513161, 6.386464854519342, 4.905176755065515, 5.4869915171861, 6.109329037890544, 4.917682228917185, 6.683696298408156, 5.657646965217346, 4.948003413977509, 7.2137294716996, 4.871648092610634, 6.856953465947815, 6.268899729517349, 4.699886882325969, 5.244655925964714, 7.319158595436863, 4.882021870219056, 6.406364889954905, 4.923905398653727, 5.242653903082537, 6.931195213275115, 4.870786927488465, 6.757940514683448, 6.594308316181514, 4.964857810248627, 5.678601758818635, 4.9595591103738546, 7.121312884368253, 9.30754565503667, 5.198810856769585, 6.465287915874985, 7.56369039348748, 5.093286432555599, 5.240642522846783, 5.148754857049075, 6.861285187019812, 5.332118850398456, 5.042290720009584, 4.885044386748189, 5.789821166335182, 5.067986745639063, 5.931841715687694, 5.095920475703735, 5.453138119821604, 7.088066920343577, 5.130370853531558, 6.358258546765944, 5.434570347325016, 5.224017438578681, 4.854864616884994, 5.136906736111757, 5.694447018331454, 6.172109762431278, 5.143220903856532, 4.960603517188136, 7.204170988037301, 5.315799539441161, 6.710680597326858, 5.211481312615833, 5.826990684500003, 5.290101881563414, 5.013674571345376, 4.873898004646175, 5.736814183751651, 4.984626862229497, 6.526863988022873, 5.03405849329624, 5.9074271573286525, 6.0282035943283745, 5.051920910515798, 5.224452346409365, 4.290004644762, 5.205728874111996]}, "frame_states": [0, 0, 0, 0, 0, 0, 0, 0, 0, 0, 0, 0, 0, 0, 0, 0, 0, 0, 0, 0, 0, 0, 0, 0, 0, 0, 0, 0, 0, 0, 0, 0, 0, 0, 0, 0, 0, 0, 0, 0, 0, 0, 0, 0, 0, 0, 0, 0, 0, 0, 0, 0, 0, 1, 1, 1, 1, 1, 1, 1, 1, 1, 1, 1, 1, 1, 1, 1, 1, 1, 1, 1, 1, 1, 1, 1, 1, 1, 1, 1, 1, 1, 1, 1, 1, 1]}