{"phase1": {"shift_vectors": [[-39, -18], [7, 4], [1, 0], [-3, 2], [-1, 0], [11, 10], [11, 6], [-1, 0], [3, 0], [1, 0], [7, -4], [12, -1], [1, 0], [6, 1], [1, 0], [-1, 0], [3, 0]], "stand_dev": [55.54832154116464, 54.903806240180536, 54.927882486716804, 54.890284994368734, 54.88516530098884, 54.64754711518886, 53.44237859911912, 53.435976623743805, 52.91488882992642, 52.93558997967534, 51.867135234638155, 50.96985409056988, 50.946582206302494, 50.96523918628838, 50.92766828036141, 50.92714284472435, 50.909755207795115], "rmsdiffs": [9.252139283778872, 6.89494790031763, 4.87817728587346, 7.052567971745985, 4.801222186168833, 7.797329160649722, 7.36237627704966, 4.66471939401131, 5.990662613497177, 4.941382621824271, 7.475760036613888, 6.915456363635739, 4.8691476158161295, 5.592932441757876, 6.820974357387798, 4.580207830792925, 7.166168006211521]}, "horizontal_movement": [[0.0, 0.5641025641025641, 0.0, -1.0526315789473684, -1.7714285714285714, 0.0, -0.525, 0.0, -3.475, -2.3142857142857145, 0.0, 0.2, -0.5588235294117647, 0.0, -3.1538461538461537, 0.0, -1.1, -1.4324324324324325], [0.0, -1.2727272727272727, 0.0, -2.09375, -4.84375, 0.0, -2.588235294117647, 0.18181818181818182, -6.354838709677419, -5.96875, -0.03125, -0.25, -1.1935483870967742, 0.0, -5.821428571428571, 0.0, -3.3703703703703702, -1.9285714285714286], [0.0, -1.4615384615384615, 0.0, -4.102564102564102, -6.205128205128205, 0.025, -3.3, 0.0, -7.65, -5.925, 0.025, -1.925, -3.3, 0.0, -6.35, 0.0, -3.4, -2.4615384615384617], [0.0, -0.3157894736842105, 0.0, -1.3428571428571427, -1.4166666666666667, 0.0, -1.5476190476190477, 0.0, -3.5675675675675675, -3.0, 0.0, -0.5, -1.7560975609756098, 0.0, -2.8421052631578947, 0.0, -1.744186046511628, -3.4722222222222223], [0.0, -0.14583333333333334, 0.0, -0.9761904761904762, -1.9318181818181819, 0.0, -2.0, 0.10416666666666667, -2.5681818181818183, -2.58974358974359, 0.08333333333333333, -0.07894736842105263, 0.22857142857142856, 0.0, 0.047619047619047616, 0.020833333333333332, -1.0681818181818181, -0.8], [0.0, -0.7872340425531915, 0.0, -2.0714285714285716, -3.3157894736842106, 0.0, -2.148936170212766, 0.0, -4.975, -4.7272727272727275, 0.0, -1.0, -2.9285714285714284, 0.0, -3.7906976744186047, 0.0, -2.5952380952380953, -4.886363636363637], [0.0, 7.303030303030303, 0.0, 16.625, 11.153846153846153, 0.0, 1.9666666666666666, -0.025, 5.9411764705882355, 2.1666666666666665, -0.05, -0.2647058823529412, -0.6153846153846154, 0.0, -1.2916666666666667, 0.0, -2.4285714285714284, -4.857142857142857], [0.0, -0.2222222222222222, 0.0, 0.35, 0.8947368421052632, 0.0, -1.7857142857142858, 0.0, -0.9047619047619048, -0.19047619047619047, 0.0, 0.10714285714285714, 0.391304347826087, 0.0, 0.5454545454545454, 0.0, -1.5555555555555556, -2.6818181818181817], [0.0, -0.08823529411764706, 0.0, 0.18181818181818182, 0.18181818181818182, 0.0, -1.4285714285714286, -0.025, -0.6153846153846154, -1.8, -0.025, -1.303030303030303, -2.8125, 0.025, -1.78125, 0.0, -2.5526315789473686, -4.277777777777778]], "frame_states": [0, 0, 0, 0, 0, 0, 0, 0, 0, 0, 0, 0, 0, 0, 0, 0, 0], "brightness": [100, 100, 99, 99, 99, 99, 99, 98, 98, 97, 97, 97, 96, 95, 95, 94, 94, 93, 92], "mean_vector_length": [[0.0, 1.4942864188462077, 0.0, 1.336729252530242, 2.493734448992827, 0.0, 0.6853553390593274, 0.0, 5.567291548207192, 4.975751927502609, 0.0, 1.3887206091516322, 3.379740961557115, 0.0, 5.156801926035707, 0.0, 1.7274393552722977, 2.2629539616588876], [0.0, 2.3462690147803147, 0.0, 3.0356240701591175, 5.000922110058966, 0.0, 2.610273560396049, 0.38354103786340543, 6.815734886197004, 7.015331033907948, 0.26294417382415924, 1.3993493587103931, 3.1352959118959074, 0.0, 6.119412835374247, 0.037037037037037035, 3.526099774722813, 2.344952673642304], [0.0, 1.5234413733941818, 0.0, 4.123512251866855, 6.538059701727035, 0.025, 3.36565354508772, 0.05, 7.915610676687862, 6.473278741197899, 0.025, 2.102425392462, 3.3893364569333917, 0.0, 6.431757020149911, 0.0, 3.5448822996715257, 4.961963785742325], [0.0, 1.3185822542786472, 0.0, 2.3563420869244345, 3.174808802867963, 0.0, 1.9033945906657022, 0.0, 5.7771764867824995, 4.557683602692127, 0.0, 1.109600664355274, 3.733524406172196, 0.0, 4.485116637721847, 0.0, 2.0557161222875475, 3.578708443935086], [0.0, 1.151618719538383, 0.0, 2.065319564550651, 2.6760424528057563, 0.0, 2.407009792338691, 0.22916666666666666, 3.124105062133409, 3.4500912675887854, 0.08333333333333333, 1.6422764494755122, 2.6617687849041634, 0.0, 3.680929380678656, 0.020833333333333332, 1.8130315264884211, 2.2299974094576376], [0.0, 1.476131991515548, 0.0, 3.2098048608236307, 4.235545890702714, 0.0, 2.289854347319395, 0.0, 5.566234240911283, 5.2757219724946625, 0.0, 2.089099991656687, 4.195164720982895, 0.0, 5.132908037099062, 0.0, 2.6640858055242793, 4.988120208141068], [0.0, 7.914184584293924, 0.05, 17.126873663975296, 13.66336314649534, 0.0, 4.630185964022444, 0.05, 9.231910480574822, 5.314248943957918, 0.06035533905932737, 1.3601422055807328, 3.46765411450458, 0.025, 3.236060690937771, 0.0, 2.7444954997505655, 5.0928655547830814], [0.0, 0.7029759941490352, 0.0, 1.56210562421395, 1.5833032910683273, 0.0, 2.116706100880546, 0.0, 2.32147883854699, 2.1270545729446013, 0.0, 0.7775963940980483, 1.911668636700388, 0.0, 0.9652758171590814, 0.0, 1.6793562054691602, 3.212420983113903], [0.0, 1.647961160109684, 0.0, 4.99701554076607, 4.6884701000221956, 0.0, 2.6331562350864517, 0.025, 5.357038122988711, 4.461579495977704, 0.06035533905932737, 1.5454545454545454, 3.4248778012271037, 0.025, 3.5970071704070246, 0.0, 2.558843894144731, 4.749192575253962]], "vertical_movement": [[0.0, -0.9230769230769231, 0.0, 0.5789473684210527, 1.5142857142857142, 0.0, -0.075, 0.0, 4.175, 4.2, 0.0, 0.95, 2.911764705882353, 0.0, 3.769230769230769, 0.0, 1.025, 0.7837837837837838], [0.0, 0.24242424242424243, 0.0, 1.09375, 0.40625, 0.0, -0.08823529411764706, -0.09090909090909091, 2.0, 3.0, 0.0625, 0.0, 1.5161290322580645, 0.0, 1.6071428571428572, 0.037037037037037035, 0.25925925925925924, 0.75], [0.0, 0.07692307692307693, 0.0, -0.05128205128205128, -1.8205128205128205, 0.0, -0.325, 0.0, -0.575, 0.95, 0.0, -0.4, 0.55, 0.0, -0.625, 0.0, -0.875, 0.8717948717948718], [0.0, -0.5789473684210527, 0.0, 0.2571428571428571, 1.9722222222222223, 0.0, -0.6428571428571429, 0.0, 4.108108108108108, 2.973684210526316, 0.0, 0.43478260869565216, 2.951219512195122, 0.0, 2.8421052631578947, 0.0, 0.7906976744186046, 0.6666666666666666], [0.0, -0.6875, 0.0, -0.7619047619047619, -0.09090909090909091, 0.0, -0.8, 0.0, 1.2272727272727273, 1.641025641025641, 0.0, -0.02631578947368421, 1.3428571428571427, 0.0, 0.6428571428571429, 0.0, -0.06818181818181818, 0.05], [0.0, -0.44680851063829785, 0.0, -1.119047619047619, -1.4473684210526316, 0.0, -0.6595744680851063, 0.0, -0.7, 0.21212121212121213, 0.0, -0.39473684210526316, 0.16666666666666666, 0.0, -1.5348837209302326, 0.0, -0.38095238095238093, 1.0], [0.0, 0.3939393939393939, -0.05, 2.8125, 5.538461538461538, 0.0, 0.4, -0.025, 3.6470588235294117, 1.1111111111111112, 0.025, 0.029411764705882353, 2.8846153846153846, 0.025, 1.625, 0.0, 0.39285714285714285, 0.19047619047619047], [0.0, -0.4722222222222222, 0.0, -1.25, 0.21052631578947367, 0.0, -1.0, 0.0, 1.5714285714285714, 1.0, 0.0, 0.03571428571428571, 1.3478260869565217, 0.0, -0.09090909090909091, 0.0, 0.2222222222222222, 1.0], [0.0, -0.6764705882352942, 0.0, -2.1363636363636362, -1.3181818181818181, 0.0, -0.7714285714285715, 0.0, -0.8461538461538461, 0.4666666666666667, -0.05, 0.0, -0.03125, 0.0, -2.09375, 0.0, 0.02631578947368421, 1.0555555555555556]]}