{"phase1": {"shift_vectors": [[-32, -25], [0, 1], [0, -1], [-6, 5], [-6, 5], [0, -1], [-1, 4], [0, 1], [-1, 0], [-6, -5], [-1, 0], [2, -1], [-9, -8], [-1, 0], [3, -2], [1, 0], [-3, 0], [-2, 1], [1, 0], [-9, 4], [-1, 0], [-1, 0], [3, -2], [-1, 0], [3, -2], [-8, -3], [-1, 0], [-4, 3], [-7, 6], [1, 0], [-5, 4], [-1, 0], [-8, 7], [-7, -4], [1, 0], [3, -2], [-3, -14], [-1, 0], [-6, -23], [1, 0], [18, -9], [14, -17], [1, 0], [13, -8], [8, -1], [1, 0], [-5, 4], [1, 0], [-1, 16], [5, 4], [-1, 0], [13, 4], [14, -1], [1, 0], [5, 0], [-1, 0], [4, -3], [-3, -2], [1, 0], [-6, 1], [-11, 2], [-1, 0], [-6, 3], [-1, 0], [-7, -4], [-10, -7], [-1, 0], [-4, -1], [-2, 1], [-1, 0], [-5, 4], [1, 0], [1, 12], [-5, 4], [-1, 0], [25, 12], [18, 7], [-1, 0], [9, 2], [1, 0], [3, 0], [5, -4], [-1, 0], [5, -4], [-15, -8], [1, 0], [-21, -2], [1, 0], [-10, -1], [-8, -3], [-1, 0], [2, -1], [1, 0], [1, 0], [9, 4], [-1, 0], [-3, 2], [-2, 1], [-1, 0], [-5, 4], [-9, 0], [-1, 0], [-5, -4], [-1, 0], [-11, -16], [-11, -26], [1, 0], [-10, -17], [5, -4], [1, 0], [6, 17], [1, 0], [-10, 7], [12, 15], [1, 0], [4, 3], [3, -2], [-1, 0], [-14, -21], [1, 0], [2, -21], [-9, -8], [-1, 0], [4, -3], [-6, 5], [1, 0], [5, 4], [1, 0], [5, 4], [2, 17], [1, 0], [0, 13], [-1, 0], [7, 26], [4, 15], [-1, 0], [7, 6], [2, -1], [-1, 0], [6, -5], [1, 0], [2, -1], [3, -2], [-1, 0], [1, 0], [1, 0], [-1, 0], [-1, 0], [-1, 0], [-6, 1], [-3, -2], [1, 0], [2, -1], [2, -1], [-1, 0], [-1, 0], [1, 0], [4, 1], [4, 1], [-1, 0], [1, 0], [5, -4], [-1, 0], [5, -4], [-1, 0], [3, -2], [3, -2]], "stand_dev": [56.69655162258699, 56.53491956013331, 56.527975549493476, 56.25844734514892, 55.61555268328031, 55.61571632585254, 55.779604687026065, 55.7811532399573, 55.56121164927098, 55.53173849742489, 55.517243990534546, 55.61806918756787, 55.6888729403143, 55.68076203947245, 55.234975602159274, 55.25146396965627, 54.807049173469245, 54.235983553363155, 54.35676024777594, 53.83442530028126, 53.589411326164075, 53.56483174061694, 52.384909974071235, 52.35433956418378, 51.49538546507834, 51.40230630977835, 51.3876167658357, 50.922554146294736, 50.469109587451, 50.474716458013106, 50.0884372227938, 50.10602087247014, 49.93763265170834, 49.9548472013387, 49.93976932971754, 49.44149330963761, 49.051783079492715, 49.03970718777477, 49.704233377282804, 49.71876843298628, 49.3018785191871, 51.525070074854476, 51.52128608850771, 52.51956387465388, 52.83279351869806, 52.8617527814252, 52.691741716212796, 52.707145859477556, 51.626957213461544, 51.13677790515295, 51.13124740041899, 51.18930387059488, 52.11110390030772, 52.16174738842884, 52.55683866254833, 52.55755252002393, 53.193524570170325, 53.394793827329345, 53.38589910523163, 53.30946300681189, 53.25042878182662, 53.265686967740685, 52.634094386317976, 52.61058425597825, 52.60711431565076, 52.45058556119973, 52.41648085375652, 52.06776184333177, 51.72667157450891, 51.73143092278677, 51.18173863521922, 51.18676067726364, 50.25197424474046, 50.112501177903724, 50.08234093830285, 49.737545906850634, 50.18638498527703, 50.1813739232102, 50.677897899024664, 50.69378314179727, 50.992990308040284, 51.18526174888419, 51.164462464103956, 51.28001675762215, 51.458109881692835, 51.45771694626324, 51.51246912757417, 51.51818531141238, 51.555063103831, 51.79609746238685, 51.83860104432613, 51.936891343630464, 52.0571094545389, 52.114969494137156, 51.84045004289275, 51.83359618853925, 51.634196476863465, 51.696818459992336, 51.68760433939279, 51.61363761055057, 51.06616340727118, 51.071468410254326, 50.978450871520145, 50.98661669816675, 50.61796207182575, 51.77998273127431, 51.7556878024304, 52.90818941680217, 53.8283207980982, 53.82240912532007, 53.19696056527379, 53.18783732965904, 52.37697251906104, 52.572291438490076, 52.62679427154197, 52.78273383584257, 53.01760670191119, 53.07317575742372, 53.47102042077424, 53.45689095553373, 54.74668282793879, 55.44163665001824, 55.43416772307653, 56.12390204840967, 56.14197950640525, 56.17948933098675, 56.07575883391523, 56.08853568356873, 56.095605393330075, 55.361505907294294, 55.33167495695902, 54.88467560211163, 54.83947433620724, 53.065340369335935, 52.766775404098176, 52.79271730111948, 53.17025704507006, 53.417957987513496, 53.53266000094449, 53.553372806763484, 53.56982731526174, 53.61991488389723, 53.3193224543827, 53.32006588490071, 53.159862633237736, 52.845729787162234, 52.84562510790472, 52.48173250448761, 52.47474079044002, 52.0728547455912, 52.012294066833675, 52.02578086610171, 51.62875183419731, 51.27163862606682, 51.27970870676399, 51.16581898976908, 51.33401169667355, 51.32219771836933, 51.52326567337919, 51.53964036030054, 51.47207744572932, 51.77816252583733, 51.7752559341877, 52.12661471933064, 52.12133587878824, 52.19842844526964, 52.53370743384868], "rmsdiffs": [10.160722842797075, 8.884371155892497, 7.033578498688594, 9.5268851601117, 9.724282934431898, 6.893862134704463, 8.699589209864452, 6.897828015908149, 9.509019777973387, 9.466034625190384, 6.483963940725515, 8.693548713064768, 9.431592025970993, 6.4070470678827025, 9.384368756556542, 6.324427818941589, 8.519906968780345, 9.334310930859306, 6.500291581545031, 9.418596598958274, 8.534284982961674, 6.083178087356719, 9.315973308827719, 5.918746098767268, 9.337411637060546, 8.494547746500675, 5.756165187259234, 9.282184331735953, 9.359240606226262, 5.710161713284685, 8.314043615602946, 5.622482628025786, 9.204312437504369, 9.123114121949035, 5.479106232968513, 8.98763922803876, 9.199275928917208, 5.0211429172494455, 8.974495590782166, 4.935349726792626, 8.041815032569197, 9.095803501297459, 5.065268661974356, 8.045217447555684, 5.642271055605818, 4.9655087523020205, 9.01187225042721, 4.992505685907823, 7.039038494379453, 7.232126206973374, 4.991849120531308, 7.001705089795731, 7.335527990467312, 5.169483641506688, 6.66458366408383, 5.102785881495606, 8.40570052489597, 7.488138479346194, 5.177568554478455, 6.529820122259438, 7.199804821896475, 5.178159177151598, 7.071447069706415, 5.163683575189751, 5.480158884474111, 7.06314080927464, 5.339085887594469, 7.097438672553415, 6.6534617580443225, 5.098049667821989, 8.590235883017304, 5.03990638877165, 7.252496705996555, 6.629404550110109, 4.9520066662520525, 7.3025669057369935, 7.235346635084895, 4.891586341483201, 6.432800300578625, 4.909747967938553, 7.102118870255222, 9.32991860769552, 5.132247325996415, 9.23268660740859, 7.509198904132064, 4.880694957941374, 6.985495030420442, 4.904950320403546, 6.049168115873967, 7.129352949213068, 5.21668745756422, 7.9731865026747935, 7.003784033235993, 5.175474176420086, 7.3605500040496095, 5.183305699312603, 9.499017114204765, 8.472570964327037, 5.12970312126621, 9.307441663401109, 7.515726600175061, 5.166198003210983, 6.565365601393503, 5.159403918236536, 7.564609373274802, 7.457895676050579, 4.936044190975194, 6.780807903484822, 8.175238874527041, 4.949172626335853, 7.559984135385907, 4.892103527701764, 7.270088932346111, 7.72652972010973, 5.293546988063127, 7.462164900921468, 8.109257498775449, 5.0529142354595145, 7.668512407196295, 4.933147228228466, 7.61469723531047, 7.973879014775994, 4.994617603763548, 7.639455378078572, 8.740089691442401, 5.174469514759201, 7.653143770548141, 5.099654183112942, 7.817556582639097, 8.095246217605226, 4.986398209266251, 7.0490188144448656, 5.290824825523581, 8.283835554407469, 8.115127027030672, 4.995498756353177, 7.606485599972234, 8.042401667886914, 5.517345516419734, 8.451272966303145, 5.253797758625766, 7.096871703135487, 8.45715463759336, 5.2000624469586105, 7.974592598266634, 7.009257174732612, 5.087514848907499, 7.58025369259936, 5.076409721778069, 7.821692585230501, 6.464653075449089, 5.119638052868965, 8.660123211597227, 8.091551506823942, 5.150055751927049, 6.226028276474575, 5.482194428039437, 7.4089351249731, 7.647816032371291, 5.175760586868577, 6.655755612116045, 7.634620075211662, 5.437908471837182, 8.683201695436068, 5.213757165443375, 7.621332049530673, 8.693911494151259]},