{
    "frame_states": [
        0, 
        0, 
        0, 
        0, 
        0, 
        0, 
        0, 
        0, 
        0, 
        0, 
        0, 
        0, 
        1, 
        1, 
        1, 
        1, 
        1, 
        1, 
        1, 
        1, 
        1, 
        1, 
        1, 
        1, 
        1, 
        1, 
        1, 
        1, 
        1, 
        1, 
        1, 
        1, 
        1, 
        1, 
        1, 
        1, 
        1, 
        1, 
        1, 
        1, 
        1, 
        1, 
        1, 
        1, 
        0, 
        0, 
        0, 
        0, 
        0, 
        0, 
        0, 
        0, 
        0, 
        0, 
        0, 
        0, 
        0, 
        0, 
        0, 
        0, 
        0, 
        0, 
        0, 
        0, 
        0, 
        0, 
        0, 
        0
    ], 
    "phase1": {
        "rmsdiffs": [
            9.976582075801618, 
            8.540565448494744, 
            7.8651079711806045, 
            6.1095283105064855, 
            8.571458646101625, 
            6.429377498707893, 
            8.396408373371521, 
            7.860431654424066, 
            6.032628032203739, 
            8.51978613259308, 
            8.488024088372457, 
            6.129719701112452, 
            8.05902477952115, 
            6.186102688232659, 
            8.512529424766818, 
            8.234649248603345, 
            6.02486252862735, 
            7.6614683981153595, 
            8.176189190173174, 
            6.044917321008394, 
            8.219834790674122, 
            6.024760669202546, 
            7.462826573529216, 
            8.338427707963804, 
            6.194243286757728, 
            8.508677468663766, 
            7.787919408844891, 
            5.958619344999917, 
            8.60689988478668, 
            6.056827063225114, 
            8.597963356853406, 
            8.28994836327163, 
            5.8764366612992465, 
            8.628971321739163, 
            8.634906224818245, 
            5.96630729778376, 
            7.969471368026481, 
            5.934126185577028, 
            8.753578903976003, 
            8.743718464653064, 
            5.7899082101681625, 
            8.16579590984404, 
            5.822214790152807, 
            9.000139274688381, 
            9.130651728081151, 
            5.26545262117701, 
            8.332622225257472, 
            9.022091795251354, 
            5.587747497919377, 
            8.988730845009258, 
            4.762888964168062, 
            8.202239817668007, 
            8.845306684247527, 
            4.94272490364729, 
            8.730359345062572, 
            8.164390239445423, 
            4.7445490783872, 
            8.8189459429413, 
            4.668976717913542, 
            8.680869523413621, 
            8.010761977419918, 
            4.281214196016742, 
            8.643224423421172, 
            8.921021290124228, 
            4.223299014327967, 
            8.21860279869464, 
            4.0510672529188785, 
            8.459798623229505
        ], 
        "shift_vectors": [
            [
                53, 
                6
            ], 
            [
                -3, 
                -4
            ], 
            [
                0, 
                -1
            ], 
            [
                0, 
                -1
            ], 
            [
                -2, 
                -3
            ], 
            [
                0, 
                -1
            ], 
            [
                0, 
                -1
            ], 
            [
                0, 
                -1
            ], 
            [
                0, 
                1
            ], 
            [
                0, 
                -1
            ], 
            [
                0, 
                -1
            ], 
            [
                0, 
                -1
            ], 
            [
                0, 
                -1
            ], 
            [
                0, 
                1
            ], 
            [
                0, 
                -1
            ], 
            [
                -1, 
                -2
            ], 
            [
                0, 
                -1
            ], 
            [
                0, 
                -1
            ], 
            [
                3, 
                -4
            ], 
            [
                0, 
                -1
            ], 
            [
                1, 
                -2
            ], 
            [
                0, 
                -1
            ], 
            [
                0, 
                -1
            ], 
            [
                2, 
                -3
            ], 
            [
                0, 
                1
            ], 
            [
                -2, 
                -3
            ], 
            [
                0, 
                -1
            ], 
            [
                0, 
                1
            ], 
            [
                0, 
                -1
            ], 
            [
                0, 
                1
            ], 
            [
                0, 
                -1
            ], 
            [
                -4, 
                5
            ], 
            [
                0, 
                1
            ], 
            [
                -4, 
                5
            ], 
            [
                1, 
                -2
            ], 
            [
                0, 
                -1
            ], 
            [
                0, 
                -1
            ], 
            [
                0, 
                -1
            ], 
            [
                0, 
                -1
            ], 
            [
                1, 
                0
            ], 
            [
                0, 
                -1
            ], 
            [
                0, 
                -1
            ], 
            [
                0, 
                1
            ], 
            [
                0, 
                1
            ], 
            [
                4, 
                3
            ], 
            [
                1, 
                0
            ], 
            [
                -2, 
                -1
            ], 
            [
                4, 
                1
            ], 
            [
                -1, 
                0
            ], 
            [
                -8, 
                -3
            ], 
            [
                1, 
                0
            ], 
            [
                3, 
                2
            ], 
            [
                -24, 
                5
            ], 
            [
                1, 
                0
            ], 
            [
                -12, 
                3
            ], 
            [
                -5, 
                -4
            ], 
            [
                -1, 
                0
            ], 
            [
                -16, 
                -13
            ], 
            [
                -1, 
                0
            ], 
            [
                -12, 
                -17
            ], 
            [
                -7, 
                -6
            ], 
            [
                1, 
                0
            ], 
            [
                -18, 
                -3
            ], 
            [
                -28, 
                11
            ], 
            [
                -1, 
                0
            ], 
            [
                -11, 
                8
            ], 
            [
                1, 
                0
            ], 
            [
                -21, 
                24
            ]
        ],