{
    "frame_states": [
        0, 
        0, 
        0, 
        0, 
        0, 
        0, 
        0, 
        0, 
        0, 
        0, 
        0, 
        1, 
        1, 
        1, 
        1, 
        1, 
        1, 
        1, 
        1, 
        1, 
        1, 
        1, 
        1, 
        1, 
        1, 
        1, 
        1, 
        1, 
        1, 
        1, 
        1, 
        1, 
        1, 
        1, 
        1, 
        1, 
        1, 
        1, 
        1, 
        1, 
        1, 
        1, 
        1, 
        1, 
        1, 
        1, 
        1, 
        0, 
        1, 
        1, 
        1, 
        1, 
        1, 
        1, 
        1, 
        1, 
        1, 
        1, 
        1, 
        1, 
        1, 
        1, 
        1, 
        1, 
        1, 
        1, 
        1, 
        1, 
        1, 
        1, 
        1, 
        1, 
        1, 
        1, 
        1, 
        1, 
        0, 
        0, 
        0, 
        0, 
        0, 
        0, 
        0, 
        0, 
        0, 
        0, 
        0, 
        0, 
        0, 
        0, 
        0, 
        0, 
        0, 
        0, 
        0, 
        0, 
        0, 
        0, 
        0, 
        0, 
        0, 
        0, 
        0, 
        0, 
        0, 
        0, 
        0, 
        0, 
        0, 
        0, 
        0, 
        0, 
        0, 
        0, 
        0, 
        0, 
        0, 
        0, 
        0
    ], 
    "phase1": {
        "rmsdiffs": [
            10.17514317848651, 
            6.354040042423736, 
            7.175874848395342, 
            7.849921102543387, 
            5.924984794240212, 
            7.955375415821805, 
            5.852295665319512, 
            6.890838302192542, 
            7.925643794751398, 
            5.849775458157647, 
            8.111604824833483, 
            7.268443486556816, 
            6.089435789805289, 
            8.696422218424896, 
            5.852842633044786, 
            9.047879258742347, 
            8.218157824975844, 
            5.790963523511495, 
            8.93469809694572, 
            9.010687446744049, 
            5.776850081687707, 
            8.125395854937954, 
            5.745415318292119, 
            9.01950764574898, 
            9.004164373884645, 
            5.9983179368078385, 
            8.20399168886215, 
            9.00331256750584, 
            5.720403042440854, 
            9.061776324883478, 
            5.617102936915054, 
            8.16237413362157, 
            9.007204805917453, 
            5.600034352511029, 
            9.1597421545585, 
            8.118086570201216, 
            5.8985220016222, 
            8.99876231293713, 
            5.654275411735342, 
            8.985772970944005, 
            8.171844110071302, 
            5.553571633245142, 
            8.917003302115612, 
            9.059537818531613, 
            5.351405544075847, 
            8.303781717927562, 
            5.304847391062459, 
            9.08539796586966, 
            9.097787406734643, 
            5.399272863323073, 
            8.140567026169855, 
            9.028405088180326, 
            5.243443629473064, 
            9.038423854683108, 
            5.218310731183668, 
            8.223657132986139, 
            8.96615100035592, 
            5.024428919585446, 
            8.945397653018043, 
            8.0737507009286, 
            5.278864312158804, 
            8.971609120038163, 
            4.800488528412563, 
            8.87656964227255, 
            8.19986985255777, 
            4.667964631638549, 
            8.918838626819833, 
            8.989967060028654, 
            4.400359253502898, 
            7.966535310927064, 
            4.339642742153605, 
            9.09772739464635, 
            8.713039034047377, 
            4.386129397693913, 
            8.124803275978058, 
            8.858757371077752, 
            4.335386216020584, 
            8.707022530654813, 
            4.239402340840144, 
            7.775887643649189, 
            8.75132780427395, 
            4.1552428120746505, 
            8.763331718880085, 
            7.6550582016060895, 
            4.171287943291566, 
            8.36168990413727, 
            3.632063164960356, 
            8.280880378344984, 
            7.559737283530311, 
            3.6970530969505035, 
            7.5933116956741635, 
            6.411696575233152, 
            3.5998612051548364, 
            4.866218160442165, 
            3.4643283915840564, 
            6.290178323631003, 
            6.72435230373267, 
            3.5104660964727574, 
            5.518654517825506, 
            4.760506312747154, 
            3.4101919225269373, 
            5.3345974556593845, 
            3.4402176519860213, 
            5.726307065838981, 
            5.3215588639038485, 
            3.463147232429181, 
            7.445711144289234, 
            5.089703567904442, 
            3.8233916184412204, 
            5.457156835095317, 
            3.4018008912370474, 
            6.157158584766956, 
            5.31193569835985, 
            3.3777689044083146, 
            7.860487990491675, 
            6.185225121951908, 
            3.4046553824110455, 
            6.808672165215432, 
            3.4312829953865607
        ],