{"phase1": {"shift_vectors": [[4, 57], [5, 0], [4, -1], [4, 3], [13, 12], [2, 17], [9, 34], [10, 53], [1, 0], [-1, 0], [0, -15], [1, -50], [3, -26], [0, -1], [0, -1], [0, 1], [0, 17], [-2, 29], [0, 1], [0, 1], [-1, 0], [-2, -13], [0, -1], [-8, -55], [-6, -21], [-6, -11], [-6, -3], [0, -1], [0, -1], [-14, -1], [-5, -2], [-3, -4], [-5, -10], [1, 0], [-1, 0], [-24, 5], [1, 0], [-3, 0], [-4, 3], [-1, 0], [1, 0], [-14, 5], [0, -1], [0, -5], [0, -1], [0, -1], [0, 1], [0, -1], [1, 0], [2, 1], [1, 0]], "stand_dev": [66.73655355139225, 65.8167293537194, 65.68735692386474, 66.09824158231125, 66.84997838448588, 68.72268581642349, 70.45179881266561, 72.67683997963604, 73.06622377085867, 72.18294550325272, 71.08155977631885, 69.0111960916115, 68.67335284123777, 69.26493258924712, 69.95483182652362, 71.04148659995185, 71.4846307405272, 72.36355766858408, 72.97134485447019, 73.31337215893942, 72.57457144024332, 71.11196032293621, 69.55068619558487, 67.98937803146364, 68.00360828153357, 67.92984349873282, 67.65470926195937, 67.69749456286328, 67.72361540358354, 66.0727711227173, 66.2069056028121, 65.33012611707515, 64.2640980674961, 64.26184711216754, 64.37601385898715, 62.60345680311758, 63.38807219311086, 64.06693518024802, 64.28861870633591, 64.3087545496177, 64.32468777069408, 66.06859754510745, 66.65011241066314, 65.91492457575815, 65.94725510008888, 65.97565060489106, 66.06752853673459, 67.08559481518871, 67.40884432373619, 67.52730835788324, 67.67867691906986], "rmsdiffs": [10.042714211012875, 8.138019012991922, 8.052515099139782, 8.370174364737684, 8.256118930174175, 8.345336107429816, 8.51374681133876, 9.258183126889596, 7.0533883280750205, 7.762822644245864, 8.024288593235928, 8.661047060288034, 8.045475672077242, 7.560521823967998, 7.085987302524048, 7.760009036766412, 7.918855222780538, 8.459430355927857, 8.285202813123895, 8.53162869541208, 7.401757887329167, 8.048806059211342, 8.444376260256947, 9.04444393954405, 8.282734823467802, 8.127050240583763, 7.505411338275491, 4.5035950704404835, 4.418199966850212, 9.680285649929111, 8.130286686610452, 8.625426693327489, 8.066421672908897, 4.908792975724834, 5.086952156897666, 9.648913272793655, 8.418546586047803, 7.414716287040478, 7.760943651236141, 5.272529719220423, 5.165466315205349, 9.638824085823876, 7.933985936101843, 8.690867343139944, 4.962321911512986, 4.885212679586334, 5.045843113871557, 9.706617066088887, 7.656328506352317, 7.6919557652608885, 8.149849077930504]}, "frame_states": [0, 0, 0, 0, 0, 0, 0, 0, 0, 0, 0, 0, 0, 0, 0, 0, 0, 0, 0, 0, 0, 0, 0, 0, 0, 0, 0, 0, 0, 0, 0, 0, 0, 0, 0, 0, 0, 0, 0, 0, 0, 0, 0, 0, 0, 0, 1, 1, 1, 1, 1]}