{"phase1": {"shift_vectors": [[0, -55], [1, 2], [0, -1], [0, -1], [0, -1], [0, -1], [2, 3], [1, 2], [2, 3], [0, -1], [0, 3], [0, 1], [0, -1], [0, 3], [0, 1], [0, 1], [0, 1], [0, 3], [-1, 2], [-1, 2], [0, 1], [0, 1], [0, 3]], "stand_dev": [76.2230899658907, 76.73880771484241, 77.39095647476432, 77.93853414799237, 78.51523223052381, 79.05959757738387, 79.83723862465861, 80.02067878004621, 80.01684050555072, 79.94797924195407, 79.27998238635921, 78.69199887123642, 78.17718967155791, 77.5827806515885, 76.5864879142156, 76.10924241867393, 75.58752093456687, 75.08461556600474, 73.60256867633846, 72.83038464551026, 72.03101410006994, 71.37022632487975, 71.53438147951768], "rmsdiffs": [10.010187433760489, 6.8407028231314335, 7.065570024435041, 6.788807315736321, 6.7415165791465705, 7.019009889286757, 7.559781095384174, 6.437537694872248, 6.379155098259979, 6.877235329184287, 7.409097221568594, 6.710214301714243, 6.95152835843355, 6.602989174337224, 7.373340307087593, 6.616787494014529, 6.401748664854516, 6.5999039097283125, 7.362946204175903, 6.385512873421369, 6.644089410499194, 6.604985007542464, 7.645756865034075]}, "frame_states": [0, 0, 0, 0, 0, 0, 0, 0, 0, 0, 0, 0, 1, 1, 1, 1, 1, 1, 1, 1, 1, 1, 1]}