{
    "brightness": [
        122, 
        124, 
        125, 
        126, 
        126, 
        126, 
        126, 
        127, 
        126, 
        128
    ], 
    "horizontal_movement": [
        [
            -1.0277777777777777, 
            -1.9189189189189189, 
            -0.8205128205128205, 
            -0.5517241379310345, 
            -0.65, 
            0.3611111111111111, 
            -1.9473684210526316, 
            -0.7407407407407407, 
            0.13513513513513514
        ], 
        [
            0.10526315789473684, 
            0.2, 
            0.525, 
            3.138888888888889, 
            1.358974358974359, 
            1.9189189189189189, 
            -0.6216216216216216, 
            -0.14285714285714285, 
            0.8333333333333334
        ], 
        [
            1.4166666666666667, 
            1.1842105263157894, 
            1.8857142857142857, 
            3.2962962962962963, 
            0.5151515151515151, 
            0.90625, 
            0.0, 
            0.2903225806451613, 
            1.6388888888888888
        ], 
        [
            -2.1052631578947367, 
            -2.9767441860465116, 
            -2.340909090909091, 
            -0.9565217391304348, 
            -0.6486486486486487, 
            -0.7428571428571429, 
            -1.911764705882353, 
            -2.4285714285714284, 
            0.2222222222222222
        ], 
        [
            0.5806451612903226, 
            1.5, 
            0.8285714285714286, 
            0.17857142857142858, 
            1.135135135135135, 
            0.4, 
            -0.05, 
            1.0357142857142858, 
            0.08695652173913043
        ], 
        [
            3.0, 
            3.0, 
            3.473684210526316, 
            4.428571428571429, 
            2.0, 
            1.7692307692307692, 
            1.826086956521739, 
            3.3076923076923075, 
            2.5
        ], 
        [
            1.0, 
            -0.38461538461538464, 
            -0.6428571428571429, 
            0.1111111111111111, 
            0.6071428571428571, 
            0.48, 
            0.23076923076923078, 
            -1.3333333333333333, 
            1.1111111111111112
        ], 
        [
            1.7586206896551724, 
            0.1891891891891892, 
            0.3157894736842105, 
            2.0, 
            2.027027027027027, 
            0.6451612903225806, 
            1.4333333333333333, 
            0.631578947368421, 
            -0.15789473684210525
        ], 
        [
            2.2, 
            1.7391304347826086, 
            1.36, 
            2.6923076923076925, 
            1.896551724137931, 
            0.9090909090909091, 
            2.2941176470588234, 
            4.666666666666667, 
            1.826086956521739
        ]
    ], 
    "mean_vector_length": [
        [
            4.726349240914757, 
            3.8663870151850044, 
            3.851921374832501, 
            5.068023174628154, 
            3.128162879435248, 
            3.8179481197365837, 
            3.454861150589886, 
            3.5155821909870264, 
            3.0425192296190615
        ], 
        [
            2.7363449638409802, 
            1.8403791586589804, 
            2.2147768429744934, 
            4.518595254888059, 
            2.3766439089997413, 
            2.053418998918784, 
            1.6146247078263627, 
            3.0154058280471454, 
            2.8876363430794063
        ], 
        [
            4.116902639568868, 
            2.901438996435431, 
            3.0283192379891646, 
            6.6078255706864395, 
            3.3219880195660956, 
            2.9250197348958333, 
            2.8312672104066965, 
            6.445290563890487, 
            3.2886019947091527
        ], 
        [
            6.620746904725401, 
            5.025866728076901, 
            4.331191104982403, 
            5.155126656474349, 
            2.609025574637241, 
            3.5164246529410614, 
            4.115679749431142, 
            6.780311422237889, 
            3.2716232565064054
        ], 
        [
            3.556779250625772, 
            3.175761506169824, 
            2.5883292336293846, 
            5.572938209717544, 
            2.1914336049895837, 
            1.6259528899386932, 
            1.5902817358306767, 
            3.989737021735506, 
            3.2209410237083076
        ], 
        [
            4.82443314090758, 
            4.494890830628223, 
            5.094725675367756, 
            7.789042032821347, 
            2.694232121090324, 
            2.9795250680064393, 
            3.942162524558755, 
            8.023263953739475, 
            4.099074426819511
        ], 
        [
            1.7513352373379618, 
            2.1486479756138004, 
            1.8419001822478767, 
            3.5046822130371393, 
            1.8285926828826573, 
            1.0165685424949238, 
            2.7466489763398005, 
            3.2844872682489172, 
            2.779296233403877
        ], 
        [
            2.5153081438036895, 
            1.019067065595498, 
            1.3114334639875098, 
            2.900081326147958, 
            2.4726263062050458, 
            1.4061204159082712, 
            1.998869168439271, 
            1.1646836949732613, 
            1.8070249124643076
        ], 
        [
            3.4740873807219517, 
            2.974353471437673, 
            2.8488771235945554, 
            4.263539045328681, 
            2.789028668415994, 
            1.6437398936440173, 
            3.609216614878175, 
            8.136496910283187, 
            3.4574041316955517
        ]
    ],