{"phase1": {"shift_vectors": [[0, -55], [1, 2], [0, -1], [0, -1], [0, -1], [0, -1], [2, 3], [1, 2], [2, 3], [0, -1], [0, 3], [0, 1], [0, -1], [0, 3], [0, 1], [0, 1], [0, 1], [0, 3], [-1, 2], [-1, 2], [0, 1], [0, 1], [0, 3]], "stand_dev": [76.2230899658907, 76.73880771484241, 77.39095647476432, 77.93853414799237, 78.51523223052381, 79.05959757738387, 79.83723862465861, 80.02067878004621, 80.01684050555072, 79.94797924195407, 79.27998238635921, 78.69199887123642, 78.17718967155791, 77.5827806515885, 76.5864879142156, 76.10924241867393, 75.58752093456687, 75.08461556600474, 73.60256867633846, 72.83038464551026, 72.03101410006994, 71.37022632487975, 71.53438147951768], "rmsdiffs": [10.010187433760489, 6.8407028231314335, 7.065570024435041, 6.788807315736321, 6.7415165791465705, 7.019009889286757, 7.559781095384174, 6.437537694872248, 6.379155098259979, 6.877235329184287, 7.409097221568594, 6.710214301714243, 6.95152835843355, 6.602989174337224, 7.373340307087593, 6.616787494014529, 6.401748664854516, 6.5999039097283125, 7.362946204175903, 6.385512873421369, 6.644089410499194, 6.604985007542464, 7.645756865034075]}, "horizontal_movement": [[-0.90625, -1.7941176470588236, -2.7058823529411766, -2.8461538461538463, -1.8214285714285714, -3.189189189189189, -0.9393939393939394, -2.264705882352941, -3.7857142857142856, -1.9375, -1.7241379310344827, -1.9655172413793103, -2.772727272727273, -2.4761904761904763, -1.85, -0.782608695652174, -1.3846153846153846, -0.9444444444444444, -1.6875, -2.176470588235294, -1.2142857142857142, -1.2352941176470589, -0.9411764705882353, -0.23529411764705882], [0.8857142857142857, 0.1891891891891892, -0.4117647058823529, -0.5294117647058824, 1.380952380952381, 0.6, 3.8181818181818183, 2.3846153846153846, 6.5, 3.875, 4.095238095238095, 3.8636363636363638, 8.583333333333334, 4.068965517241379, 4.275862068965517, 5.08, 6.933333333333334, 2.5, 1.5185185185185186, 0.7777777777777778, 2.0526315789473686, -0.15, 0.25, 0.9047619047619048], [0.9666666666666667, 0.13793103448275862, -0.8125, -1.0689655172413792, -2.25, -0.4375, 2.2142857142857144, 1.0303030303030303, 0.6923076923076923, 1.3548387096774193, 1.6666666666666667, 1.0285714285714285, 2.875, 0.7948717948717948, 0.6756756756756757, 1.6111111111111112, 2.9642857142857144, 0.7352941176470589, 0.6666666666666666, 0.3157894736842105, 2.15625, 0.027777777777777776, 0.24324324324324326, 1.263157894736842], [1.0303030303030303, 0.6944444444444444, -0.47058823529411764, -0.125, 1.1428571428571428, -0.29411764705882354, 1.59375, -0.12121212121212122, -1.0344827586206897, 0.23076923076923078, 0.029411764705882353, -0.3939393939393939, 0.041666666666666664, 0.03225806451612903, 0.2413793103448276, 1.6785714285714286, 3.8, 0.6571428571428571, -0.11764705882352941, -0.7647058823529411, -1.5, -2.230769230769231, -2.72, -1.7058823529411764], [0.125, -0.08333333333333333, -0.7096774193548387, -0.35294117647058826, 1.3076923076923077, 0.15, 2.2857142857142856, 1.4242424242424243, 2.8, 1.8055555555555556, 1.8695652173913044, 1.9375, 3.55, 1.1481481481481481, 1.1111111111111112, 1.68, 2.4, -0.2857142857142857, -0.8928571428571429, -1.7241379310344827, -3.6153846153846154, -3.0, -3.2413793103448274, -3.3157894736842106], [0.8636363636363636, 0.041666666666666664, -1.2307692307692308, -0.8571428571428571, -5.1, -1.36, 0.375, -0.6774193548387096, -1.2380952380952381, -0.125, -0.53125, -0.22857142857142856, 0.2, -0.11363636363636363, -0.20454545454545456, 0.6666666666666666, 1.3333333333333333, -0.20454545454545456, -0.21621621621621623, -0.35135135135135137, -0.44, -0.8928571428571429, -0.1891891891891892, 0.40540540540540543], [-0.34375, -0.21875, -1.3928571428571428, -0.5384615384615384, -0.3333333333333333, -1.2142857142857142, -0.06896551724137931, -1.1111111111111112, -1.4, 1.0769230769230769, 0.36363636363636365, 0.7727272727272727, 2.3157894736842106, 0.96, 0.9333333333333333, 1.4482758620689655, 2.0, 0.08333333333333333, -0.4583333333333333, -0.8076923076923077, -2.5, -1.736842105263158, -2.1666666666666665, -3.125], [-1.606060606060606, -1.2903225806451613, -2.5357142857142856, -1.2142857142857142, -0.4666666666666667, -0.5517241379310345, 0.9259259259259259, 0.1, 2.111111111111111, 0.9523809523809523, -0.26666666666666666, 0.26666666666666666, 0.25, -0.9285714285714286, -0.875, 0.18181818181818182, -0.8571428571428571, -1.6666666666666667, -2.4, -2.5555555555555554, -4.25, -2.4375, -3.44, -3.44], [0.2413793103448276, 0.5862068965517241, -0.8275862068965517, -0.6551724137931034, -1.85, -0.2903225806451613, 0.5161290322580645, -0.5185185185185185, -1.1428571428571428, 0.03571428571428571, -0.4, 0.0, -0.5384615384615384, -1.5185185185185186, -0.6428571428571429, -0.25, -0.7142857142857143, -0.8709677419354839, -1.0344827586206897, -1.3125, -1.1111111111111112, -1.5757575757575757, -0.8378378378378378, -0.46153846153846156]], "frame_states": [0, 0, 0, 0, 0, 0, 0, 0, 0, 0, 0, 0, 1, 1, 1, 1, 1, 1, 1, 1, 1, 1, 1], "brightness": [99, 100, 101, 103, 104, 109, 111, 113, 115, 121, 123, 125, 128, 132, 134, 136, 139, 143, 144, 146, 147, 147, 146, 146, 146],