{"phase1": {"shift_vectors": [[17, 6], [1, -16], [7, -6], [8, -3], [7, -2], [13, -6], [10, -7], [23, -4], [23, 0], [28, 1], [10, -1], [14, 1], [14, 7], [20, 21], [8, 5], [9, 8], [-4, 3], [-11, 6], [6, 3], [8, 1], [7, -2], [9, -16], [-7, -6], [-6, -1], [-16, -5], [-35, -14], [-5, 4], [3, 10], [2, 9], [-3, 10], [-5, 0], [-5, -4], [5, -4], [-6, -31], [5, -16], [16, -5], [11, -2], [-9, 4], [-1, 10], [3, 14], [5, 12], [8, 11], [6, -1], [17, -4], [21, -6], [37, -12], [6, -13], [-3, -22], [-5, -14], [9, -14], [1, -4], [-3, -4], [-4, -1], [21, 12], [13, 6], [3, 0], [1, 0], [-18, -7], [-10, -1], [-11, 0], [-11, -2], [-11, -12], [5, -4], [1, 0], [-9, -2], [-6, 15], [-4, 17], [-9, 14], [-10, 11], [-5, 18], [7, 4], [8, -1], [8, -5], [19, -20], [-5, -20], [9, -8], [5, -4], [17, -16], [10, -3], [23, 10], [19, 14], [6, 13], [1, 0], [6, -1], [17, 0], [40, -3], [21, 0], [22, 1], [19, 0], [19, -2], [39, -12], [22, -1], [24, 3], [17, 4], [24, 7], [14, 13], [7, 20], [-9, 34], [-1, 10], [4, 7], [4, 3], [0, 1], [-22, -1], [-28, -11], [-25, -16], [-10, -3], [-38, 13], [-40, -5], [-19, 0], [2, 11], [18, 27], [1, 16], [-22, 3], [-27, -4], [-12, -11], [3, -10], [-5, -4], [-14, -5], [-31, -32], [-5, -10], [5, 0], [0, 1], [-27, 2], [-10, 13], [-6, 15], [-6, 5], [-13, 12], [-4, 3], [-8, 7], [-13, 12], [-35, 18], [-12, 7], [-9, 2], [-8, -1], [-16, -7], [-13, -2], [-21, -6], [-27, -6], [-25, -8], [-26, 13], [-50, 7], [-46, -1], [-43, 0], [-22, 3], [-31, 0], [-28, -1], [-29, -2], [-10, -1], [-13, -10], [-21, -22], [-11, -22], [-1, 2], [0, 1], [2, 3], [25, 30], [2, 11], [0, 13], [2, 11], [25, 24], [23, 16], [25, 10], [19, 6], [32, -7], [25, 0], [21, 0], [18, -3], [37, -10], [26, -1], [35, 0], [36, 3], [40, 15], [15, 6], [20, 5], [24, 5], [41, -8], [15, -6], [10, -5]], "stand_dev": [50.429851015292115, 49.895049967953405, 49.13575667666179, 48.9521787682181, 48.79568208574642, 48.15139082497806, 46.82004405653944, 45.771277491763676, 46.10461002888576, 47.366094977330356, 47.378217490209565, 47.45311923914957, 48.04828484210359, 50.446933523430616, 51.542193149169115, 52.82370936828516, 53.752275248820766, 54.89826784490297, 55.34984455972181, 55.25014807904357, 54.9146026651053, 52.715173982763226, 51.839380441331954, 51.740649312880805, 49.7250027874436, 47.75392576296384, 48.48058764983044, 49.34128476836523, 50.31193787317962, 51.40510911233807, 51.22472904718642, 50.621506501869064, 49.483456396020856, 45.33340759705536, 44.73580020614078, 44.69691115811073, 45.7419279614754, 45.76923643196915, 46.078215502575524, 47.130691985244496, 48.44242219403622, 50.569965941084824, 50.423845739447316, 49.39895501643335, 49.932668866117076, 51.73042841332366, 50.8569863858545, 48.444195522974816, 46.9309784700192, 46.30896676928282, 46.24651304136914, 46.071652862463836, 46.5355638891666, 50.42684331477195, 53.11877353887765, 54.79722251075267, 55.507103094040154, 55.77908279555748, 55.57720746009093, 55.44333435101143, 55.168870069574965, 55.12012559737745, 55.44974869055463, 55.37947851741264, 55.17624544343175, 57.15203829726498, 58.02058100966659, 57.726350572346895, 57.11580555524386, 57.71433579433161, 58.06279247535319, 58.10115509280026, 57.39121995020786, 55.249075124129845, 54.077269358067234, 54.75924108335109, 55.678344420671586, 56.48553603102755, 56.61571977042105, 57.82741902067664, 58.32611188908154, 57.42234707446282, 57.28811371960691, 58.01792730259576, 59.01342967068289, 59.908088359470305, 58.68659395706539, 56.83881879436935, 55.004994891818214, 54.65385623842501, 55.97522257589638, 55.62524523319438, 53.800705079617224, 52.678706346899205, 51.41892016926966, 51.48859628548388, 51.600711764789054, 55.789620029252255, 57.75324813480235, 59.01801071090467, 59.52816721837672, 60.041124077483076, 62.28140296393751, 64.84577641020508, 66.45742840638779, 66.45148677594966, 70.01387041643659, 72.54647789773927, 73.54843812825204, 73.49911266076269, 73.80355894904993, 74.90465678720865, 76.20485160755385, 76.88724133474082, 77.14464996359565, 77.2305613640161, 77.27146048424892, 77.83556355963329, 76.718023755537, 74.4871046394689, 73.56009577991445, 73.93713686179625, 73.50667132688197, 73.87215597207053, 74.54439884733155, 74.35909848569716, 74.11730826749435, 73.69615484907858, 73.75283965581335, 73.4343571991466, 73.2747635824017, 73.58949999346184, 73.49377462918154, 73.20469221759203, 72.07279337416183, 71.31201290014067, 70.70129364419549, 70.9795805631898, 70.05441321063456, 69.47974622659619, 68.64280813453246, 66.65174254168781, 64.10109219447122, 63.17478837234048, 59.3216008050527, 54.82692464546838, 53.384946813338615, 54.07902730118161, 54.0990742069944, 53.36513438065247, 54.270249453033884, 54.174901082140174, 54.55661134705974, 55.57798191774687, 57.94398657344488, 58.88975043173226, 59.46490502947228, 60.8795067733623, 65.19007716656215, 67.59212478495765, 68.87617115565476, 68.8680666669995, 68.4461370718764, 69.20205377439139, 69.79332366414741, 70.26485868238998, 69.3132849754943, 67.60573049186075, 65.93134197251858, 65.33338871479621, 67.23178288596327, 66.72076841686084, 65.61348933617357, 64.33081546069432, 63.76201092368858, 63.494326800071306, 63.71741665026293],