{
    "frame_states": [
        0, 
        0, 
        0, 
        0, 
        0, 
        0, 
        0, 
        0, 
        0, 
        0, 
        0, 
        0, 
        0, 
        0, 
        0, 
        0, 
        0, 
        0, 
        0, 
        0, 
        0, 
        0, 
        0, 
        0, 
        0, 
        0, 
        0, 
        0, 
        0, 
        0, 
        0, 
        0, 
        0, 
        0, 
        0, 
        0, 
        0, 
        0, 
        0, 
        0, 
        0, 
        0, 
        0, 
        0, 
        0, 
        0, 
        0, 
        0, 
        0, 
        0, 
        0, 
        0, 
        0, 
        0, 
        0, 
        0, 
        0, 
        0, 
        0, 
        0, 
        0, 
        0, 
        0, 
        0, 
        0, 
        0, 
        0, 
        0, 
        0, 
        0, 
        0, 
        0, 
        0, 
        0, 
        0, 
        0, 
        0, 
        0, 
        0, 
        0, 
        0, 
        0, 
        0, 
        0, 
        0, 
        0, 
        0, 
        0, 
        0, 
        0, 
        0, 
        0, 
        0, 
        0, 
        0, 
        0, 
        0, 
        0, 
        0, 
        0, 
        0, 
        0, 
        0, 
        0, 
        0, 
        0
    ], 
    "phase1": {
        "rmsdiffs": [
            10.176269843625436, 
            4.878326373013559, 
            6.074693584854442, 
            5.089366935708674, 
            5.023803805048795, 
            4.851325524951974, 
            5.945066655092827, 
            5.181124704939818, 
            5.329247832032695, 
            5.3876783030973305, 
            5.911852501542981, 
            5.107376769224799, 
            5.0001405960275775, 
            5.236388471018619, 
            6.312330989877528, 
            5.011553975598877, 
            5.807878360640051, 
            5.579923864988793, 
            6.308733918882752, 
            4.8091567142524205, 
            5.124361151967333, 
            5.049909516358522, 
            5.925802613908008, 
            5.266645601777009, 
            5.426562474386433, 
            5.749077989231609, 
            6.38502811981328, 
            5.247915155638414, 
            5.063800397133452, 
            5.556216522029176, 
            6.266512999434232, 
            5.410171427897234, 
            5.787719421403091, 
            5.603325190077832, 
            5.740121734505175, 
            5.406458543058755, 
            5.4117100704728225, 
            5.07263632861608, 
            6.137737908940509, 
            5.27267727339509, 
            5.046986500949674, 
            5.156107066897156, 
            6.084533851486586, 
            5.146012337697986, 
            4.917266523307674, 
            5.629628842995448, 
            6.761310445606964, 
            6.486666902561113, 
            6.057227161503316, 
            5.819099871820657, 
            7.174715685405418, 
            6.4412233307395175, 
            6.710557535554637, 
            7.159851199617411, 
            7.752256156580962, 
            7.598502572831738, 
            7.328665294569176, 
            7.2178039486106655, 
            8.809155910402476, 
            7.319026723131501, 
            7.4426956701877405, 
            7.519870377294255, 
            8.895197719485761, 
            8.268658630972471, 
            7.459225476731533, 
            7.4383642660992395, 
            8.982946117306456, 
            7.614542112154254, 
            6.941180553969973, 
            7.4441903831994685, 
            7.571157596100244, 
            7.135148983406455, 
            7.559162600208324, 
            7.184601469419304, 
            7.979809511061152, 
            7.236432533803433, 
            7.0896880418634725, 
            7.064084469750551, 
            8.340039734603764, 
            7.115052250671761, 
            7.430768787721777, 
            7.932021870971606, 
            7.9601533599574275, 
            7.182049098069956, 
            7.232756751790255, 
            6.950390256449134, 
            7.983026103838581, 
            6.668997112183075, 
            6.8378184236556026, 
            6.752886931339677, 
            6.475961197729802, 
            6.689759882105643, 
            6.339247356064783, 
            6.645262776325246, 
            7.410046694530801, 
            6.187208974315109, 
            6.175421746075067, 
            6.685783147332063, 
            7.692024353546584, 
            6.016631469216424, 
            5.57559300894917, 
            5.830377865275417, 
            8.165437459602837, 
            6.916393808033161, 
            7.4137704889021885, 
            7.157500217694392
        ],