{
    "frame_states": [
        0, 
        0, 
        0, 
        0, 
        0, 
        0, 
        0, 
        0, 
        0, 
        0, 
        0, 
        0, 
        0, 
        0, 
        0, 
        0, 
        0, 
        0, 
        0, 
        0, 
        0, 
        0, 
        0, 
        0, 
        0, 
        0, 
        0, 
        0, 
        0, 
        0, 
        0, 
        0, 
        0, 
        0, 
        0, 
        0, 
        0, 
        0, 
        0, 
        0, 
        0, 
        0, 
        0, 
        0, 
        0, 
        0, 
        0, 
        0, 
        0, 
        0, 
        0, 
        0
    ], 
    "phase1": {
        "rmsdiffs": [
            5.400869195111187, 
            1.7744886874790884, 
            2.6404268229381835, 
            2.232676106807074, 
            2.2947563465738243, 
            2.4154038615617868, 
            2.275057767486081, 
            1.9986540130606276, 
            2.113273114149176, 
            2.2397309713224214, 
            2.4990992817300173, 
            2.5060384489606724, 
            2.263224336353497, 
            2.037656528975617, 
            2.851913711523545, 
            2.5581344241017305, 
            2.9310045193157057, 
            3.0251734158755457, 
            3.0200308626818813, 
            3.049499521152712, 
            2.147780522105849, 
            2.702484724614505, 
            2.740951410222346, 
            2.845948471774794, 
            2.052130871654629, 
            2.1484273804996907, 
            2.3541812522428534, 
            1.9879385075509557, 
            1.5285950301196334, 
            2.1529683897642213, 
            1.7180944652577448, 
            2.009004103954007, 
            2.339072611904274, 
            1.990759523055404, 
            2.1363263170348414, 
            2.462131312082938, 
            2.3218970061657744, 
            1.8355581624142652, 
            1.849029528401364, 
            2.0905554349575515, 
            2.737986830526217, 
            2.7796517433542887, 
            2.993467361114639, 
            3.125433360986378, 
            2.703862684494209, 
            2.7652611674344296, 
            2.7303465486393073, 
            1.8211905993570394, 
            2.858288602226498, 
            2.7430617549881533, 
            2.7953364403526155, 
            2.214520299408999
        ], 
        "shift_vectors": [
            [
                0, 
                -49
            ], 
            [
                -2, 
                5
            ], 
            [
                -5, 
                14
            ], 
            [
                2, 
                5
            ], 
            [
                0, 
                5
            ], 
            [
                0, 
                7
            ], 
            [
                6, 
                11
            ], 
            [
                2, 
                5
            ], 
            [
                0, 
                9
            ], 
            [
                3, 
                6
            ], 
            [
                4, 
                15
            ], 
            [
                -2, 
                5
            ], 
            [
                -3, 
                4
            ], 
            [
                -5, 
                6
            ], 
            [
                -9, 
                10
            ], 
            [
                -4, 
                5
            ], 
            [
                -4, 
                5
            ], 
            [
                -4, 
                5
            ], 
            [
                -4, 
                5
            ], 
            [
                -8, 
                9
            ], 
            [
                -4, 
                9
            ], 
            [
                -4, 
                5
            ], 
            [
                -3, 
                4
            ], 
            [
                -6, 
                7
            ], 
            [
                -2, 
                5
            ], 
            [
                -2, 
                5
            ], 
            [
                -4, 
                5
            ], 
            [
                0, 
                3
            ], 
            [
                0, 
                3
            ], 
            [
                0, 
                5
            ], 
            [
                0, 
                5
            ], 
            [
                -7, 
                14
            ], 
            [
                0, 
                9
            ], 
            [
                -2, 
                11
            ], 
            [
                -2, 
                3
            ], 
            [
                -6, 
                7
            ], 
            [
                -1, 
                2
            ], 
            [
                0, 
                5
            ], 
            [
                -1, 
                6
            ], 
            [
                -7, 
                10
            ], 
            [
                -4, 
                -5
            ], 
            [
                -4, 
                -5
            ], 
            [
                -4, 
                -5
            ], 
            [
                -8, 
                -9
            ], 
            [
                -4, 
                -5
            ], 
            [
                -4, 
                -5
            ], 
            [
                -4, 
                -5
            ], 
            [
                -10, 
                -1
            ], 
            [
                -3, 
                4
            ], 
            [
                -1, 
                2
            ], 
            [
                0, 
                1
            ], 
            [
                -1, 
                -10
            ]
        ], 
        "stand_dev": [
            54.23429784049276, 
            53.897903145093494, 
            53.084592150286795, 
            52.81276280164565, 
            52.32334721276376, 
            51.87212420674857, 
            51.35831691018516, 
            50.92926032474379, 
            50.76754952878326, 
            50.73685042080876, 
            51.17593572536756, 
            52.001236809785624, 
            51.77051879384018, 
            51.60092004413939, 
            51.209857585249345, 
            50.86628532313555, 
            50.9288203284021, 
            51.048924925317955, 
            50.927742593386625, 
            50.31814655231316, 
            49.70611268316838, 
            49.95701415762439, 
            49.87017928558777, 
            49.61198646403444, 
            49.41740355911469, 
            48.97437265408426, 
            48.84359955544486, 
            48.76429099871564, 
            48.62046960888136, 
            48.28787873153291, 
            47.80132892608498, 
            47.24656106927795, 
            46.5935841708274, 
            45.87223574154575, 
            46.04336342606798, 
            45.79964919754594, 
            45.9929434289053, 
            45.74654168546768, 
            45.09976521930739, 
            44.513624362212596, 
            44.37778525938872, 
            44.578981727643274, 
            43.878477596335856, 
            43.95742343901076, 
            43.93242971253939, 
            43.89337856021937, 
            44.09445899731093, 
            44.18781070056338, 
            44.18373428110643, 
            44.501492461053545, 
            44.65101502078229, 
            45.240081222373306
        ]
    }
}