{"phase1": {"shift_vectors": [[31, -2], [-9, 4], [-1, 0], [0, 1], [1, 0], [1, 0], [-6, -1], [-4, -1], [-5, 4], [-3, 18], [-4, 3], [-1, 8], [-3, 6], [-28, -3], [-10, -1], [-3, 0], [-2, -1], [-5, 0], [-12, -5], [-5, -4], [-1, 0], [-1, 0], [3, 0], [-1, 0], [1, 0], [1, 0], [5, 0], [6, -1], [3, -2], [-9, -8], [-11, -2], [-5, -4], [1, 0], [-1, 0], [1, 0], [-1, 0], [1, 0], [5, -2], [9, 2], [11, 8], [8, 7], [-1, 0], [-1, 0], [-1, 0], [-4, -3], [-4, -3], [-1, 0], [1, 2], [4, 7], [1, 4], [0, 1], [-2, 1], [-1, 0], [-1, 0], [-1, 0], [1, 0], [1, 0], [-1, 0], [1, 0], [43, 0], [1, 0], [25, 0], [0, -1], [0, 1], [1, 0], [-31, -16], [-4, -1], [-6, -3], [-3, 0], [-5, 0], [0, 1], [0, 1], [-32, -13], [-20, 1], [-13, 0], [-16, -3], [-14, -3], [-18, 3], [-8, 5], [-13, 2], [-11, 0], [-18, -1], [-8, 1], [-8, 1], [-11, 2], [-21, 4], [-9, 2], [-10, 1], [-10, 1], [-16, 7], [-5, 2], [-7, 0], [-13, 0], [-15, -4], [-2, 1], [1, 0], [-1, 0], [-3, -10], [-1, 0], [6, -1], [13, 2], [34, 7], [17, 2], [15, 4], [14, 1], [26, -3]], "stand_dev": [50.8515247056862, 51.92364336256647, 52.465803204397915, 53.042322241620745, 53.54280361947441, 54.171790775726244, 54.82129938306583, 55.374713228325696, 55.32856627476776, 54.48138813100813, 54.058137328285504, 53.3807158832613, 52.280424628742374, 51.35891887183698, 52.64412346186543, 53.18834233528896, 53.0778905166456, 51.983332701839494, 52.07706738174316, 52.9712875821274, 52.799535701712834, 52.359760950949756, 51.96511221252948, 51.49791408442767, 51.3808174694951, 51.34112637900926, 50.8400004548409, 51.718781625582615, 52.08891029552026, 52.094777153768575, 52.92210228676017, 53.93550411035083, 54.57509463808185, 54.388940558296746, 54.7535039222537, 54.60832996931714, 54.296125645793154, 54.1818057818503, 53.96218551827039, 53.418367539837554, 53.088206995509786, 53.94288748370052, 53.93091114954097, 53.74209810527997, 53.40636965622071, 54.13275975471917, 54.12342704785497, 53.56479890879025, 52.867847234807776, 53.459648677234576, 53.9524581274609, 54.51968308506644, 53.85952153422397, 53.09448424183797, 52.85444738112613, 53.0529049101667, 53.16658023313167, 53.176611232252895, 53.19178391464369, 50.83368185309465, 51.16410513848353, 53.138936684237905, 53.19801047076342, 53.222151155094316, 53.234708264400226, 56.31366079682996, 57.48633793171581, 57.92504592525112, 59.11550752116115, 59.94907152783465, 60.07021331895505, 60.082012378068484, 56.89843736710446, 57.01455847913986, 57.47037206605267, 57.85651693700723, 58.53583703114468, 60.62946158189374, 62.34101591054336, 63.5893973979314, 64.30718669369502, 65.66076189971947, 66.25243535115709, 67.13497699909608, 68.61384142399983, 70.9358100230865, 72.31265826714275, 73.74511790289209, 74.7873975009973, 76.80420413698194, 76.98219129300804, 77.69352891477496, 77.95102878196946, 75.39347044341083, 75.3326555674632, 75.28118175660056, 75.39036991145562, 73.41122204755207, 72.85536092719049, 73.21292461862919, 74.77155400420325, 77.11248331464209, 77.5205782317699, 77.52516578038995, 76.46593492031867, 73.20556729469446], "rmsdiffs": [9.997764425234802, 8.452708750801516, 7.221067681884285, 7.114111065585208, 7.4836827657099905, 8.516069991256725, 6.834013640028645, 7.01940320384137, 7.533878774016749, 8.326321377250084, 6.899598905477248, 7.025259981904208, 7.525461662775255, 8.785561531856462, 7.54946430440914, 6.734333461117951, 6.5796516226082264, 8.289056652748608, 7.705107828067423, 7.250283791545626, 6.706470895280179, 7.8870289195761085, 7.02219854872397, 6.962692456648526, 7.514795294752276, 8.1782821168562, 7.3243550383572344, 7.433573867180477, 7.500160346052037, 8.797770784824303, 7.073154766097007, 7.4032770456585535, 7.512528514483327, 8.57595656187337, 7.8624020849196405, 7.423278543651525, 7.510210113937292, 8.389931553965562, 7.690812861239049, 7.095627690630002, 7.4410726967797265, 8.987776915887393, 7.2573055428277184, 7.00506188543537, 6.9427785469033605, 8.493433535792576, 7.812664326214768, 8.079406643327111, 7.596208871827936, 7.701969528434924, 6.907590202270757, 7.572794739096959, 6.734201163492282, 7.923701264678819, 7.51209162651203, 7.3570749557155315, 7.064361810521143, 4.94816286829468, 4.919786062953741, 9.842728007074788, 9.22497955461118, 9.757428782257705, 4.772879584324582, 4.874016042404415, 4.596096659510611, 9.954964078800645, 8.892936207762482, 8.834724405831166, 8.750516169271163, 8.701219984654298, 4.954201373230412, 4.801455827565933, 9.717805385278245, 6.5090987417650705, 6.274440781764562, 6.9242024171522285, 6.466416654383684, 7.521780336118876, 6.1104209114804275, 6.525546786558245, 6.0030997263056545, 7.124518672323221, 6.082793687249445, 5.824512077421015, 6.14131644601832, 6.750350337170545, 5.923557301736835, 6.202069964114123, 6.06292445316541, 6.450124974647148, 5.531302412885372, 6.3590340066972795, 6.518015084751412, 8.05337754533093, 6.183442156878865, 6.842719421157229, 5.820296558229198, 7.622994039427039, 7.3103783684639785, 6.869404694712002, 6.249325607588396, 6.5745332828941, 5.695123486075732, 5.782089743142423, 5.6876114157319355, 7.059146517670102]}, "frame_states": [0, 0, 0, 0, 0, 0, 0, 0, 0, 0, 0, 0, 0, 0, 0, 0, 0, 0, 0, 0, 0, 0, 0, 0, 0, 0, 0, 0, 0, 0, 0, 0, 0, 0, 0, 0, 0, 0, 0, 0, 0, 0, 0, 0, 0, 0, 1, 0, 0, 0, 0, 0, 0, 0, 0, 0, 0, 0, 0, 0, 0, 0, 0, 0, 0, 0, 0, 0, 0, 0, 0, 0, 0, 0, 0, 0, 0, 0, 0, 0, 0, 0, 0, 0, 0, 0, 0, 0, 0, 0, 0, 0, 0, 0, 0, 0, 0, 0, 0, 0, 0, 0, 0, 0, 0, 0]}