{"phase1": {"shift_vectors": [[-3, -2], [2, -1], [5, -2], [3, 0], [1, 0], [2, 1], [3, 2], [-2, 1], [-2, 1], [-4, 1]], "stand_dev": [61.76591146538636, 61.645832567256825, 61.172624316818705, 61.05291035522985, 60.93741322185039, 60.92793798112543, 60.93186807502964, 61.34541034931571, 61.440492405913616, 61.55498212932225], "rmsdiffs": [9.21074112286762, 6.932389823033563, 7.8976681598484815, 6.985616342751826, 5.952777056646885, 6.793363930164295, 8.184538164802113, 6.969890536342382, 6.366431026457042, 6.138205588133161]}, "frame_states": [1, 1, 1, 1, 1, 1, 1, 1, 1, 1]}