{"phase1": {"shift_vectors": [[-25, -32], [-4, -1], [-6, -3], [1, 0], [1, 0], [1, 0], [1, 0], [2, 1], [3, 2], [2, 1], [5, 0], [5, 0], [4, -1], [3, -2], [8, -1], [5, 0], [4, -1], [3, 0], [6, -1], [4, -1], [4, -1], [2, -1], [4, -1], [2, -1], [2, -1], [2, -1], [4, -3], [2, -1], [2, -1], [1, 0], [-1, 0], [-1, 0], [-1, 0], [3, 0], [8, -1], [-1, 0], [-1, 0], [1, 0], [2, -1], [1, 0], [1, 0], [1, 0], [-1, 0], [-1, 0], [-1, 0], [-1, 0], [-2, 1], [-1, 0], [-1, 0], [-1, 0], [-3, -2], [-2, -1], [-2, -1], [2, -1], [-3, -2], [-1, 0], [-1, 0], [-1, 0], [-6, -1], [-2, 1], [-5, 4], [-5, 4], [-17, 4], [-6, 1], [-4, 1], [-2, 1], [-5, 4], [-4, 3], [-6, 3], [-5, 4], [-8, 7], [-4, 3], [-4, 3], [3, 2], [3, 2], [5, 4], [2, 1], [2, 1], [4, 3], [8, 5], [2, 1], [2, 1], [2, 1], [7, 2], [4, 1], [4, 1]], "stand_dev": [62.29353474957807, 62.010303743122236, 61.71359845158423, 61.8048814170859, 61.97559429383372, 62.06260320188949, 62.06691487318297, 61.97377700294128, 61.90240467352445, 61.70797071308202, 61.68331723094905, 61.816030383565696, 61.800870315956054, 61.77511416169683, 61.664205920765276, 61.46151379311372, 61.341051300078576, 61.17703797616189, 60.914179064216114, 60.65966484957458, 60.49475435296738, 60.26625158859356, 60.20369135092819, 60.149966851669646, 60.052808441276845, 59.83113011649755, 59.44220593275144, 59.23125384033542, 58.94616512771162, 58.866604457917475, 58.784019673755104, 58.57467919830337, 58.43523141166812, 58.64020456891073, 58.75925405255435, 58.56296460883164, 58.348241408888875, 58.28807392604394, 58.598252733428744, 58.424819880594164, 58.52530019337442, 58.84993196323223, 59.3551960944983, 59.35456702056931, 59.4457133550179, 59.46212661265171, 59.30443772896156, 59.15876582110718, 59.11860570162692, 58.86948453088897, 58.223937823312255, 57.7440571380187, 57.37333311730563, 57.09691974364243, 56.47720860935139, 56.17263739238019, 55.962989480979985, 55.98332750422918, 56.185967496741185, 56.449700740170776, 56.96595843099146, 57.2567972744732, 57.24392138521509, 57.07055863298609, 57.01292720819773, 57.11908175153083, 57.513405686071806, 57.73014038184301, 57.88678948668467, 58.00926660162566, 58.430195884352386, 58.89181990908968, 59.371585315589655, 59.75001104419497, 60.23546725841707, 61.00640323169257, 61.108130329448805, 61.442578723761606, 62.10341784447579, 62.880618670779405, 63.20165160229437, 63.53861709331994, 63.875896349121476, 64.83705375406433, 65.41550906769247, 65.80405474058136], "rmsdiffs": [9.904982101663048, 5.930011954686922, 6.838758687211204, 6.981507978956481, 6.441348886881131, 6.1844187518479865, 7.305601819474236, 6.2908292125816425, 6.691490505400603, 6.268124757254883, 7.0831164085974745, 6.106953926813021, 6.275489533878869, 5.980944338840224, 6.7301042932088615, 5.393857690688694, 5.636228935239482, 5.246721584837686, 6.3827699337847585, 5.714889820707834, 5.7685845325633265, 5.362160559724849, 6.6620054306084855, 5.876684934305994, 6.616865152432297, 6.5156345236500375, 6.745868583714912, 6.126045336652178, 5.784427104720115, 5.765631041275623, 7.367052109909598, 6.271586266379827, 6.374601974952747, 6.22643928231885, 7.42209102681475, 6.287491964829056, 6.5786059306104185, 6.13006627792283, 7.0302329604880915, 6.040245682191625, 5.714478860660053, 5.7689810547457725, 7.552126857122797, 6.537095703747825, 6.363450410762876, 6.468903922774982, 7.2233251455024465, 5.802290153993079, 5.868431929017502, 5.392840540067261, 6.649139336047638, 6.43225065311309, 6.865564438656334, 7.386779258887228, 7.6298347164909135, 7.030289746346131, 7.089287901898727, 6.353370686095963, 6.824320257490355, 5.774371770017464, 7.272787317881667, 6.181255752304374, 6.60996641412162, 5.748608649954517, 5.743210725558207, 5.675112799209112, 6.600693799173849, 5.741027518339701, 5.378108555950064, 5.711508998836795, 6.810626777830047, 7.5091972452201246, 7.866007150729184, 7.994680499483324, 7.3120894048866285, 8.182262824636846, 7.4735198190005505, 6.493806212653428, 6.240131295775528, 7.14684313050439, 6.336209383989746, 5.750266083260127, 6.025383779660528, 6.8721934242180405, 6.384277934711123, 6.025684035835098]}, "frame_states": [0, 0, 0, 0, 0, 0, 0, 0, 0, 0, 0, 0, 1, 1, 1, 1, 1, 1, 1, 1, 1, 1, 1, 1, 1, 1, 1, 1, 1, 1, 1, 1, 1, 1, 1, 1, 1, 1, 1, 1, 1, 1, 1, 1, 1, 1, 1, 1, 1, 1, 1, 1, 1, 1, 1, 1, 1, 0, 0, 0, 0, 0, 0, 0, 0, 0, 0, 0, 0, 0, 0, 0, 0, 0, 0, 0, 1, 1, 1, 1, 1, 1, 1, 1, 1, 1]}