{"phase1": {"shift_vectors": [[-3, 52], [-2, 3], [-4, 5], [-4, -5], [-4, -5], [-2, -3], [-1, -2], [-1, -2], [0, -5], [0, -3], [0, -1], [0, -1], [0, -1], [0, -1], [0, -1], [1, 2], [3, -4], [1, -2], [0, -1], [0, -1], [2, -3], [0, -1], [0, -1], [0, -1], [-1, 2], [-1, -2], [-1, -2], [0, -1], [1, -2], [1, -2], [0, -1], [0, -1], [0, -1], [0, -1], [0, -1], [0, -1], [1, -4], [1, -2], [0, -1], [0, -1], [0, -3], [0, -1], [0, -1], [0, -1], [1, -2], [2, 3], [0, 1], [0, 1], [1, 2], [1, -2], [1, -2], [1, -2], [2, 3], [2, 3]], "stand_dev": [46.109068853229736, 46.4862371726609, 45.92794113100048, 45.945513547699434, 45.31390672834728, 44.73026583048226, 44.85399573865399, 44.34909511199649, 44.275016151741816, 44.27967408115252, 43.82571941315197, 43.93302323860091, 43.592166930040975, 43.06470189665769, 43.208360232939306, 43.251175740147346, 43.19336983166403, 42.95767512284514, 42.60511451455065, 42.68387757993427, 43.72040286430279, 43.74197547918955, 43.6536297877889, 43.954334775378044, 44.11921618682295, 43.744647566216074, 43.87776512699004, 43.591746079031616, 43.24675163167014, 43.487338335163024, 43.04608372606735, 43.221265657443, 43.02415847589874, 42.612404422025406, 42.84639148734152, 42.41551816129233, 42.52156896513476, 42.69885324456977, 42.39988412987995, 42.722043527961375, 42.7612271623562, 42.57285892742841, 42.86707680173562, 42.76212312100188, 42.89845419811951, 42.87547685468894, 42.8944974868978, 42.94766202126409, 43.1649490364329, 43.23796196670545, 43.155885912456846, 43.230642047450154, 43.48524051697555, 43.48648478369595], "rmsdiffs": [6.43769669325504, 3.98301121680848, 4.190762993016566, 4.11253471739193, 3.9674142192181625, 3.428976334136672, 2.750962622542592, 2.5606678737408872, 3.141155423465416, 3.121971922274989, 3.098716768730787, 3.59814819576941, 3.461700391868723, 2.9758179863732064, 2.9225412552399304, 3.558469645604718, 3.831268710941816, 3.3483968654853355, 2.9281941586309927, 2.9713779418409656, 3.6314300651555937, 3.092232805858372, 2.8955958116520377, 3.250131907543837, 3.4361016915694567, 3.536508677698688, 3.332245999905621, 3.2716143006644254, 2.8087726192193676, 3.0937639681599243, 2.8029755938405416, 2.1006769949345743, 2.8282516967496245, 2.175784885435144, 2.681708552220566, 2.753967288965286, 3.2584260188968335, 3.118853840902462, 2.9108743385865665, 2.709145921238403, 2.8112715181959227, 2.6978403619162497, 2.930368647604514, 2.459019092146943, 3.251833014475194, 3.2924225675591727, 2.4695349541912024, 2.5666515558044978, 3.050891694229194, 3.0646992677650227, 3.169930732014477, 3.2238030591966007, 3.9480515869934676, 3.9383987810081678]}, "frame_states": [0, 0, 0, 0, 0, 0, 0, 0, 0, 0, 0, 0, 0, 1, 1, 1, 1, 1, 1, 1, 1, 1, 1, 1, 1, 1, 1, 1, 1, 1, 1, 1, 1, 1, 1, 1, 1, 1, 1, 1, 1, 1, 1, 1, 1, 1, 1, 1, 1, 1, 1, 1, 1, 1]}