{"phase1": {"shift_vectors": [[15, 34], [4, 1], [0, 1], [0, 1], [0, 1], [0, 1], [0, -1], [0, -1], [0, -1], [0, -1], [0, -1], [0, -1], [0, -1], [0, 1], [0, -1], [-1, -2], [-1, -2], [-1, -2], [0, -1], [0, 1], [0, 1], [-2, 3], [0, -1], [0, -1], [0, 1], [0, 1], [0, 1], [0, 1], [0, 1], [0, 1], [0, 1], [0, 1], [0, 1], [0, 1], [0, 1], [0, 1], [0, 1], [0, -1], [0, -1], [0, -1], [0, 1], [0, -1], [0, -1], [0, -1], [0, -1], [4, -5], [0, -1], [0, -1], [0, 1], [0, -1], [0, 1], [0, 1], [1, 2], [1, 2], [1, 2], [0, 1], [0, 1], [0, 1], [0, 1], [0, 1], [0, 1], [0, 1], [0, 1], [0, 1], [0, 1], [1, 0], [3, 0], [0, 1], [0, -1], [0, 1], [3, -2], [0, 1], [0, 1], [0, 1], [0, 1], [0, 1], [0, 1], [0, 1], [4, -1], [0, 1], [0, 1], [0, 1], [4, -1], [3, 0], [2, -1], [2, -1], [-1, 0], [10, -3], [4, -1], [2, -1], [3, -2], [1, 0], [-1, 0], [11, 0], [8, -3], [4, -1], [4, -1], [1, 0], [5, 0], [1, 0], [3, -2], [3, -2], [-1, 0], [1, 0], [15, -4], [4, -3], [8, -3], [1, 0], [-1, 0], [-1, 0], [24, -7], [8, -1], [9, 0], [9, 0], [19, -2], [10, -1], [10, -1], [11, -2], [22, -3], [12, -1], [13, -2], [12, -1], [22, -3], [11, -2], [10, -1], [10, -1], [19, -2], [9, 0], [9, 0], [8, -1], [18, -1], [9, 0], [9, 0], [7, 0], [15, 0], [9, 0], [9, 0], [9, 0], [17, 4], [10, 1], [11, 0], [9, 0], [16, -3], [7, -2], [7, 0], [8, -3], [14, -1], [6, 1], [6, -1]], "stand_dev": [53.427200197175694, 53.62411061590269, 53.52112053535159, 53.406450009961134, 53.34412173108751, 53.3050110979383, 53.40278245746074, 53.55647366497858, 53.73955332573418, 53.94872571795971, 54.05856849939126, 54.16304264131831, 54.3487766772217, 54.256940035163595, 54.205037452373304, 54.09128393357577, 54.17241777881535, 53.985926168459734, 53.951397029424136, 53.88434467473701, 53.88842395675865, 54.18073915694311, 54.24899054368317, 54.59041612761299, 55.04721321827106, 55.429481682816835, 55.65637495813707, 55.761151724189695, 55.79870791254747, 55.7865908084603, 55.73632491265261, 55.99463693885445, 56.396051791230775, 57.096222353165366, 57.40203619819403, 57.73915619502868, 58.158110694175306, 58.17250917259827, 57.97469991000424, 57.8211104902266, 57.671000530995514, 57.345211047481776, 57.2292540517455, 57.16396005555413, 57.14930635954812, 56.626641007708166, 56.29949999464949, 56.30524663056825, 56.37068513600712, 56.31061463377303, 56.22884859353962, 56.20518267251165, 56.23423101645584, 56.12886258227586, 55.92973533903887, 55.913993003257076, 55.9019210485966, 56.24026739164593, 56.36952267183337, 56.559183889833236, 56.93623870982556, 57.136960754625164, 57.461511830683705, 57.44835911035221, 57.44329731130624, 58.34274005823603, 58.38109574703936, 58.44820046205867, 58.4517425700686, 58.47331793867588, 59.160471145498285, 59.30242257920166, 59.6776223469491, 59.9345277065164, 60.1203349446567, 60.11501883422194, 60.137027013110654, 59.98705286276821, 59.941385911643415, 60.02447179567467, 60.05361594240693, 60.031908279031725, 60.10064698112827, 60.22739684573629, 60.41868557201069, 60.581434394817485, 60.57894448169091, 61.80808033953943, 62.54763936095808, 63.42135280811365, 64.36904064109571, 64.40894469606644, 64.42923513225294, 66.53333520379519, 67.52663520104933, 67.85556745973625, 68.2240160263817, 68.2483250045441, 72.0210698473128, 72.94866278783526, 73.74020368079, 74.60364388949877, 74.62498840494547, 74.66663652980134, 76.91772326321214, 77.33696619278561, 78.33732069975491, 78.35637364623314, 78.4314971341415, 78.45005951163344, 81.02555587854677, 80.92025037487794, 80.57964071532629, 80.28547806798622, 79.87920383570251, 79.70918682278801, 79.77342746994762, 79.77834981753111, 79.02340281552283, 78.86359864405927, 78.59058320738838, 78.26437746389195, 77.59181073331008, 77.155081542182, 76.71601261234777, 76.31309330724909, 75.37591974396676, 74.87054340741447, 74.3397141502494, 73.86476869120534, 72.35358249994927, 71.70715313043677, 71.36048350467901, 71.0201061957009, 70.77040869107209, 70.55529066804623, 70.2176890889515, 70.15064459163278, 70.24886764379823, 69.91413661398757, 69.21565012999496, 68.63009889253865, 68.27717290622991, 67.36566744685872, 66.75595961181033, 66.26271383917447, 65.17112299926083, 65.09914196963668, 64.64614257418843], "rmsdiffs": [9.97327668586211, 5.655962259118725, 4.796209948975525, 4.919458372875133, 5.096342016570388, 5.728697520252883, 5.154889402237804, 4.990371125413352, 4.965331585872203, 6.1337684521663425, 5.219197675242724, 5.163877777865717, 5.3400390179372215, 6.164221249050227, 5.641683707521214, 5.772015475498231, 6.198586100147103, 6.2895897310255116, 4.956309813136009, 5.428183955845253, 5.247365534790797, 6.498012670373223, 5.45542163119357, 5.417542336903778, 5.793341032027242, 6.448782774198727, 5.481240560763432, 5.104410369752928, 5.722273286019165, 6.375515094707347, 5.533880122761237, 5.568844969709373, 5.77048473533896, 6.600804281732504, 5.78205308545402, 5.613204128210395, 5.722481686941568, 5.771065475890869, 5.261389191613441, 5.302739887395051, 5.529601903797839, 6.018527351710459, 4.919198256855552, 5.399730146460663, 5.201918287026672, 6.382215051985761, 5.393399065700048, 5.018974702889538, 5.651730051639204, 5.085790804373454, 5.827943772993175, 5.434538182556101, 5.503948499652214, 5.289242319529577, 5.941898769608586, 5.7578482076114295, 6.151114317487251, 7.065169615246371, 6.081289444042967, 6.131223033895024, 6.226045669018334, 6.217014978567495, 6.920683242712457, 4.479211985044221, 4.636942534949447, 7.426549568787149, 7.0745571574734605, 6.15547920708065, 4.412435342823292, 4.346997030416659, 7.622477811292888, 5.926497833193931, 5.918767363485751, 5.850965773909909, 6.849995997091321, 5.862920225063583, 6.320719675360131, 6.184044398157601, 6.555492964550336, 6.04751813777693, 5.797210286855899, 6.119565478889643, 6.399492874325672, 5.985367936803472, 6.082432707022373, 5.970681915299439, 4.969523707981888, 7.443917448831376, 6.175387666729371, 6.197220805149201, 6.112850686169001, 4.953892346702343, 4.924874231257631, 7.988074323027656, 7.427886117980188, 6.533659093034191, 6.717184344066115, 5.014491692529382, 7.924303127246802, 6.86889768062505, 7.003445198785716, 6.9608668456287734, 5.078500443399416, 5.069122709365131, 8.321057084964384, 7.221464341827062, 7.960223375575455, 5.094470085930661, 5.4874709097062375, 5.073239463170396, 8.636183264678431, 5.484291815606959, 5.7024768871389195, 5.435237173698553, 6.145705757650549, 5.008348691605273, 4.960914571656628, 5.224983282501681, 5.830863278874067, 5.1850456405880125, 5.327748132471508, 4.748371763246988, 5.862547814781844, 5.405602386921628, 5.021348948481197, 4.814892025233955, 6.1177647832520075, 4.530932504163046, 4.8632424326751025, 5.081977557235608, 5.964216005889899, 5.178999220731014, 5.1637800159893095, 4.760077952080448, 5.785549815416567, 4.872466223571132, 5.138735999971977, 5.288720317718562, 5.991076440504979, 5.332785735914909, 5.307147893166009, 5.184485657246915, 6.516384826413973, 6.168664680914649, 6.417716860093736, 6.2286873791103, 7.13689966912555, 6.462515756981108, 6.271471032378164]}, "frame_states": [0, 0, 0, 0, 0, 0, 0, 0, 0, 0, 0, 1, 1, 1, 1, 1, 1, 1, 1, 1, 1, 1, 1, 1, 1, 1, 1, 1, 1, 1, 1, 1, 1, 1, 1, 1, 1, 1, 1, 1, 1, 1, 1, 1, 1, 1, 1, 1, 1, 1, 1, 1, 1, 1, 1, 1, 1, 1, 1, 1, 1, 1, 1, 1, 1, 1, 1, 1, 1, 1, 1, 1, 1, 1, 1, 1, 1, 1, 1, 1, 1, 1, 1, 1, 1, 1, 1, 1, 1, 1, 1, 1, 1, 1, 1, 1, 1, 1, 0, 0, 0, 0, 0, 0, 0, 0, 0, 0, 0, 0, 0, 0, 0, 0, 0, 0, 0, 0, 0, 0, 0, 0, 0, 0, 0, 0, 0, 0, 0, 0, 0, 0, 0, 0, 0, 0, 0, 0, 0, 0, 0, 0, 0, 0, 0, 0, 0, 0, 0]}