{
    "frame_states": [
        0, 
        0, 
        0, 
        0, 
        0, 
        0, 
        0, 
        0, 
        0, 
        0, 
        0, 
        0, 
        1, 
        1, 
        1, 
        1, 
        1, 
        1, 
        1, 
        1, 
        1, 
        1, 
        1, 
        1, 
        1, 
        1, 
        1, 
        1, 
        1, 
        1, 
        1, 
        1, 
        1, 
        1, 
        1, 
        1, 
        1, 
        1, 
        1, 
        1
    ], 
    "phase1": {
        "rmsdiffs": [
            10.03678299989658, 
            6.466125603776023, 
            6.464666693613776, 
            6.387551471019523, 
            6.861580766616784, 
            5.974704328651694, 
            6.6859608216804185, 
            6.660690788019257, 
            7.216470262765726, 
            6.186217580227982, 
            6.338924377226536, 
            6.531714093040094, 
            7.3677859202203475, 
            6.3646689974956345, 
            6.9450767871146795, 
            6.814514140886983, 
            7.373215753976425, 
            6.85133258052921, 
            6.889224016949246, 
            6.220962839945988, 
            7.040078561649644, 
            6.862785109836115, 
            6.462631531196357, 
            6.698635597174847, 
            7.5105683985237786, 
            6.790713751392209, 
            7.260360658943245, 
            6.6578470198078294, 
            7.2360533501768565, 
            6.345200370941807, 
            6.831242558322656, 
            6.908493488675474, 
            7.625044648481247, 
            6.699631189503388, 
            6.859392844385867, 
            7.019742324240304, 
            7.7106330353998835, 
            6.844898064496198, 
            6.808968460895626, 
            6.745836960142058
        ], 
        "shift_vectors": [
            [
                11, 
                52
            ], 
            [
                -5, 
                -4
            ], 
            [
                -7, 
                -6
            ], 
            [
                -5, 
                -2
            ], 
            [
                -3, 
                -2
            ], 
            [
                -3, 
                -2
            ], 
            [
                -2, 
                -1
            ], 
            [
                1, 
                0
            ], 
            [
                1, 
                0
            ], 
            [
                -1, 
                0
            ], 
            [
                -2, 
                -1
            ], 
            [
                -1, 
                0
            ], 
            [
                0, 
                -5
            ], 
            [
                -2, 
                -1
            ], 
            [
                -2, 
                -9
            ], 
            [
                -4, 
                -5
            ], 
            [
                -1, 
                0
            ], 
            [
                1, 
                0
            ], 
            [
                0, 
                1
            ], 
            [
                0, 
                1
            ], 
            [
                3, 
                -4
            ], 
            [
                0, 
                -1
            ], 
            [
                2, 
                -1
            ], 
            [
                3, 
                -2
            ], 
            [
                -4, 
                -3
            ], 
            [
                -1, 
                0
            ], 
            [
                -1, 
                0
            ], 
            [
                -2, 
                -1
            ], 
            [
                -4, 
                -3
            ], 
            [
                -2, 
                -1
            ], 
            [
                -5, 
                0
            ], 
            [
                -4, 
                -1
            ], 
            [
                -7, 
                -4
            ], 
            [
                -4, 
                -1
            ], 
            [
                -4, 
                -3
            ], 
            [
                -1, 
                0
            ], 
            [
                5, 
                -4
            ], 
            [
                -3, 
                0
            ], 
            [
                -2, 
                -1
            ], 
            [
                -1, 
                0
            ]
        ], 
        "stand_dev": [
            72.82052544621476, 
            73.21327497080603, 
            73.3652910039855, 
            73.80031631631851, 
            74.85464915584791, 
            75.22492027944072, 
            75.77904410248276, 
            76.28413884406973, 
            77.03626418504932, 
            77.43381460965996, 
            77.8148665840707, 
            78.07174618313654, 
            77.96899861894433, 
            78.09309800549076, 
            77.69587412140089, 
            77.47415947531451, 
            78.26648549918167, 
            78.8866677222255, 
            79.54551559439443, 
            79.72819872984529, 
            79.58269251944996, 
            79.47918317794351, 
            78.9669037098702, 
            77.88907856453939, 
            77.24087943654219, 
            77.96465286320039, 
            78.54776478369574, 
            77.86722304611138, 
            78.32993445078984, 
            78.11508465657211, 
            77.80649708686647, 
            77.76716642906864, 
            77.53536194580569, 
            76.93539665149865, 
            76.82487237345588, 
            76.67751679107681, 
            74.7601235588697, 
            75.03283226697705, 
            75.39475332307647, 
            75.62194043617438
        ]
    }
}