{"phase1": {"shift_vectors": [[-7, 0], [-1, 0], [-1, 0], [-1, 0], [1, 0], [1, 0], [1, 0], [1, 0], [1, 0], [1, 0], [5, 0], [1, 0], [1, 0], [1, 0], [1, 0], [1, 0], [1, 0], [1, 0], [1, 0], [1, 0], [-1, 0], [-1, 0], [-1, 0], [-1, 0], [-1, 0], [-1, 0], [1, 0], [1, 0], [1, 0], [1, 0], [1, 0], [-1, 0], [1, 0], [1, 0], [1, 0], [1, 0], [-1, 0], [1, 0], [1, 0], [1, 0], [1, 0], [-1, 0], [1, 0], [-1, 0], [1, 0], [1, 0], [-1, 0], [1, 0], [1, 0], [1, 0], [-1, 0], [-1, 0], [1, 0], [-1, 0], [-1, 0], [1, 0], [1, 0], [1, 0], [1, 0], [1, 0], [1, 0], [-1, 0], [1, 0], [13, 0], [-1, 0], [-1, 0], [1, 0], [-1, 0], [1, 0], [1, 0], [-1, 0], [1, 0], [-1, 0], [-1, 0], [-1, 0], [-1, 0], [-1, 0], [1, 0], [-1, 0], [1, 0], [-1, 0], [-1, 0], [1, 0], [1, 0], [-1, 0], [-1, 0], [1, 0], [-1, 0], [1, 0], [1, 0], [-1, 0], [1, 0], [1, 0], [1, 0], [-1, 0], [-1, 0], [1, 0], [-1, 0], [-1, 0], [1, 0], [-1, 0], [1, 0], [1, 0], [-1, 0], [1, 0], [-1, 0], [1, 0], [-1, 0], [1, 0], [-1, 0]], "stand_dev": [66.24217009573466, 66.1002358611484, 66.06361465860515, 66.07440118874402, 66.03819429659026, 66.04887168169535, 66.01954791797807, 65.96897164613698, 65.93513739139904, 65.949465187648, 65.96642400671792, 66.0650669364228, 65.98546159829408, 66.01899800221108, 65.98703986976604, 65.971570438363, 65.95229773971005, 65.9444677311092, 65.91145285272576, 65.91922652948729, 65.90700532382299, 65.97922419018941, 66.02833253794027, 66.09563533555887, 66.15428288668896, 66.17613444430312, 66.27263775674851, 66.34486746277855, 66.33585403126747, 66.37844107593591, 66.44426502185416, 66.47341613067316, 66.51063073002788, 66.54693204951658, 66.55235385550851, 66.5671592750432, 66.55365622673213, 66.62247584943805, 66.64051586555786, 66.72306303799432, 66.74296077783873, 66.79508742515688, 66.83164208852013, 66.91425648764347, 66.9474063360025, 66.95491740783598, 66.98205679924918, 67.06134191225965, 67.07618418182622, 67.09225360055667, 67.09505889889613, 67.1004341186423, 67.06494931174414, 67.0823601352452, 67.07271965079079, 67.03649991478095, 66.99858818702488, 67.0050623884732, 67.00006069600401, 66.99685800765386, 66.93693989042704, 66.96261263152321, 66.96863689557355, 32.504598511326655, 32.57401189510366, 32.6165875939436, 32.7150020328694, 32.77687408195008, 32.798727253977574, 32.88253515057751, 32.896890328178515, 32.932032466952045, 33.051012867903324, 33.07204690056659, 33.11777911984027, 33.215541584834874, 33.254273160239855, 33.304244274198126, 33.259963785927035, 33.28388075829654, 33.31218412142393, 33.36124010662631, 33.38567107311624, 33.42667060230666, 33.515996001389645, 33.5450940479035, 33.56556214564053, 33.61383002884509, 33.64158201488069, 33.6599413100005, 33.690170325256105, 33.74567725906559, 33.79671156571199, 33.83347165117048, 33.88769165238229, 33.87631394655936, 33.91348738678467, 33.94545314696454, 33.988327027662635, 34.06186231075587, 34.123992246332925, 34.168720789792374, 34.196790554533266, 34.2611577558433, 34.286354142186894, 34.34197781414984, 34.35722360258975, 34.31430285523716, 34.414807594897205, 34.48113287417874], "rmsdiffs": [9.745109222842991, 5.145792216397963, 4.916483865287793, 4.61738689018134, 4.88842471832626, 4.623287466031756, 5.282265203725576, 4.890587359679503, 4.775188547597018, 4.886419030405187, 5.924357686555583, 4.997545911394712, 5.155415838455418, 4.557306717129928, 5.346809070883298, 4.493360990675359, 4.453650481149373, 4.714059501257333, 4.925429844686612, 4.8397255950988205, 4.658996789735696, 4.680916187237152, 4.858520436425044, 4.721333802095026, 4.730171896386203, 4.660710018350438, 5.2070476764794025, 5.082465911949741, 4.80641054566786, 4.468233964627409, 5.198125573378616, 5.373047558192447, 4.8681520660658455, 5.557774595951006, 4.815515879300381, 5.879319815709306, 4.9418594111152085, 5.204864520399025, 4.847415762623004, 5.390128199136815, 4.666630803200744, 4.7764928941573865, 4.808001629897845, 5.168123711288599, 4.605488964672599, 4.599454504863124, 4.805980921407843, 4.947638362845546, 4.941571759612427, 4.844716597285748, 4.688409275398888, 5.139537877219645, 4.854009791805767, 4.872655417989831, 4.863792017278425, 5.372524076625535, 4.477765836802619, 4.618951326280353, 4.89684318767306, 5.0528449800708675, 5.034965551834005, 4.674344418190783, 4.5276776873832, 9.955946069062078, 3.557285743937876, 3.5625457011409396, 3.57075986734695, 3.5955309738380645, 3.556323273924333, 3.5816457672925734, 3.5865445814082384, 3.6105964482168584, 3.590436784950999, 3.5846551043309227, 3.589030845509084, 3.6054958146630987, 3.613265277786534, 3.6251424761692492, 3.644961126014207, 3.6631248602740696, 3.6509187835163326, 3.647040470103883, 3.659599225705441, 3.6708120210326225, 3.6579073303202914, 3.645438144615071, 3.657397469661558, 3.665891225443909, 3.666231538652403, 3.6701405036173775, 3.6716213501054025, 3.706885696234135, 3.6936392335593764, 3.69331145040023, 3.7129207820508947, 3.7136079752786517, 3.7222222222222223, 3.7059538678451487, 3.703046629246779, 3.7410671441186447, 3.736486693631455, 3.7351415482779307, 3.74152493884819, 3.749220054519926, 3.729586529929133, 3.7431761364175107, 3.7501643156488753, 3.770136338717681, 3.7583541674041165, 3.7477716093923896]}, "frame_states": [1, 1, 1, 1, 1, 1, 1, 1, 1, 1, 1, 1, 1, 1, 1, 1, 1, 1, 1, 1, 1, 1, 1, 1, 1, 1, 1, 1, 1, 1, 1, 1, 1, 1, 1, 1, 1, 1, 1, 1, 1, 1, 1, 1, 1, 1, 1, 1, 1, 1, 1, 1, 1, 1, 1, 1, 1, 1, 1, 1, 1, 1, 1, 1, 1, 1, 1, 1, 1, 1, 1, 1, 1, 1, 1, 1, 1, 1, 1, 1, 1, 1, 1, 1, 1, 1, 1, 1, 1, 1, 1, 1, 1, 1, 1, 1, 1, 1, 1, 1, 1, 1, 1, 1, 1, 1, 1, 1, 1, 1]}