{
    "brightness": [
        114, 
        113, 
        112, 
        111, 
        111, 
        112, 
        112, 
        113, 
        113, 
        115, 
        115, 
        115
    ], 
    "horizontal_movement": [
        [
            0.0, 
            0.3, 
            0.6, 
            0.3448275862068966, 
            -1.3478260869565217, 
            -0.4375, 
            -0.2413793103448276, 
            -0.09375, 
            -2.347826086956522, 
            -0.7619047619047619, 
            -0.8571428571428571
        ], 
        [
            2.1666666666666665, 
            0.65, 
            0.68, 
            0.05555555555555555, 
            -0.9090909090909091, 
            -0.2608695652173913, 
            -0.043478260869565216, 
            -0.13333333333333333, 
            -1.1666666666666667, 
            -0.7142857142857143, 
            -0.3103448275862069
        ], 
        [
            -0.14814814814814814, 
            0.18181818181818182, 
            0.6666666666666666, 
            0.2647058823529412, 
            -0.84375, 
            -0.34375, 
            -0.46875, 
            -0.5454545454545454, 
            -2.2903225806451615, 
            -1.4444444444444444, 
            -1.7142857142857142
        ], 
        [
            1.03125, 
            0.4117647058823529, 
            -0.24390243902439024, 
            -0.05263157894736842, 
            -1.7333333333333334, 
            -1.3488372093023255, 
            -0.9714285714285714, 
            -0.5, 
            -1.5862068965517242, 
            -0.8055555555555556, 
            -0.8529411764705882
        ], 
        [
            3.8181818181818183, 
            2.4782608695652173, 
            1.5483870967741935, 
            2.1818181818181817, 
            4.0, 
            0.9655172413793104, 
            1.75, 
            2.2333333333333334, 
            4.105263157894737, 
            1.8928571428571428, 
            1.7586206896551724
        ], 
        [
            8.095238095238095, 
            2.4827586206896552, 
            1.59375, 
            1.6129032258064515, 
            1.0434782608695652, 
            -0.2857142857142857, 
            -0.4838709677419355, 
            -0.05405405405405406, 
            -0.43333333333333335, 
            -0.17647058823529413, 
            -0.17142857142857143
        ], 
        [
            3.1875, 
            0.6363636363636364, 
            -1.1388888888888888, 
            0.3939393939393939, 
            -0.625, 
            -0.9142857142857143, 
            -0.40540540540540543, 
            0.2777777777777778, 
            1.0303030303030303, 
            0.9428571428571428, 
            0.4
        ], 
        [
            7.285714285714286, 
            3.2413793103448274, 
            1.90625, 
            2.909090909090909, 
            4.181818181818182, 
            1.4545454545454546, 
            2.0, 
            2.896551724137931, 
            6.764705882352941, 
            3.7241379310344827, 
            3.1739130434782608
        ], 
        [
            8.4375, 
            2.5454545454545454, 
            0.9722222222222222, 
            1.7272727272727273, 
            1.4242424242424243, 
            -0.029411764705882353, 
            0.09090909090909091, 
            1.1142857142857143, 
            1.90625, 
            1.9210526315789473, 
            1.7435897435897436
        ]
    ], 
    "mean_vector_length": [
        [
            3.516049510515619, 
            2.81555792176821, 
            0.6157378651666526, 
            0.4931228648188196, 
            1.8651303896951588, 
            1.6170455026827537, 
            1.2854378806152555, 
            1.0464150429449552, 
            2.7627924856648396, 
            1.426856668517031, 
            2.4309975570385007
        ], 
        [
            3.871944052779233, 
            1.638920420357787, 
            0.8828427124746192, 
            0.3563451979096164, 
            1.2626941701984022, 
            0.38384465759766045, 
            0.13043478260869565, 
            0.3, 
            1.7553745918538308, 
            1.3300943102542604, 
            2.066579650819207
        ], 
        [
            2.399421843486734, 
            1.6915553397662546, 
            0.7567400190866468, 
            0.46049571322036414, 
            1.348876501725471, 
            1.169673540132429, 
            0.8557742597140701, 
            0.6363636363636364, 
            2.4636613662479867, 
            1.6158623520114865, 
            1.8623430282081224
        ], 
        [
            3.409137449526491, 
            1.9580378595062893, 
            1.1977103820143553, 
            0.735721508664162, 
            1.9939424405732902, 
            1.7808652374862222, 
            1.1316485391174582, 
            0.9138549356431023, 
            2.2018468021476623, 
            1.6716496604744355, 
            1.763038817634703
        ], 
        [
            5.0539644564467165, 
            3.153930967574886, 
            2.269540740867946, 
            2.8319289343928165, 
            5.7990237240042815, 
            2.473954810848363, 
            2.674492269075244, 
            2.82782452110651, 
            5.76425069118635, 
            3.4327509252905557, 
            3.1688786072112225
        ], 
        [
            8.676329541115551, 
            2.8223077842202744, 
            1.6014441016011038, 
            2.177899819665576, 
            1.996813171342308, 
            1.6413653103800183, 
            0.9211725543904533, 
            0.43899028884106184, 
            1.2872155293785388, 
            0.6836070790329202, 
            0.7749458750176474
        ], 
        [
            5.558150458829534, 
            2.0480937613333015, 
            1.7834340122185506, 
            1.3890058829391307, 
            2.6967315343797402, 
            2.0305396347418316, 
            1.8735455334683389, 
            1.8793197996826716, 
            3.601529139230039, 
            2.959390072083222, 
            2.6234577060875797
        ], 
        [
            7.807186135181142, 
            3.9685594352896065, 
            2.6503924750012895, 
            3.6314827889292163, 
            6.139441200451511, 
            3.6436022136820734, 
            3.4760491527684687, 
            3.68440074283539, 
            8.532562035171132, 
            4.874291080828694, 
            4.292755507363106
        ], 
        [
            9.170729386121272, 
            2.9663846561382496, 
            1.3611111111111112, 
            2.862032843719559, 
            2.8448164271917116, 
            2.2662831345977517, 
            1.7707946467404716, 
            1.499789152821285, 
            2.9104667310508443, 
            2.428525690945149, 
            1.9343277418939748
        ]
    ],