{"phase1": {"shift_vectors": [[9, 26], [1, 0], [1, 0], [1, 0], [0, -1], [-1, -2], [-1, -2], [1, -4], [2, -5], [2, -1], [-2, -1], [-2, -1], [-3, -2], [-3, -2], [-3, -2], [-3, -2]], "stand_dev": [49.23674075082387, 49.180930697872824, 48.71729835321568, 48.35531862347826, 47.718783025509836, 47.386818414878924, 47.1976143554729, 47.224493071001554, 47.65168936882298, 47.876967040921706, 47.89543093441335, 47.8089007684212, 47.723941636306854, 47.54560821088353, 47.301966617667404, 47.14212634630027], "rmsdiffs": [9.94681067857163, 5.555656884834913, 5.313318272923168, 5.7301918156187135, 6.5178900606422, 6.217724384332812, 5.839602796758788, 6.159149706550401, 6.92441930234816, 6.373134830291558, 6.6300338184591245, 6.33280487070376, 7.160694469443817, 6.264354344915022, 6.186156250564503, 6.457264021981036]}, "frame_states": [0, 0, 0, 0, 0, 0, 0, 0, 0, 0, 0, 1, 1, 1, 1, 1]}