{"phase1": {"shift_vectors": [[47, -16], [-1, 0], [-1, 0], [-1, 0], [-1, 0], [-1, 0], [-1, 0], [-1, 0], [-1, 0], [-1, 0], [-1, 0], [-1, 0], [-1, 0], [-1, 0], [-1, 0], [-3, 0], [-1, 0], [-1, 0], [-1, 0], [-3, 0], [-1, 0], [-1, 0], [-1, 0], [-3, 0], [-1, 0], [-2, 1], [-1, 0], [-2, 1], [-2, 1], [-2, 1], [-1, 0], [-4, 3], [-2, 1], [-1, 0], [-2, 1]], "stand_dev": [94.912507678413, 94.88801065449884, 94.83071949579916, 94.93344820708806, 94.89472842453347, 94.8927807577, 94.88951319337102, 94.9168734055399, 94.80035798670852, 94.82277353984755, 94.63219288321157, 94.55726526578255, 94.71226147430495, 94.62077434936197, 94.5318725488558, 94.27333051683529, 94.11585138819997, 93.87442754436988, 93.6673430833727, 93.32967249105505, 93.14577163538642, 93.18790809192495, 93.1333675136133, 92.93996567230309, 92.73829496374412, 92.69328138059034, 92.57316568925746, 92.46593123086795, 92.32567423639368, 92.35537958778077, 92.2120805700538, 92.0451406797745, 92.01571419778384, 92.00545194389592, 91.90221652985291], "rmsdiffs": [8.080112752130422, 5.83620802555433, 5.693220411214504, 5.896448922354156, 5.548929538458625, 5.201942192437887, 5.398435472140185, 5.651008237949488, 4.935098251173866, 5.572386476639577, 5.013882657281793, 5.5924374345848635, 5.067025115673455, 4.718334494650427, 4.7485567822780865, 5.572738645635454, 4.587990473122638, 4.915606677777103, 4.817482056853963, 5.667326507586249, 4.893907031223173, 5.222646737981411, 5.014813736073528, 5.717101336238419, 5.494341551101458, 5.352450262715776, 5.377803887079494, 5.761728385915703, 5.360292399452342, 5.472072553770013, 5.486600233737451, 6.041127855232108, 5.591066282860389, 5.785046439071022, 5.332352345869831]}, "horizontal_movement": [[-0.21052631578947367, 0.1111111111111111, -0.10526315789473684, -0.48717948717948717, -0.8108108108108109, -0.1794871794871795, -0.8157894736842105, -0.10810810810810811, -0.358974358974359, -0.02631578947368421, -0.02564102564102564, -0.6923076923076923, -1.1842105263157894, -1.0263157894736843, -0.10810810810810811, -1.0, -0.8611111111111112, -1.65625, -0.7647058823529411, -0.8285714285714286, -0.7352941176470589, -1.135135135135135, -0.5142857142857142, -0.9142857142857143, -0.4857142857142857, -1.25, -1.03125, -0.3939393939393939, 0.11764705882352941, -0.36363636363636365, -0.38235294117647056, 0.029411764705882353, -0.7428571428571429, 0.5588235294117647, 0.36363636363636365, 0.11428571428571428], [-0.43333333333333335, 0.14285714285714285, 0.21875, -0.4, -0.25, 0.6071428571428571, -0.6206896551724138, -0.06666666666666667, 0.09375, 0.21428571428571427, 0.34615384615384615, -0.375, -0.6896551724137931, 0.037037037037037035, 0.13793103448275862, -0.5, -0.26666666666666666, -0.52, -0.3793103448275862, -0.40625, -0.65625, -0.9285714285714286, -0.6428571428571429, -1.4137931034482758, -0.7333333333333333, -1.92, -1.7037037037037037, -1.4615384615384615, -0.625, -2.0625, -0.5217391304347826, -0.7692307692307693, -0.9666666666666667, -0.375, -1.0476190476190477, -1.1], [0.0, 0.0, 0.0, 0.0, -0.5555555555555556, 0.9230769230769231, -0.8666666666666667, 0.0, 0.0, 0.0, 0.16666666666666666, -0.7142857142857143, -0.8571428571428571, 0.23076923076923078, 0.07692307692307693, -0.6923076923076923, 0.07142857142857142, 0.07692307692307693, 0.0, 0.0, 0.0625, 0.0625, 0.05555555555555555, -0.2, -0.05263157894736842, -0.47368421052631576, -0.125, 0.0, 0.06666666666666667, 0.8125, -0.35, 0.3684210526315789, 0.0, 0.6666666666666666, -0.6666666666666666, 0.0], [-0.375, -1.4193548387096775, -0.5111111111111111, -1.4864864864864864, -1.4857142857142858, -1.6153846153846154, -1.3571428571428572, -0.78125, -0.9534883720930233, -1.3103448275862069, -0.3235294117647059, -1.0, -1.0975609756097562, -0.8571428571428571, -0.09302325581395349, -0.975, -0.358974358974359, -0.9655172413793104, -0.16666666666666666, -0.2413793103448276, -0.5142857142857142, -0.6206896551724138, -0.11538461538461539, -0.8387096774193549, 0.030303030303030304, -0.4230769230769231, -0.09375, 0.06451612903225806, 0.20689655172413793, -0.037037037037037035, -0.21875, -0.14285714285714285, -0.5882352941176471, 0.029411764705882353, 0.037037037037037035, -0.275], [-1.0, -2.0, -0.7567567567567568, -1.542857142857143, -2.0, -2.107142857142857, -1.7575757575757576, -1.3333333333333333, -0.8857142857142857, -1.7142857142857142, -0.25, -1.1891891891891893, -1.3428571428571427, -0.78125, -0.13953488372093023, -1.1818181818181819, -0.5714285714285714, -1.71875, -0.40476190476190477, -0.35294117647058826, -0.7073170731707317, -0.9696969696969697, -0.3939393939393939, -1.1142857142857143, -0.4473684210526316, -0.90625, -0.875, -0.38095238095238093, -0.25, -1.1891891891891893, -0.8372093023255814, -0.7441860465116279, -1.2, -1.2857142857142858, -0.875, -1.119047619047619], [-1.3846153846153846, -0.43478260869565216, -0.21621621621621623, -0.7586206896551724, -0.9166666666666666, -0.5862068965517241, -1.21875, -0.55, -0.5428571428571428, -1.6842105263157894, -0.3103448275862069, -1.2058823529411764, -1.3870967741935485, -0.625, -0.18181818181818182, -1.032258064516129, -0.41935483870967744, -0.92, -0.13513513513513514, -0.3333333333333333, -0.32432432432432434, -0.35714285714285715, -0.34615384615384615, -1.0454545454545454, -0.22580645161290322, -0.4444444444444444, -0.5217391304347826, -0.3793103448275862, -0.25, -0.5, -0.4166666666666667, -0.21052631578947367, -0.6363636363636364, -0.125, -0.23076923076923078, -0.2857142857142857], [-0.6190476190476191, -2.1, -1.0, -1.9047619047619047, -1.5909090909090908, -2.5789473684210527, -1.9545454545454546, -1.3157894736842106, -1.1153846153846154, -2.611111111111111, -0.875, -1.2307692307692308, -1.6956521739130435, -1.736842105263158, -0.16666666666666666, -1.0, -0.5789473684210527, -0.8235294117647058, 0.047619047619047616, -0.3333333333333333, -0.4166666666666667, -0.2, -0.4, -0.8620689655172413, 0.058823529411764705, -0.5185185185185185, -0.6129032258064516, -0.15151515151515152, -0.06060606060606061, -0.24, -0.23529411764705882, -0.43333333333333335, -0.375, -0.9642857142857143, 0.0, -0.41935483870967744], [-2.5517241379310347, -5.045454545454546, -3.230769230769231, -3.740740740740741, -3.4482758620689653, -4.45, -3.375, -2.925925925925926, -2.823529411764706, -5.269230769230769, -1.6428571428571428, -2.5172413793103448, -2.9310344827586206, -3.6818181818181817, -1.3333333333333333, -2.4545454545454546, -1.5263157894736843, -2.066666666666667, -1.1818181818181819, -1.2608695652173914, -1.25, -1.9333333333333333, -0.8947368421052632, -1.4210526315789473, -0.18181818181818182, -1.1666666666666667, 0.2, 0.1724137931034483, 0.18518518518518517, -1.2941176470588236, -0.7586206896551724, -1.24, -1.2424242424242424, -2.6153846153846154, -1.894736842105263, -1.6071428571428572], [-13.521739130434783, -4.095238095238095, -1.7142857142857142, -1.8620689655172413, -1.4848484848484849, -2.4054054054054053, -1.542857142857143, -1.7428571428571429, -1.1714285714285715, -3.0, -0.75, -1.542857142857143, -1.9411764705882353, -2.090909090909091, -0.5714285714285714, -1.4857142857142858, -0.9142857142857143, -2.0294117647058822, -0.6666666666666666, -0.78125, -0.8235294117647058, -1.1666666666666667, -0.8275862068965517, -1.5517241379310345, -0.4838709677419355, -1.4193548387096775, -0.8387096774193549, -0.6363636363636364, -0.45714285714285713, -1.5161290322580645, -0.6451612903225806, -1.5357142857142858, -1.2333333333333334, -2.4, -0.9583333333333334, -1.4230769230769231]], "frame_states": [0, 0, 0, 0, 0, 0, 0, 0, 0, 0, 0, 1, 1, 1, 1, 1, 1, 1, 1, 1, 1, 1, 1, 1, 1, 1, 1, 1, 1, 1, 1, 1, 1, 1, 1], "brightness": [107, 107, 107, 107, 107, 108, 108, 108, 109, 109, 109, 109, 109, 109, 109, 109, 110, 109, 109, 110, 110, 110, 109, 110, 110, 110, 110, 111, 111, 111, 112, 113, 113, 114, 115, 116, 116],