{"phase1": {"shift_vectors": [[16, -45], [1, 0], [1, 0], [1, 0], [1, 0], [2, -1], [-1, 0], [0, 1], [-1, 0], [-10, 41], [-1, 0], [-1, 0], [-1, 0], [-1, 0], [-1, 0], [-1, 0], [-1, 0], [-15, 6], [-3, 2], [-4, 3], [-3, 2], [-12, 11], [-4, 3], [-9, 8], [-7, 6], [4, 13], [-9, 8], [-9, 8], [-21, 12], [-13, 24], [-9, 8], [-9, 8], [-9, 8], [-11, 20], [-5, 4], [-7, 6], [-9, 8], [5, 30], [-18, 17], [-17, 16], [-11, 8], [4, 29], [-19, 4], [-5, 4], [-5, 4], [-10, 9], [-6, 5], [-9, 8]], "stand_dev": [87.52654525238803, 88.18991396814955, 88.20185425127337, 88.54615342940197, 89.35179808241169, 92.07453073131026, 92.80839704896083, 93.35227398699544, 93.31300853887413, 93.63774000696084, 92.94515194925266, 92.84238178927808, 92.09241805628079, 90.94582056911719, 90.79197066220583, 90.26085761397792, 89.81858149917956, 88.5122432064244, 87.77386117358917, 87.31215134907687, 86.19981720054695, 84.0375426531549, 82.97782798222178, 81.37017828665518, 79.6535136210896, 76.32590122549999, 73.5966001437396, 70.49713838754575, 67.64909145236291, 62.87650074156192, 60.989484673532935, 59.50416819835671, 58.292960274065486, 56.18289656475756, 55.336640719313465, 54.450509552191846, 53.45197660266677, 51.11321029984699, 50.32004793103802, 50.135928087634284, 49.381075458370084, 46.216829666734164, 43.98215098404707, 42.50923175453716, 41.41579429929249, 39.54695399691626, 39.05237495280757, 38.812220214967525], "rmsdiffs": [9.914631284743448, 6.212784173366834, 5.940625921694264, 6.404947838000848, 6.367223590746946, 7.180573152704298, 6.212530527814991, 6.6611168650589025, 6.705466773174593, 8.282846317292622, 6.4696209015392165, 5.857212470436712, 5.629412815334559, 6.127161664899523, 5.247809654783556, 5.162934691337997, 5.4961779926160625, 6.619214625609824, 5.682912756645789, 6.009847590575135, 6.134498694321947, 7.071678839908159, 6.150659435367802, 6.043594701691328, 6.3249973678284865, 5.930803752161069, 6.53445673073775, 6.472870069086658, 6.731943479029405, 6.391771352232079, 6.125228047643882, 6.2400078604322875, 6.287993939120655, 6.712689346345791, 4.69703129449968, 4.899861646725308, 5.597961837996296, 6.34303831387612, 5.773541931209181, 5.274931735262214, 5.051033548872644, 6.3881727339508485, 5.6993673968467435, 5.2395246705953085, 4.842444641426661, 4.641388891537838, 4.5158665891259675, 4.97107050088758]}, "frame_states": [0, 0, 0, 0, 0, 0, 0, 0, 0, 0, 0, 0, 0, 0, 0, 0, 0, 0, 0, 0, 0, 0, 0, 0, 0, 0, 0, 0, 0, 0, 0, 0, 0, 0, 0, 0, 0, 0, 0, 0, 0, 0, 0, 0, 0, 0, 0, 0]}