{
    "brightness": [
        147, 
        147, 
        146, 
        146, 
        146, 
        146, 
        146, 
        145, 
        145
    ], 
    "horizontal_movement": [
        [
            0.0, 
            -0.4666666666666667, 
            -0.8095238095238095, 
            -0.14285714285714285, 
            0.0, 
            0.0, 
            0.0, 
            0.0
        ], 
        [
            0.0, 
            -1.0, 
            -1.0, 
            0.0, 
            0.0, 
            0.0, 
            0.0, 
            0.0
        ], 
        [
            -0.3076923076923077, 
            -1.0, 
            -1.0, 
            -0.9230769230769231, 
            -0.5714285714285714, 
            -0.21428571428571427, 
            -0.42857142857142855, 
            -0.2
        ], 
        [
            -0.034482758620689655, 
            -0.21739130434782608, 
            -1.0416666666666667, 
            -0.1111111111111111, 
            -0.037037037037037035, 
            0.0, 
            -0.13333333333333333, 
            0.0
        ], 
        [
            0.030303030303030304, 
            -0.3157894736842105, 
            -0.8421052631578947, 
            -0.2, 
            0.0, 
            0.0, 
            0.0, 
            0.0
        ], 
        [
            0.03333333333333333, 
            -0.3333333333333333, 
            -0.4230769230769231, 
            -0.14285714285714285, 
            -0.03571428571428571, 
            0.0, 
            0.10526315789473684, 
            0.0
        ], 
        [
            -0.1, 
            -0.45, 
            -0.9714285714285714, 
            -0.38461538461538464, 
            0.025, 
            0.0, 
            -0.2777777777777778, 
            -0.2
        ], 
        [
            -0.027777777777777776, 
            -0.4864864864864865, 
            -1.3214285714285714, 
            -0.43333333333333335, 
            -0.25, 
            -0.03225806451612903, 
            -0.08333333333333333, 
            0.0
        ], 
        [
            0.1111111111111111, 
            -0.02702702702702703, 
            -0.5945945945945946, 
            0.0, 
            0.02702702702702703, 
            -0.02631578947368421, 
            0.5625, 
            0.0
        ]
    ], 
    "mean_vector_length": [
        [
            0.0, 
            0.6, 
            0.9357276923748993, 
            0.5591733660532993, 
            0.08695652173913043, 
            0.0, 
            0.10714285714285714, 
            0.47368421052631576
        ], 
        [
            0.0, 
            1.2071067811865475, 
            1.0, 
            1.0, 
            0.0, 
            0.0, 
            0.0, 
            1.0
        ], 
        [
            0.3076923076923077, 
            1.4142135623730956, 
            1.2543950607204053, 
            1.0505272499609524, 
            0.743872397312364, 
            0.42857142857142855, 
            0.743872397312364, 
            0.6276142374915398
        ], 
        [
            0.13793103448275862, 
            0.27887885053796063, 
            1.1550562229890986, 
            0.8238015069303439, 
            0.07407407407407407, 
            0.0, 
            0.360947570824873, 
            0.45714285714285713
        ], 
        [
            0.030303030303030304, 
            0.7804435328813785, 
            0.9075074045852256, 
            1.1032247551122991, 
            0.034482758620689655, 
            0.0, 
            0.0, 
            0.8823529411764706
        ], 
        [
            0.23333333333333334, 
            0.8417748911614021, 
            0.7269036514081412, 
            0.865808595968546, 
            0.1933647700847534, 
            0.15625, 
            0.5172856381445363, 
            0.926829268292683
        ], 
        [
            0.6914213562373095, 
            0.6060660171779821, 
            1.2412199629564777, 
            1.056748806040934, 
            0.14571067811865474, 
            0.075, 
            0.8114375759663939, 
            0.3103553390593274
        ], 
        [
            0.6111111111111112, 
            0.7092605591113321, 
            1.6434049900665937, 
            1.2228446463532003, 
            0.65625, 
            0.29814969958449306, 
            0.7110206292602492, 
            0.7368421052631579
        ], 
        [
            0.2777777777777778, 
            0.7027027027027027, 
            1.0486213479249546, 
            0.918918918918919, 
            0.1891891891891892, 
            0.10526315789473684, 
            1.2840705543088649, 
            0.7903416401924132
        ]
    ], 
    "vertical_movement": [
        [
            0.0, 
            0.13333333333333333, 
            0.19047619047619047, 
            0.5, 
            0.08695652173913043, 
            0.0, 
            0.10714285714285714, 
            0.47368421052631576
        ], 
        [
            0.0, 
            0.5, 
            0.0, 
            1.0, 
            0.0, 
            0.0, 
            0.0, 
            1.0
        ], 
        [
            0.0, 
            1.0, 
            0.5384615384615384, 
            0.3076923076923077, 
            0.21428571428571427, 
            0.21428571428571427, 
            0.35714285714285715, 
            0.4666666666666667
        ], 
        [
            0.10344827586206896, 
            0.08695652173913043, 
            0.2916666666666667, 
            0.7777777777777778, 
            0.037037037037037035, 
            0.0, 
            0.26666666666666666, 
            0.45714285714285713
        ], 
        [
            0.0, 
            0.5263157894736842, 
            0.15789473684210525, 
            1.0, 
            0.034482758620689655, 
            0.0, 
            0.0, 
            0.8823529411764706
        ], 
        [
            0.13333333333333333, 
            0.7037037037037037, 
            0.46153846153846156, 
            0.7857142857142857, 
            0.17857142857142858, 
            0.15625, 
            0.47368421052631576, 
            0.926829268292683
        ], 
        [
            0.65, 
            0.2, 
            0.5142857142857142, 
            0.8461538461538461, 
            0.05, 
            0.075, 
            0.6111111111111112, 
            0.125
        ], 
        [
            0.5833333333333334, 
            0.2702702702702703, 
            0.32142857142857145, 
            0.9333333333333333, 
            0.28125, 
            0.1935483870967742, 
            0.4583333333333333, 
            0.7368421052631579
        ], 
        [
            0.16666666666666666, 
            0.6216216216216216, 
            0.6756756756756757, 
            0.918918918918919, 
            0.16216216216216217, 
            0.07894736842105263, 
            0.9375, 
            0.7297297297297297
        ]
    ]
}