{
    "frame_states": [
        0, 
        0, 
        0, 
        0, 
        0, 
        0, 
        0, 
        0
    ], 
    "phase1": {
        "rmsdiffs": [
            8.112893076202953, 
            6.522381151203128, 
            6.400105521354661, 
            5.926909628317283, 
            5.827495039580605, 
            6.593920839665456, 
            5.7768271813742675, 
            5.731849133411396
        ], 
        "shift_vectors": [
            [
                -49, 
                14
            ], 
            [
                7, 
                -4
            ], 
            [
                2, 
                -3
            ], 
            [
                7, 
                -2
            ], 
            [
                8, 
                -3
            ], 
            [
                13, 
                -2
            ], 
            [
                5, 
                0
            ], 
            [
                5, 
                0
            ]
        ], 
        "stand_dev": [
            57.6091319213656, 
            57.696042931351876, 
            57.580032637999004, 
            57.74995784942291, 
            57.83447372264026, 
            57.82437070808106, 
            57.850407897434856, 
            57.602276288005264
        ]
    }
}