{"phase1": {"shift_vectors": [[4, 3], [-1, 0], [-1, 0], [-1, 0], [-1, 0], [-1, 0], [-1, 0]], "stand_dev": [91.35535958827151, 91.21480914564462, 91.25566798903291, 91.12109990599885, 91.13740990251625, 91.1543514050637, 91.1525163547689], "rmsdiffs": [6.78540245570704, 5.130895318316161, 5.060283005247946, 5.793408344568298, 5.498374350731539, 6.073017206742663, 5.987111584858152]}, "frame_states": [1, 1, 1, 1, 1, 1, 1]}