{"phase1": {"shift_vectors": [[21, 0], [0, 1], [-9, -2], [0, -1], [0, 1], [0, -1], [6, -5], [4, -3], [1, 0], [1, 0], [5, -4], [1, 0], [-1, 0], [23, -6], [1, 0], [1, 0], [-1, 0], [1, 0], [1, 0], [1, 0], [1, 0], [1, 0], [1, 0], [-1, 0], [1, 0], [1, 0]], "stand_dev": [72.75960267156724, 72.83687821571563, 71.31382737135087, 71.133554070426, 70.79798264101255, 70.88282831270764, 70.29494057487388, 70.0575999103343, 68.7014430413231, 65.82310269222336, 64.06361819335079, 64.0733095101145, 63.9868874363506, 64.50688168730012, 65.23683275725321, 65.75742913949473, 65.76737529117476, 65.74638584098375, 69.81205594918205, 69.99858346914733, 70.38909121817564, 70.72083261815602, 70.72113586247508, 71.85050560534671, 72.09163280837113, 72.23919352316703], "rmsdiffs": [8.950401336155963, 4.521783587323144, 7.6851172758393576, 5.56909818829936, 5.861815125611892, 4.994438933916797, 6.7804876091930835, 6.9181285996160256, 7.2620629772431755, 7.648499147582621, 7.739897108793575, 3.8448834860161654, 4.017324679812305, 8.656952156888128, 7.991545099632764, 7.04452546815368, 4.241985908091214, 4.22208065408, 8.111931326033831, 5.645286309872266, 5.657127814880377, 5.380438415666034, 4.68583606646684, 5.99087399341764, 5.347207030037561, 4.981416081079707]}, "horizontal_movement": [[11.5, 0.84375, -0.4411764705882353, -0.7878787878787878, -4.142857142857143, -3.4193548387096775, -9.0, -11.36, -12.75, -0.05263157894736842, 0.05263157894736842, -16.454545454545453, -13.153846153846153, -4.5, 0.0, 0.0, -10.25, -1.0, -1.4615384615384615, -1.9230769230769231, 0.0, -2.857142857142857, -1.3571428571428572, -1.0, -2.142857142857143, -1.1428571428571428, -1.0], [4.2272727272727275, -0.6944444444444444, -0.35135135135135137, -0.2777777777777778, -1.56, 1.09375, -1.8823529411764706, -2.8857142857142857, -1.7272727272727273, 0.0, 0.027777777777777776, -17.666666666666668, -1.3529411764705883, 0.06451612903225806, 0.0, 0.0, -2.0, 0.7241379310344828, 0.25, -0.2222222222222222, 0.0, 0.6956521739130435, -0.37037037037037035, -0.4230769230769231, -0.9565217391304348, -1.0, -0.48], [-3.6, -3.5217391304347827, -1.8, -1.5833333333333333, -1.7777777777777777, 4.947368421052632, 3.8947368421052633, 7.444444444444445, 8.91304347826087, 0.0, 0.045454545454545456, 17.1875, 13.217391304347826, 5.15, 0.0, 0.0, 18.9375, 3.05, 2.3157894736842106, 1.45, 0.0, 6.266666666666667, 1.375, 1.375, 2.642857142857143, 0.6111111111111112, 1.4375], [7.521739130434782, -0.20454545454545456, -1.2045454545454546, -1.0, -2.789473684210526, -5.888888888888889, -10.476190476190476, -13.820512820512821, -16.86842105263158, 0.0, 0.046511627906976744, -10.5, -15.25925925925926, -6.487804878048781, 0.0, 0.024390243902439025, -20.1, -1.8421052631578947, -1.8333333333333333, -1.564102564102564, 0.0, -1.9565217391304348, -0.8157894736842105, -0.40476190476190477, -1.1714285714285715, -1.146341463414634, -1.3571428571428572], [2.9583333333333335, -0.5, -0.15555555555555556, 0.043478260869565216, -0.5, -1.0454545454545454, -2.6341463414634148, -3.4615384615384617, -3.1578947368421053, 0.0, 0.0, 0, -3.8666666666666667, -0.35135135135135137, 0.0, 0.0, -0.4, 0.8297872340425532, 0.2978723404255319, 0.3125, 0.0, 1.441860465116279, -0.0625, 0.1276595744680851, -0.19148936170212766, -1.0, -0.125], [3.5357142857142856, -0.8235294117647058, 0.7878787878787878, 0.75, 3.814814814814815, 6.321428571428571, 8.517241379310345, 12.129032258064516, 14.029411764705882, 0.024390243902439025, 0.0, 22.533333333333335, 32.733333333333334, 12.425, 0.0, 0.023255813953488372, 35.56, 3.5714285714285716, 2.727272727272727, 2.3255813953488373, 0.0, 4.685714285714286, 0.9333333333333333, 0.7906976744186046, 0.6136363636363636, -0.48936170212765956, 0.29545454545454547], [-9.6, -1.6, -1.575, -1.525, -3.1052631578947367, -8.15, -11.68421052631579, -16.0, -18.82051282051282, 0.0, -0.025, -62.5, -16.47826086956522, -7.222222222222222, 0.0, 0.025, -19.0, -2.257142857142857, -1.896551724137931, -1.78125, 0.0, -2.3636363636363638, -0.7222222222222222, -0.2564102564102564, -0.6176470588235294, -1.435897435897436, -1.5], [0.625, -0.28205128205128205, 0.48717948717948717, 0.65, 0.7058823529411765, -2.3448275862068964, -3.2941176470588234, -8.0, -6.703703703703703, 0.0, 0.0, 0, -1.7, 0.71875, 0.0, 0.0, -1.1666666666666667, 0.4473684210526316, 0.3055555555555556, 0.13513513513513514, 0.0, 0.8518518518518519, 0.05128205128205128, 0.125, -0.10256410256410256, -1.025, -0.65], [2.9, 5.181818181818182, 5.666666666666667, 4.3076923076923075, 14.411764705882353, 9.303030303030303, 10.625, 15.5, 16.90909090909091, 0.05128205128205128, 0.10256410256410256, 60.166666666666664, 28.64516129032258, 12.842105263157896, -0.02631578947368421, 0.02702702702702703, 34.04, 2.875, 2.4871794871794872, 1.5897435897435896, 0.02564102564102564, 2.051282051282051, 0.3333333333333333, 0.10256410256410256, -0.41025641025641024, -1.2820512820512822, -0.7435897435897436]], "frame_states": [0, 0, 0, 0, 0, 0, 0, 0, 0, 0, 0, 0, 0, 0, 0, 0, 0, 0, 0, 1, 1, 1, 1, 1, 1, 1], "brightness": [182, 182, 181, 181, 181, 182, 181, 184, 188, 190, 190, 190, 195, 197, 197, 197, 197, 194, 194, 194, 194, 194, 193, 193, 193, 192, 193, 193],