{
<<<<<<< HEAD
    "brightness": [
        122, 
        121, 
        120, 
        118, 
        116, 
        116, 
        114, 
        114, 
        113, 
        113, 
        112, 
        110, 
        108, 
        108, 
        107, 
        105, 
        105, 
        105
    ], 
    "horizontal_movement": [
        [
            1.4166666666666667, 
            3.0, 
            6.032258064516129, 
            3.0294117647058822, 
            1.3333333333333333, 
            2.0294117647058822, 
            5.368421052631579, 
            2.935483870967742, 
            1.8484848484848484, 
            1.25, 
            1.935483870967742, 
            -1.1875, 
            -0.96875, 
            -2.6, 
            -4.16, 
            -3.375, 
            -2.6875
        ], 
        [
            2.3333333333333335, 
            3.95, 
            7.108108108108108, 
            3.475, 
            1.075, 
            1.7, 
            4.675, 
            2.7, 
            1.7, 
            1.15, 
            3.025, 
            -0.1, 
            1.05, 
            0.5, 
            2.75, 
            0.675, 
            1.075
        ], 
        [
            2.125, 
            3.2916666666666665, 
            5.95, 
            2.652173913043478, 
            -0.2, 
            0.08333333333333333, 
            0.6470588235294118, 
            0.28, 
            -0.9655172413793104, 
            -0.9642857142857143, 
            -2.4615384615384617, 
            -1.6, 
            -0.8823529411764706, 
            -1.2972972972972974, 
            -0.5428571428571428, 
            -1.1388888888888888, 
            -1.027027027027027
        ], 
        [
            1.8958333333333333, 
            2.9166666666666665, 
            5.325, 
            2.1136363636363638, 
            0.3125, 
            0.6744186046511628, 
            2.6136363636363638, 
            1.4042553191489362, 
            0.43478260869565216, 
            -0.23404255319148937, 
            0.6, 
            -0.6341463414634146, 
            0.11363636363636363, 
            -0.7804878048780488, 
            -0.17142857142857143, 
            -1.173913043478261, 
            -0.3111111111111111
        ], 
        [
            2.375, 
            3.4583333333333335, 
            6.586956521739131, 
            2.7083333333333335, 
            0.6458333333333334, 
            0.8125, 
            2.723404255319149, 
            1.1041666666666667, 
            0.16666666666666666, 
            0.4444444444444444, 
            1.391304347826087, 
            -0.2916666666666667, 
            0.9130434782608695, 
            0.5319148936170213, 
            2.9130434782608696, 
            1.0425531914893618, 
            1.7234042553191489
        ], 
        [
            0.875, 
            2.466666666666667, 
            4.333333333333333, 
            -0.045454545454545456, 
            -2.5185185185185186, 
            -3.1538461538461537, 
            -6.176470588235294, 
            -3.4814814814814814, 
            -4.535714285714286, 
            -6.041666666666667, 
            -11.904761904761905, 
            -7.32, 
            -4.393939393939394, 
            -4.21875, 
            -7.379310344827586, 
            -3.2580645161290325, 
            -3.125
        ], 
        [
            1.7435897435897436, 
            2.75, 
            4.314285714285714, 
            1.6842105263157894, 
            0.07692307692307693, 
            0.2, 
            1.1764705882352942, 
            0.42105263157894735, 
            -0.2894736842105263, 
            -1.1538461538461537, 
            -1.8055555555555556, 
            -1.6923076923076923, 
            -0.3333333333333333, 
            -1.0263157894736843, 
            -1.7741935483870968, 
            -0.8888888888888888, 
            0.02702702702702703
        ], 
        [
            1.85, 
            2.775, 
            4.555555555555555, 
            1.3846153846153846, 
            -0.3, 
            -0.16216216216216217, 
            0.48484848484848486, 
            0.14705882352941177, 
            -0.75, 
            -0.6060606060606061, 
            0.6666666666666666, 
            -0.8, 
            0.4166666666666667, 
            -0.4, 
            2.4, 
            1.15625, 
            1.78125
        ], 
        [
            0.5945945945945946, 
            1.2424242424242424, 
            0.5, 
            -1.5161290322580645, 
            -4.090909090909091, 
            -4.121212121212121, 
            -8.685714285714285, 
            -5.944444444444445, 
            -7.805555555555555, 
            -10.25, 
            -23.583333333333332, 
            -10.0, 
            -7.945945945945946, 
            -8.0, 
            -10.837837837837839, 
            -5.027027027027027, 
            -3.1621621621621623
        ]
    ],