{
    "frame_states": [
        0, 
        1, 
        1, 
        1, 
        1, 
        1, 
        1, 
        1, 
        1, 
        1, 
        1, 
        1, 
        1, 
        1, 
        1, 
        1, 
        1, 
        1, 
        1, 
        1, 
        1, 
        1, 
        1, 
        1, 
        1, 
        1, 
        1, 
        1, 
        1, 
        1, 
        1, 
        1, 
        1, 
        0, 
        0, 
        0, 
        0, 
        0, 
        0, 
        0, 
        0, 
        0, 
        0
    ], 
    "phase1": {
        "rmsdiffs": [
            10.063379613426537, 
            6.076649592055144, 
            6.944154923542255, 
            5.922880020546148, 
            6.056461792033245, 
            6.159989829541293, 
            6.742390753472327, 
            6.119993189586427, 
            5.931578957924982, 
            6.512275235493916, 
            6.631412065170642, 
            5.390909763480968, 
            6.201139443435854, 
            6.160369128581707, 
            6.309475442325961, 
            6.0170261381524, 
            6.202280179874528, 
            6.370805871248886, 
            7.21929819223823, 
            6.224973266460612, 
            6.670399971896802, 
            6.477010493108579, 
            7.134086941407946, 
            5.977640843502031, 
            6.105280189207691, 
            6.107033161487205, 
            6.324590249160219, 
            6.02640540978634, 
            6.415136211701736, 
            6.216530681842181, 
            7.011012771881753, 
            6.063202769289702, 
            6.302065554064595, 
            5.899605970044031, 
            6.7439106640137165, 
            6.1069295352214255, 
            6.664288887841187, 
            6.078902075771971, 
            7.1518923009187585, 
            6.842037992295019, 
            6.3965972745603885, 
            6.314576827065985, 
            7.494196375301011
        ], 
        "shift_vectors": [
            [
                -12, 
                -13
            ], 
            [
                0, 
                -1
            ], 
            [
                -1, 
                0
            ], 
            [
                1, 
                0
            ], 
            [
                1, 
                0
            ], 
            [
                1, 
                0
            ], 
            [
                1, 
                0
            ], 
            [
                1, 
                0
            ], 
            [
                1, 
                0
            ], 
            [
                1, 
                0
            ], 
            [
                1, 
                0
            ], 
            [
                0, 
                1
            ], 
            [
                0, 
                1
            ], 
            [
                -1, 
                0
            ], 
            [
                -2, 
                1
            ], 
            [
                -1, 
                0
            ], 
            [
                1, 
                0
            ], 
            [
                1, 
                0
            ], 
            [
                1, 
                0
            ], 
            [
                -3, 
                0
            ], 
            [
                1, 
                0
            ], 
            [
                1, 
                0
            ], 
            [
                1, 
                0
            ], 
            [
                -1, 
                0
            ], 
            [
                -3, 
                0
            ], 
            [
                -2, 
                -1
            ], 
            [
                -5, 
                0
            ], 
            [
                -1, 
                0
            ], 
            [
                -3, 
                0
            ], 
            [
                -5, 
                0
            ], 
            [
                -5, 
                0
            ], 
            [
                -5, 
                0
            ], 
            [
                -2, 
                -1
            ], 
            [
                -3, 
                0
            ], 
            [
                -9, 
                0
            ], 
            [
                -3, 
                0
            ], 
            [
                -3, 
                0
            ], 
            [
                -6, 
                1
            ], 
            [
                -14, 
                1
            ], 
            [
                -9, 
                0
            ], 
            [
                -5, 
                0
            ], 
            [
                -8, 
                1
            ], 
            [
                -17, 
                0
            ]
        ], 
        "stand_dev": [
            82.06782777102853, 
            82.10854279441705, 
            80.00149640432913, 
            79.03501276176195, 
            79.24319202046901, 
            80.64931769511294, 
            81.31287144628725, 
            80.19448263449219, 
            80.38284629755947, 
            79.71219494099067, 
            78.29008427355907, 
            77.78691801920755, 
            79.54947665061435, 
            80.94442595445739, 
            80.01286861815699, 
            80.0780165913818, 
            79.4890542507782, 
            78.68554219627757, 
            78.48152325527202, 
            79.46255321379218, 
            80.1147557498608, 
            79.93908872069638, 
            79.74446161434369, 
            80.5002956313276, 
            80.44596108271789, 
            79.81517465334557, 
            78.60751561315756, 
            78.79747691596229, 
            78.67722405401922, 
            78.42175692869243, 
            79.09782714139412, 
            79.4366993813784, 
            79.84453546064479, 
            79.4575398637477, 
            77.22835751454446, 
            77.93751908661721, 
            78.25123269730314, 
            78.2778636000513, 
            77.30217257187668, 
            76.99987133036154, 
            76.54145998832148, 
            75.15770190330886, 
            74.68305171474184
        ]
    }
}