{
    "frame_states": [
        0, 
        0, 
        0, 
        0, 
        0, 
        0, 
        0, 
        0, 
        0, 
        0, 
        0, 
        1, 
        1, 
        1, 
        1, 
        1, 
        1, 
        1, 
        1, 
        1, 
        1, 
        1, 
        1, 
        1, 
        1, 
        1, 
        1, 
        1, 
        1, 
        1, 
        1, 
        1, 
        1, 
        1, 
        1
    ], 
    "phase1": {
        "rmsdiffs": [
            8.080112752130422, 
            5.83620802555433, 
            5.693220411214504, 
            5.896448922354156, 
            5.548929538458625, 
            5.201942192437887, 
            5.398435472140185, 
            5.651008237949488, 
            4.935098251173866, 
            5.572386476639577, 
            5.013882657281793, 
            5.5924374345848635, 
            5.067025115673455, 
            4.718334494650427, 
            4.7485567822780865, 
            5.572738645635454, 
            4.587990473122638, 
            4.915606677777103, 
            4.817482056853963, 
            5.667326507586249, 
            4.893907031223173, 
            5.222646737981411, 
            5.014813736073528, 
            5.717101336238419, 
            5.494341551101458, 
            5.352450262715776, 
            5.377803887079494, 
            5.761728385915703, 
            5.360292399452342, 
            5.472072553770013, 
            5.486600233737451, 
            6.041127855232108, 
            5.591066282860389, 
            5.785046439071022, 
            5.332352345869831
        ], 
        "shift_vectors": [
            [
                47, 
                -16
            ], 
            [
                -1, 
                0
            ], 
            [
                -1, 
                0
            ], 
            [
                -1, 
                0
            ], 
            [
                -1, 
                0
            ], 
            [
                -1, 
                0
            ], 
            [
                -1, 
                0
            ], 
            [
                -1, 
                0
            ], 
            [
                -1, 
                0
            ], 
            [
                -1, 
                0
            ], 
            [
                -1, 
                0
            ], 
            [
                -1, 
                0
            ], 
            [
                -1, 
                0
            ], 
            [
                -1, 
                0
            ], 
            [
                -1, 
                0
            ], 
            [
                -3, 
                0
            ], 
            [
                -1, 
                0
            ], 
            [
                -1, 
                0
            ], 
            [
                -1, 
                0
            ], 
            [
                -3, 
                0
            ], 
            [
                -1, 
                0
            ], 
            [
                -1, 
                0
            ], 
            [
                -1, 
                0
            ], 
            [
                -3, 
                0
            ], 
            [
                -1, 
                0
            ], 
            [
                -2, 
                1
            ], 
            [
                -1, 
                0
            ], 
            [
                -2, 
                1
            ], 
            [
                -2, 
                1
            ], 
            [
                -2, 
                1
            ], 
            [
                -1, 
                0
            ], 
            [
                -4, 
                3
            ], 
            [
                -2, 
                1
            ], 
            [
                -1, 
                0
            ], 
            [
                -2, 
                1
            ]
        ], 
        "stand_dev": [
            94.912507678413, 
            94.88801065449884, 
            94.83071949579916, 
            94.93344820708806, 
            94.89472842453347, 
            94.8927807577, 
            94.88951319337102, 
            94.9168734055399, 
            94.80035798670852, 
            94.82277353984755, 
            94.63219288321157, 
            94.55726526578255, 
            94.71226147430495, 
            94.62077434936197, 
            94.5318725488558, 
            94.27333051683529, 
            94.11585138819997, 
            93.87442754436988, 
            93.6673430833727, 
            93.32967249105505, 
            93.14577163538642, 
            93.18790809192495, 
            93.1333675136133, 
            92.93996567230309, 
            92.73829496374412, 
            92.69328138059034, 
            92.57316568925746, 
            92.46593123086795, 
            92.32567423639368, 
            92.35537958778077, 
            92.2120805700538, 
            92.0451406797745, 
            92.01571419778384, 
            92.00545194389592, 
            91.90221652985291
        ]
    }
}