{"phase1": {"shift_vectors": [[-16, -29], [1, 0], [-1, 0], [-1, 0], [-1, 0], [1, 0], [-1, 0], [-1, 0], [-1, 0], [-1, 0], [-1, 0], [1, 0], [0, 7], [-1, 0], [-1, 0], [-1, 0], [-3, -2], [-1, 0], [-1, 0], [-1, 0], [1, 0], [-16, -3], [-28, -29], [-27, -8], [-34, -11], [-1, 0], [1, 0], [-1, 0], [-43, 18], [-15, 0], [-15, 0], [-13, 0], [1, 0], [-1, 0], [2, -1], [-1, 0], [-2, -1], [-1, 0], [1, 0], [-3, -2], [-1, 0], [1, 0], [-1, 0], [-1, 0], [1, 0], [1, 0], [1, 0], [-1, 0], [-1, 0]], "stand_dev": [60.05536606634531, 59.74391470904463, 59.759797807427724, 59.73058075113371, 59.68214487075728, 59.54228276606193, 59.51422879055368, 59.555795565243955, 59.22777793115955, 58.997406872480575, 59.016138664225245, 58.33696733902667, 58.96098264852089, 58.4677018902384, 57.99923757776596, 57.95428966559667, 58.021710936969974, 57.98528465612951, 58.03223400522526, 58.04672478159334, 52.65672130083336, 48.788842824774676, 51.24551941457782, 55.02214888348646, 60.159717346805714, 60.175486922966826, 60.163248387199374, 60.22916531500058, 74.457892684215, 76.5438289150456, 78.05753507965036, 78.78904533480255, 78.75877029744156, 78.77899928752738, 87.75083020351421, 88.17636858492794, 88.9815868549719, 88.9981252607187, 88.99806773246371, 89.6832269883178, 89.76050555634457, 89.81712548135445, 89.84932384543453, 89.9116528905835, 89.81008556124887, 89.95995085761727, 89.85406574788588, 89.86503322185905, 90.40811327953506], "rmsdiffs": [10.18226420488384, 6.881631102824952, 7.068646131263118, 7.287661579847283, 7.458406953880215, 7.850699957828985, 6.875392529221992, 7.317837043957232, 6.333528262107431, 6.656079882994079, 6.748219237400454, 7.832210876416612, 8.02651579058709, 7.540409886434148, 6.922517495718265, 7.215157553511647, 8.638581157388863, 7.909263072995537, 7.889342379348081, 8.075938273349877, 9.374446949432292, 9.978509731804408, 9.91588664565666, 9.853950015030001, 10.075730296240646, 5.580972375107472, 5.536778518450215, 5.644862389490013, 10.06331791367541, 8.983204822828482, 8.808806704404153, 8.61924852601938, 5.041142673787923, 5.0492070924270145, 8.904284326791355, 7.653577995249595, 8.020052518046562, 5.79863328503065, 5.785486385885449, 7.880557424589934, 6.6303601885735315, 6.530580925125573, 6.471973203078542, 6.518755960547218, 6.675287852866186, 6.560940800191711, 6.578444696131911, 6.569601805577435, 7.17395481703912]}, "frame_states": [0, 0, 0, 0, 0, 0, 0, 0, 0, 0, 0, 0, 0, 0, 0, 0, 0, 0, 0, 0, 0, 0, 0, 0, 0, 0, 0, 0, 0, 0, 0, 0, 0, 0, 0, 0, 0, 0, 0, 0, 1, 1, 1, 1, 1, 1, 1, 1, 1]}