{"phase1": {"shift_vectors": [[-2, -1], [7, -2], [-1, 0], [-1, 0], [-1, 0], [-1, 0], [-3, -2], [-3, -2], [0, 1], [5, 2], [9, 2], [-3, -2], [-3, -2], [8, -5], [23, -8], [7, 0], [-1, 0], [-2, 1], [-2, -1], [-5, -2], [13, 0], [19, 4], [29, 0], [-32, 15], [-8, -7], [-6, -5], [4, -21], [0, -3], [5, -6], [15, 0], [25, 14], [8, 5], [-2, 1], [-8, 1], [-11, 2], [1, 2], [8, -3], [13, 2], [38, 9], [20, 1], [15, 0], [13, 0], [16, -1], [4, 1], [8, -3], [7, 0], [8, 3], [3, 2], [-4, -1], [-9, -2], [-15, -4], [0, 1], [-5, 4], [-8, 7], [-23, 14], [0, -1], [0, -1], [0, -1], [2, -3], [3, 0], [2, -3], [1, -4], [0, -13], [4, -3], [5, 0], [5, 2], [7, 6], [3, 2], [3, 0], [3, 0], [9, -8], [3, -6], [3, -6], [3, -6], [4, -5], [3, 0], [2, 1], [3, 2], [-1, 0], [-1, 0], [0, 1], [0, 1], [0, 1], [-9, -6], [-4, -1], [-3, 0], [-3, 0], [-4, -1], [-3, 2], [-3, 2], [-3, 0], [-1, -2], [0, -1], [0, -1], [2, 1]], "stand_dev": [57.59639531830766, 56.889968007839585, 55.41910114831238, 54.287820577785055, 53.341994097187026, 53.056243918862855, 52.648630687586305, 52.66733592762747, 53.107940769978704, 53.295761720857215, 52.851484435540634, 52.07013451161795, 51.236386985076344, 50.302969533746804, 49.00868554855027, 48.83828131193853, 48.73174329320144, 49.18867342192342, 49.08261172860388, 48.5000911002314, 47.613450301331866, 47.41797928598444, 44.81692467647818, 44.4435082228154, 45.11444522690361, 45.51237000246222, 44.02395815065945, 43.58176060587196, 43.14998947537974, 42.4362199599326, 42.62229312208683, 42.308261476211705, 41.90720470101938, 41.734130408233476, 41.34331065952402, 41.23518264222043, 40.6498623861597, 40.37155868008714, 43.119242970665766, 43.17186009017822, 43.19231013758849, 43.14668909446404, 42.280133792489, 41.71390040129711, 41.31995698049879, 42.23974070985085, 42.64629924932466, 42.70263889000218, 42.66088644727543, 42.8164088187957, 43.225361852819034, 43.293274013817616, 42.34217877647868, 42.0250674050706, 41.29387517489671, 41.926387299561654, 42.46036549513134, 42.78362432267467, 42.7728335547752, 42.87058744548364, 43.336845005632796, 43.84654008454801, 45.29059694166272, 46.73552228119662, 47.70220795539066, 48.305565573594045, 47.87685227995105, 47.47805325438149, 47.32864845652875, 47.512677783421594, 48.12994772686899, 47.993705418138006, 47.740906321824426, 47.51978385163044, 47.16252755389347, 47.002333329721054, 47.319648087563785, 47.887421100493306, 49.38458262933792, 50.28741547916438, 51.46589711894091, 52.59916351586577, 52.17432671245638, 49.21101204604686, 49.17382015476771, 49.19091119588577, 49.037621559710466, 48.3794609585741, 47.803480846340044, 47.37464736311507, 46.375748344891996, 47.51541067722755, 48.68376465330757, 48.51709639593435, 47.69994936458672], "rmsdiffs": [10.236315425557155, 6.492846155361294, 8.530908750164555, 7.647779290883903, 7.717571865098358, 7.806811169957063, 8.65245305764927, 7.54440996913923, 7.540754810548701, 7.107592299589863, 8.066361855991712, 7.355174054577259, 7.403248998586431, 7.124286316391111, 8.12517383160036, 7.232263445457245, 7.862808727485916, 8.032885154886568, 9.117870620724114, 8.168202169344049, 7.712040683536289, 7.654498590794387, 8.519849420715365, 8.764625730037936, 8.391378539947752, 8.612233433506104, 8.986829661426757, 8.03976842953578, 7.899554874411851, 7.57601977000823, 8.507088128615315, 6.796765063800671, 6.1947235142859505, 6.198102823848558, 8.121957660095312, 7.436747434474162, 7.370475901123454, 7.230215731967998, 8.473392670974413, 6.904559042670741, 6.114110092419192, 5.912828498025895, 7.985108016757375, 7.274281023955547, 7.551067732795032, 7.241433112264186, 7.560899612951637, 6.449544236393412, 5.903273712811558, 5.157213729052831, 6.686035758003644, 6.780593583045669, 7.685597349439542, 8.059762445734963, 9.19124357273572, 7.807766114527531, 7.784394430999859, 7.423309740739894, 8.137311321961398, 6.67273598659756, 7.141393078093656, 7.442542476785267, 8.738734256452656, 7.461367478613888, 7.085524595444639, 6.84301346177428, 7.730597401384347, 6.144458814045596, 6.063016509616602, 6.153672294988683, 7.189557539226909, 6.228802846817552, 6.543694054897167, 6.5946440603195935, 8.06590522984853, 6.143717107650004, 5.308362642817487, 5.028918415969158, 7.539880637966132, 7.025100005104904, 7.707252207804512, 7.828317552980743, 7.793873198604988, 7.914304203042248, 6.700807797811957, 6.253859091167797, 5.837909918838928, 6.980694383572323, 5.940897306554807, 6.134834651889863, 7.615289824223686, 6.852142284849148, 6.629562994752577, 6.815895278470409, 6.8963136523381205]}, "frame_states": [1, 1, 1, 0, 0, 0, 0, 0, 0, 0, 0, 0, 0, 0, 0, 0, 0, 0, 0, 0, 0, 0, 0, 0, 0, 0, 0, 0, 0, 0, 0, 0, 0, 0, 0, 0, 0, 0, 0, 0, 0, 0, 0, 0, 0, 0, 0, 0, 0, 0, 0, 0, 0, 0, 0, 0, 0, 0, 0, 0, 0, 0, 0, 0, 0, 0, 0, 0, 0, 0, 0, 0, 0, 0, 0, 0, 0, 0, 0, 1, 1, 1, 1, 1, 1, 1, 1, 1, 1, 1, 1, 1, 1, 1, 1]}