{
    "frame_states": [
        0, 
        0, 
        0, 
        0, 
        0, 
        0, 
        0, 
        0, 
        0, 
        0, 
        1, 
        1, 
        1, 
        1, 
        1, 
        1, 
        1, 
        1, 
        1, 
        1, 
        1, 
        1, 
        1, 
        0, 
        0, 
        0, 
        0, 
        0, 
        0, 
        0, 
        0, 
        0, 
        0, 
        0, 
        0, 
        0, 
        0, 
        0, 
        0, 
        0, 
        0, 
        0, 
        0, 
        0, 
        0, 
        0, 
        0, 
        0, 
        0, 
        0, 
        0, 
        0, 
        0, 
        0, 
        0, 
        0, 
        0, 
        0, 
        0, 
        0, 
        0, 
        0, 
        0, 
        0, 
        0, 
        0, 
        0
    ], 
    "phase1": {
        "rmsdiffs": [
            10.123030137084445, 
            5.262524609183914, 
            6.004800838421668, 
            5.304943323004439, 
            5.2915921669452475, 
            5.341188138611726, 
            5.385486075349143, 
            6.383819176537986, 
            5.238361170413449, 
            5.256820262920118, 
            5.262879061700336, 
            5.434651535770212, 
            5.0514299835938985, 
            5.239726515698259, 
            5.473589392538968, 
            5.990665375374828, 
            5.133989332038484, 
            5.1784131199928956, 
            5.289005847525187, 
            6.675201546461217, 
            5.676750457841428, 
            5.625769517525121, 
            5.458655322267288, 
            6.390197185226405, 
            5.642676056576741, 
            5.446901492777545, 
            5.779048027575581, 
            7.159776343544544, 
            6.73057606062044, 
            6.770372252617235, 
            6.899136422589073, 
            7.444156881349234, 
            6.49675959054383, 
            6.347189971033919, 
            6.254130644513767, 
            7.619787569884402, 
            6.415191523386794, 
            6.460292143407892, 
            6.513648807543991, 
            7.178115798353716, 
            6.702287141709554, 
            6.383543644459779, 
            6.454413077242571, 
            7.225985670259327, 
            5.988061621174152, 
            5.805210086510869, 
            6.394548288884272, 
            6.974504530810227, 
            5.222703755891997, 
            5.0262203445014455, 
            5.527952138034274, 
            6.785902557161529, 
            6.324661816867202, 
            6.010304091348154, 
            5.552809546054015, 
            6.8579935203477715, 
            5.303801510003588, 
            5.38063705337117, 
            5.29114292262238, 
            7.756274814301958, 
            7.2711807931193135, 
            6.773747185924359, 
            6.6618159358802735, 
            8.121991100630572, 
            7.2433179706923605, 
            6.816080382766694, 
            7.203188664378826
        ], 
        "shift_vectors": [
            [
                31, 
                18
            ], 
            [
                2, 
                -1
            ], 
            [
                3, 
                -2
            ], 
            [
                2, 
                -1
            ], 
            [
                1, 
                0
            ], 
            [
                1, 
                0
            ], 
            [
                1, 
                0
            ], 
            [
                1, 
                0
            ], 
            [
                1, 
                0
            ], 
            [
                1, 
                0
            ], 
            [
                1, 
                0
            ], 
            [
                1, 
                0
            ], 
            [
                1, 
                0
            ], 
            [
                1, 
                0
            ], 
            [
                1, 
                0
            ], 
            [
                -1, 
                0
            ], 
            [
                -1, 
                0
            ], 
            [
                -1, 
                0
            ], 
            [
                -1, 
                0
            ], 
            [
                -6, 
                1
            ], 
            [
                -2, 
                1
            ], 
            [
                -2, 
                1
            ], 
            [
                -1, 
                0
            ], 
            [
                1, 
                0
            ], 
            [
                1, 
                0
            ], 
            [
                1, 
                0
            ], 
            [
                1, 
                0
            ], 
            [
                2, 
                1
            ], 
            [
                3, 
                0
            ], 
            [
                5, 
                -2
            ], 
            [
                11, 
                0
            ], 
            [
                21, 
                4
            ], 
            [
                11, 
                -2
            ], 
            [
                11, 
                -4
            ], 
            [
                12, 
                -3
            ], 
            [
                30, 
                -1
            ], 
            [
                9, 
                -6
            ], 
            [
                5, 
                -10
            ], 
            [
                8, 
                -5
            ], 
            [
                14, 
                -7
            ], 
            [
                1, 
                0
            ], 
            [
                -3, 
                -2
            ], 
            [
                6, 
                -5
            ], 
            [
                11, 
                -6
            ], 
            [
                -9, 
                -12
            ], 
            [
                -1, 
                -8
            ], 
            [
                12, 
                3
            ], 
            [
                13, 
                0
            ], 
            [
                -5, 
                -4
            ], 
            [
                -5, 
                -2
            ], 
            [
                -3, 
                0
            ], 
            [
                1, 
                6
            ], 
            [
                -1, 
                8
            ], 
            [
                -12, 
                5
            ], 
            [
                -15, 
                2
            ], 
            [
                -30, 
                3
            ], 
            [
                -16, 
                3
            ], 
            [
                -18, 
                3
            ], 
            [
                -18, 
                1
            ], 
            [
                -43, 
                -10
            ], 
            [
                -20, 
                -15
            ], 
            [
                -17, 
                -16
            ], 
            [
                -13, 
                -12
            ], 
            [
                -31, 
                -8
            ], 
            [
                -22, 
                9
            ], 
            [
                -29, 
                12
            ], 
            [
                -35, 
                8
            ]
        ],