{"phase1": {"shift_vectors": [[-31, 12], [0, 1], [0, 1], [0, 1], [0, 1], [0, -3], [0, 1], [-3, -4], [-1, -6], [-1, -2], [-2, -3], [-1, 2], [-1, 2], [-1, -2], [-2, -3], [-2, -3], [-5, -6], [-2, -3], [-2, -3], [-2, -3], [-2, -3], [0, -1], [0, -1], [0, -1], [0, 1], [0, 1], [0, 1], [0, 1], [0, 1], [0, 1], [0, 1], [1, 2], [4, 5], [0, -1], [-2, -3], [-2, -3], [-2, 3], [-1, 2], [-1, 2], [-2, 3], [-2, 5], [-1, 6], [-3, 4], [-2, 5], [-4, 11], [-3, 4], [-1, 4], [-2, 3], [-1, -2], [0, -1], [-1, 2], [0, -1], [0, -1], [0, 1], [0, 1], [-1, 0], [-1, 0], [-1, 0], [-1, 0], [1, 0], [-1, 0], [0, 1], [0, -1], [0, -1], [0, -1], [0, -1], [0, -1], [0, -1], [0, 1], [0, -1], [0, -1], [0, -1], [0, -1], [0, -1], [0, -1], [0, -1], [0, -1], [0, -1], [0, -1], [1, -2], [2, -3], [0, -1], [0, -1], [0, -1], [2, 3], [0, 1], [0, 1], [0, 1], [0, 1], [0, -1], [0, -1], [0, -1], [0, -1], [0, -1], [0, -1], [0, -1], [0, -1], [0, -1], [0, -1], [0, -1], [0, -1], [0, 1], [0, 1], [0, 1], [0, 1], [0, -1], [0, 1], [0, -1], [-1, -2], [0, -1], [0, 1], [0, 1], [-2, -3], [0, 1], [-2, -3], [-1, -2], [-1, 2], [0, 1], [0, 1], [0, 1], [-1, 2], [0, -1], [0, -1], [0, -1], [0, -1], [0, -1], [0, -1], [0, -1], [-1, 0], [0, -1], [0, -1], [0, 1], [0, 1], [1, 0], [1, 0], [0, 1], [-1, 0], [0, 1], [0, 1], [0, -1], [1, 2], [0, -1], [0, -1], [0, -1], [0, -1], [0, -1], [0, -1], [0, -1], [0, -1], [0, -1], [0, -1], [3, -4], [5, 0], [-3, 0], [-4, -1], [-1, 0], [1, -2], [-1, -2], [-2, -3], [-3, 4], [-3, 4], [0, 1], [3, -2], [2, -1], [-7, 0], [-3, 0], [0, 1], [0, 1], [-1, 2], [-1, 2], [-3, 0], [-3, 0], [-8, -3], [-4, -5], [-4, -5], [-4, -5], [-8, -9], [-4, -5], [-6, -7], [-6, -7], [-15, -6], [-12, -5], [-8, -9], [-4, -5], [-12, -5], [-3, 4], [-4, 5], [-5, -6], [-4, -5], [-3, -4], [0, -3], [1, -4], [11, -12], [6, -7], [8, -9], [11, 2], [16, 3], [11, -2], [18, -3], [18, -3], [15, -4], [22, -7], [6, -7], [2, -5], [0, -5], [8, -9], [8, 9], [4, 5], [2, 3], [-4, 5], [-2, 3], [-1, 2], [-1, 2], [0, 7], [0, 5], [-2, 3], [-2, 3], [-16, 1], [-2, 3], [0, 1], [2, 3], [7, 2], [4, 5], [4, 5], [4, 7], [4, 17], [0, 7], [-1, 6], [-1, 6], [-4, 11], [-2, 5], [-2, 5], [-2, 5], [-6, 5], [-1, -2], [-1, -2], [-1, -2], [-8, 5], [-3, 2], [0, 3], [2, 3], [9, 4], [-1, 0], [0, -1], [0, -1], [0, -5], [1, -2], [0, -1], [0, 1], [0, -3], [0, -1], [0, -1], [0, -1], [2, -3], [2, -3], [3, -4], [5, 0], [8, -3], [0, 1], [-3, -2], [-4, -3], [-30, -7], [-24, -7], [-21, -8], [-14, -3], [-27, -2], [-15, -2], [-11, -2]], "stand_dev": [70.28063808285549, 68.45552997465697, 67.62737007472425, 67.83467087519705, 69.3068749335096, 69.51975410215006, 69.0408984005162, 68.64862983569874, 67.2693801779006, 66.96267562889896, 66.05229008563745, 64.69451367371381, 65.29538705454789, 65.13027522813051, 64.7866760046195, 64.67277843603203, 64.83837783772557, 64.56428494472132, 64.25808316880581, 64.34444434666679, 64.9253111828593, 64.24130750989076, 64.73002201144638, 65.46461584773407, 66.00031687641346, 66.00148849562218, 65.19984834733418, 64.16029788914857, 63.666016111628224, 63.59450395870666, 63.9567702767158, 64.55321664911591, 65.57365929726002, 65.43133265540317, 65.2599924878478, 64.68241163393856, 64.13994242922352, 65.288177082123, 65.87486736920732, 67.38111927820712, 67.27446724773928, 65.3417728878636, 64.63779735763245, 64.5309394788948, 66.4235301568363, 67.89765509715596, 68.4809174322217, 69.07522993236623, 71.59957140013296, 72.6091550347068, 73.08006841713433, 72.7778815572331, 70.79556580838486, 70.65188910473954, 70.3601556236463, 69.79351158638039, 71.15597621017028, 72.85885506806076, 73.43298958087799, 73.06716560692477, 72.53816304262035, 71.83004376953203, 71.8489697367968, 71.99389496621214, 71.87021710358367, 71.83826068869891, 71.87256506594272, 71.92611997680466, 72.18294764632725, 72.34989250111414, 72.44396453778447, 72.54928302298707, 72.55332292101974, 72.72000265790771, 72.73431090593193, 72.86909585639431, 74.25153429678173, 74.76409250320744, 75.07328579122431, 75.94661729759399, 76.5120814352033, 76.220208667134, 75.88951672469094, 75.63264820725377, 76.49472673094859, 76.31375312493574, 76.07788799218416, 76.50163185514566, 75.60530493903853, 75.32406152893601, 74.94468316956525, 75.07481621714847, 75.0531596742945, 75.04808465596098, 74.92654784550423, 75.30477072201926, 75.28180946910688, 75.38972153529647, 75.8032958779214, 76.1615544154447, 75.06369484329124, 75.1714042147571, 75.33256965240865, 75.45154584508086, 75.21892394403366, 75.41635581738272, 75.16310384352316, 74.1656868042614, 73.31206964585942, 73.19514549292151, 73.52941488833237, 73.45905073542565, 73.25968974100707, 71.64889343510153, 68.801278846901, 67.15951945352246, 68.04772356810507, 71.86231596826018, 74.20762527619372, 74.2880613655689, 74.38876563554899, 74.4569263398488, 74.41852649781242, 74.05848253621613, 73.87829843288246, 74.25691283253859, 75.0454221581876, 75.70019732211972, 75.08413838154598, 74.27800332256203, 73.84742464060544, 73.9207325380075, 75.19033312919508, 75.81763643076532, 75.97964402502149, 75.44444864231716, 74.55459487216092, 73.57666374498918, 73.19229964844092, 72.50422354434411, 71.63303599747994, 71.11401460555798, 70.71404468372187, 70.48850950602574, 70.76004228859496, 71.61137284011754, 72.3822315624099, 74.48991517770054, 75.6538438366028, 75.81304924373201, 76.18494336314669, 76.96319622281074, 76.84281217110077, 77.29125897640552, 77.41799325195537, 77.46003676390669, 76.41995525190474, 76.31489975543505, 76.28238102050499, 76.8148615679821, 77.06533119268033, 76.96897331669419, 76.77715651468162, 76.19312046502253, 75.63661199360392, 75.7203379896143, 75.3675135916136, 74.76949731251685, 74.40609976836669, 74.37928097603573, 74.36289603377843, 74.19403027426252, 73.76698944899076, 73.23006415645747, 72.49312224303867, 72.0346973660401, 71.5495863944792, 71.313845611565, 70.78681617246781, 69.92283832276978, 68.63671041020551, 67.82317164133102, 66.69564278265523, 65.54444447156007, 64.43870968142856, 63.272994214211664, 62.28050607818201, 60.54444151648744, 59.04444902413732, 58.17375347623485, 58.15068250909869, 58.2256808351952, 60.20500985447328, 63.267568351136156, 65.83397837580262, 66.84685022946793, 66.47955266098623, 66.19263798642679, 65.02282639218295, 64.41360653473423, 64.10178505484473, 62.75257056107868, 62.56992631269023, 62.10010116358454, 62.405126320547865, 58.880074723031335, 59.054028698471, 60.49649648405296, 61.353778688553675, 63.117672166746964, 63.20269717870573, 63.66122266222539, 65.58301483352206, 67.41413644202895, 68.2483439883129, 67.82383793513138, 66.52449756539934, 65.2625463098289, 65.15036868687207, 65.773931700466, 66.17565249605546, 67.49324142275213, 68.03482689938129, 68.41785806499043, 69.19589677249961, 70.44891837614747, 71.59694371248847, 72.8372686803551, 73.95710528799778, 75.77479228497316, 76.58707116413333, 77.29016914787684, 77.72928926845688, 79.2674676613452, 80.34990580285755, 81.35318115318951, 82.29723805867197, 81.78037602341124, 80.77082625766201, 80.65933797947466, 81.21246527353775, 82.56349254803028, 83.02955784929446, 83.7644641998999, 84.61753770862967, 85.52811698849165, 85.70321032288624, 85.4182554101479, 84.65113537303104, 83.16387344830044, 83.56210065299894, 83.16166676804214, 82.86784426047218, 82.59645412498863, 82.70416541899876, 82.81280711018731, 82.57811726543962, 79.9182983314843, 78.67140952090661, 78.3620525464805, 77.99014796076193, 77.0804260501889, 76.59343334174932, 74.94894038701325, 73.26359173223128, 70.86503177446288, 69.25675131346176, 67.10506631610943],