{"phase1": {"shift_vectors": [[-60, 1], [6, -1], [5, 0], [5, 2], [3, 0], [3, -2], [3, -2], [4, -1], [5, 0], [11, 0], [3, 0], [4, -1], [5, 0], [5, -2], [2, -1], [2, -1], [1, 0], [9, 0], [2, 1], [1, 0], [-3, 2], [-5, 4], [-3, 2], [-3, 2], [4, 1], [6, 1], [5, 0], [7, 0]], "stand_dev": [65.55113025676611, 65.3052226131138, 65.27659157238223, 65.709795729042, 65.97131559321447, 66.36920165385085, 66.02190671860482, 65.81210194964493, 65.80367950220243, 65.85085603458597, 65.66059718843583, 65.03438174922194, 64.36406107098175, 62.42834310435846, 61.72413291670266, 61.08855947390675, 61.04739690812258, 61.34302683998024, 61.501054776888274, 61.56595713524951, 62.211605526291166, 64.06777799255129, 65.019471372655, 66.73416922521488, 67.93315846534651, 68.38721888054307, 68.85904299318848, 69.01188914745856], "rmsdiffs": [9.717447795726226, 7.525844507080728, 7.089219262110724, 6.548086597289504, 6.849141903241954, 7.585201536895001, 6.807908845454813, 6.677436619541375, 6.18344670255672, 7.4082127020603545, 6.093957340258258, 6.24968946864378, 6.2017290790193185, 7.31563075542744, 6.751135673836279, 6.739641329998733, 6.5452224204206315, 7.765688129999664, 6.7793163199981334, 6.689981076897793, 7.888106686305248, 8.379126882820849, 7.632557005086468, 7.873894821334455, 7.162019273080293, 7.760311091138145, 7.163078513340229, 6.572066434775282]}, "frame_states": [0, 0, 0, 0, 0, 0, 0, 0, 0, 0, 0, 0, 0, 1, 1, 1, 1, 1, 1, 1, 1, 1, 1, 1, 1, 1, 1, 1]}