{"phase1": {"shift_vectors": [[43, 0], [0, -1], [1, 0], [1, 0], [1, 0], [1, 0], [1, 0], [1, 0], [-5, 0], [-3, 0], [1, 0], [1, 0], [-6, -1], [-13, 0], [1, 0], [1, 0], [1, 0], [-8, -1], [-1, 0], [-1, 0], [-1, 0], [-1, 0], [-1, 0], [1, 0], [1, 0], [2, -1], [1, 0], [1, 0], [1, 0], [1, 0], [1, 0], [1, 0], [2, 1], [8, -3], [5, -4], [2, -1], [3, -2], [11, -8], [9, 0], [9, -2], [9, 0], [17, 0], [17, 0], [6, 1], [5, 0], [17, 0], [5, 0], [4, 1], [1, 0], [2, 1], [1, 0], [2, 1], [5, 4], [3, 2], [5, 4], [13, 8], [9, 8], [19, 12], [1, 0], [23, 0], [1, 0], [42, -3], [1, 0], [3, -2], [1, 0], [-1, 0], [1, 0], [3, -2], [8, -3], [13, -10], [-1, 0], [1, 0], [-1, 0], [24, -17], [-8, -3], [-7, 0], [-8, -3], [-3, -4], [1, 0], [2, 1], [1, 8], [-9, 20], [-2, 7], [2, 1], [1, 0], [-15, 16], [-3, 2], [-7, 6], [-13, 6], [-15, 8], [-7, 0], [-12, 1], [-7, 0], [-13, 0], [-3, 0], [-7, 0], [-2, -1], [-10, -1], [-4, -1], [-1, 0], [-1, 0], [-1, 0], [-1, -2], [-3, 0], [-3, 0], [-7, 0], [-9, 0], [-1, 0], [-1, 0], [-1, 0], [-1, 0], [-1, 0], [0, -1]], "stand_dev": [72.81534894261375, 71.2742427035852, 70.55592804930677, 69.66532576375124, 68.73385647458132, 67.21653910806218, 66.92171073587515, 66.6937142695213, 66.54173600592362, 65.99806845954713, 65.54363563403815, 65.06475967378296, 64.42537305689108, 62.609304698691695, 62.73361619642657, 62.547861587992934, 62.40697809759239, 62.67982423210419, 62.58986399705716, 62.65598638578661, 62.612948466959715, 62.67776817292366, 62.61085648835604, 62.352676732557214, 62.189980636872804, 61.268521386120234, 60.89187335867269, 60.44478361222321, 59.837351332240004, 58.595275059405544, 58.31812103879158, 58.09036302630731, 57.968055649300254, 55.41708227841245, 57.2191451760532, 58.67123475162928, 58.20753357634826, 59.32782268075908, 59.67506456515615, 59.71323984396301, 59.917682612613746, 59.57848349100232, 60.62404215176783, 61.49765679606796, 62.12873870543276, 62.06937035873702, 61.119356788550526, 60.91198554399857, 61.60992270881107, 62.65588813577249, 63.35170254853071, 63.754363686723984, 64.19285840737544, 61.752765606641745, 58.91555491234622, 59.39656935118244, 59.33319576805643, 63.69388229425681, 64.49120651345214, 65.60650342564469, 66.81531906587465, 67.53004734969133, 67.53951955992794, 67.23811687378402, 67.25759500785504, 67.25809903722221, 63.085317910029985, 62.43392429188837, 62.34185125608476, 62.57728858645229, 62.58217123723769, 62.57839398686429, 62.617562811210206, 60.523235051028685, 62.369855061335095, 64.28365454538245, 65.95946726551962, 67.41743998439287, 67.35868105103575, 67.73227771358953, 67.34968172041968, 66.32516563131873, 66.41101670138542, 66.34025355333101, 66.42223881044836, 66.91198811963358, 66.97519218356697, 67.3851342532966, 67.73811721265076, 68.08927864447007, 68.37467286084625, 68.67411061713977, 68.0666520902267, 66.05803387086945, 66.73184880179411, 67.10710882001669, 67.21268754924334, 67.42711173152676, 69.0299353773175, 70.51601909640928, 72.283314189662, 73.77360400139573, 75.32847099847815, 74.99757423997059, 74.94645596217475, 75.09102696306942, 75.93088928667845, 75.54264108558849, 75.43723443642796, 75.04330635685572, 74.79258467415868, 75.19690488783117, 75.7127273634774], "rmsdiffs": [10.210019830150564, 6.762348783701074, 6.284203574947178, 6.538908533775036, 6.382022233583143, 7.238749597815311, 7.111998061861722, 7.893745887405615, 5.727966266512593, 6.787011314895724, 6.905062668349514, 7.537040625772166, 5.973081434071864, 6.37963745493057, 7.491357972394701, 6.645649905566964, 7.136045998675893, 6.4179460956224705, 6.106474980647299, 6.141158878988389, 6.259080692449073, 6.9228013282105, 6.0513650056476616, 5.957581683586538, 5.946878752145054, 6.266073802386419, 4.94444488403578, 5.144997215593137, 5.0095678756572655, 6.567927835804686, 6.20237234524775, 6.869529565103822, 6.318245344899903, 8.107679949863252, 7.236067589326635, 6.982439080629998, 7.409832059407818, 7.991908463041247, 7.295772257495795, 6.756405744447896, 7.076837548532918, 8.211851555810938, 7.000112103869338, 6.418639721967962, 6.565426492001283, 7.894949655922823, 6.586818075023465, 6.759882140399538, 6.774421293636519, 7.382931063077835, 6.275883631318502, 6.855871125378761, 7.0644882134859435, 7.910607863902738, 8.074360787838089, 8.530717944674272, 8.854817828063377, 9.277094461525378, 8.260847502563859, 9.126749688555268, 8.198272228712625, 8.962897676069572, 7.905953957696735, 8.005200659097532, 4.583953815827258, 4.575980016809623, 9.521689998146147, 7.160165351870882, 7.514375649370417, 8.108773788252726, 4.655651075993721, 4.701618033934663, 4.823203638691679, 9.259394338424341, 7.5704573241467585, 7.37371237528527, 7.184471903211045, 8.064410834012001, 5.864385641584763, 6.840602088866409, 6.476298619137291, 7.717385597380484, 6.612355514228879, 7.723710293711271, 6.721852315900189, 7.683661009676826, 6.615637619476429, 6.6363906734222535, 6.554922025950356, 7.634030866634433, 6.7337693877021385, 6.178979324902957, 6.489887963476712, 7.0848425386613485, 5.889272784172174, 5.513113286954773, 6.037284139697736, 6.965849718323761, 7.073561651288227, 7.276176818021623, 7.381184576949586, 7.259879255831365, 7.768221901109855, 6.29983844368535, 6.309285364213748, 6.385665555906485, 7.074776379544939, 5.57818824905438, 6.080593526269967, 5.879824053402797, 7.065577641699584, 5.838607795029279, 5.400890711126972]}, "frame_states": [0, 0, 0, 0, 0, 0, 0, 0, 0, 0, 0, 0, 0, 1, 1, 1, 1, 1, 1, 1, 1, 1, 1, 1, 1, 1, 1, 1, 1, 1, 1, 0, 0, 0, 0, 0, 0, 0, 0, 0, 0, 0, 0, 0, 0, 0, 0, 0, 0, 0, 0, 0, 0, 0, 0, 0, 0, 0, 0, 0, 0, 0, 0, 0, 0, 0, 0, 0, 0, 0, 0, 0, 0, 0, 0, 0, 0, 0, 0, 0, 0, 0, 0, 0, 0, 0, 0, 0, 0, 0, 0, 0, 0, 0, 0, 0, 0, 0, 0, 0, 0, 1, 1, 1, 1, 1, 1, 1, 1, 1, 1, 1, 1]}