{"phase1": {"shift_vectors": [[21, 0], [0, 1], [-9, -2], [0, -1], [0, 1], [0, -1], [6, -5], [4, -3], [1, 0], [1, 0], [5, -4], [1, 0], [-1, 0], [23, -6], [1, 0], [1, 0], [-1, 0], [1, 0], [1, 0], [1, 0], [1, 0], [1, 0], [1, 0], [-1, 0], [1, 0], [1, 0]], "stand_dev": [72.75960267156724, 72.83687821571563, 71.31382737135087, 71.133554070426, 70.79798264101255, 70.88282831270764, 70.29494057487388, 70.0575999103343, 68.7014430413231, 65.82310269222336, 64.06361819335079, 64.0733095101145, 63.9868874363506, 64.50688168730012, 65.23683275725321, 65.75742913949473, 65.76737529117476, 65.74638584098375, 69.81205594918205, 69.99858346914733, 70.38909121817564, 70.72083261815602, 70.72113586247508, 71.85050560534671, 72.09163280837113, 72.23919352316703], "rmsdiffs": [8.950401336155963, 4.521783587323144, 7.6851172758393576, 5.56909818829936, 5.861815125611892, 4.994438933916797, 6.7804876091930835, 6.9181285996160256, 7.2620629772431755, 7.648499147582621, 7.739897108793575, 3.8448834860161654, 4.017324679812305, 8.656952156888128, 7.991545099632764, 7.04452546815368, 4.241985908091214, 4.22208065408, 8.111931326033831, 5.645286309872266, 5.657127814880377, 5.380438415666034, 4.68583606646684, 5.99087399341764, 5.347207030037561, 4.981416081079707]}, "frame_states": [0, 0, 0, 0, 0, 0, 0, 0, 0, 0, 0, 0, 0, 0, 0, 0, 0, 0, 0, 1, 1, 1, 1, 1, 1, 1]}