{"phase1": {"shift_vectors": [[0, -63], [8, -3], [2, -7], [7, -2], [27, -14], [14, 3], [17, 10], [11, -2], [9, 2], [4, 3], [14, 1], [7, 10], [2, 1], [13, -8], [10, 1], [2, 1], [-27, -10], [-17, -2], [-4, 3], [-1, 2], [-16, 7], [-8, 5], [-3, 0], [-5, 2], [-27, 0], [-8, -3], [-5, -2], [-13, -2], [-14, -17], [1, 0], [2, 1], [5, 0], [12, 5], [4, 1], [4, 1], [3, 0], [11, 0], [8, -1], [5, 0], [4, -3], [16, -3], [2, 1], [6, 1], [10, -1], [-2, 1], [-5, 2], [-6, 3], [-7, 4], [9, 8], [1, 6], [0, 3], [0, 1], [-3, 4], [0, -7], [3, -4], [3, -4], [7, -8], [-2, -3], [5, -2], [12, -1], [11, -4], [3, -2], [0, 1], [0, -1], [8, 1], [9, 2], [7, 0], [0, 1], [1, -2], [1, -2], [2, -3], [2, -3], [4, 5], [3, 4], [2, 3], [-1, 4], [-2, 7], [1, 6], [-4, 7], [-6, 7], [0, 7], [-5, 0], [-5, 0], [-3, -2], [-3, -6], [0, -5], [-3, -4], [1, 2], [12, -1], [1, 2], [1, 2], [0, -1], [1, 2], [4, 5], [6, 7], [4, 5], [11, -2], [10, -1], [8, -1], [4, -5], [5, 6], [0, 1], [1, 2], [4, 5], [11, 0], [3, 4], [1, 6], [1, -2], [2, -7], [0, -3], [4, -5], [0, -7], [-12, -33], [-2, -13], [6, -11], [7, -8], [2, -11], [4, -1], [2, 1], [3, 2], [8, 9], [1, 6], [6, 7], [10, 5], [2, 7], [4, 5], [12, 5], [9, 4], [-2, 11], [-7, 18], [-9, 24], [-10, 23], [-6, 19], [10, 23], [4, 9], [1, 0], [-2, -5], [-14, -3], [-11, -6], [-11, -6], [-5, -6], [-2, 5], [6, -1], [4, -5], [0, -1], [0, -1], [8, 9], [7, 6], [8, -3], [15, 14], [4, -1], [8, -1], [10, 5], [27, -12], [18, 1], [16, 5], [21, 0], [47, 16], [47, 16], [49, 0], [37, 8], [61, 2], [29, -2], [24, 19], [27, 8], [58, -5], [25, 0], [18, -7], [13, -4], [29, 4], [17, 0], [19, 10], [22, 7], [40, -1], [25, -8], [27, 2], [26, -1], [39, -24], [23, 2], [19, -8], [22, -9], [43, 10], [19, 4], [18, 7], [21, 16], [25, 8], [4, -3], [6, 5], [3, 2], [-2, -25], [-1, 0], [-2, 1], [-2, -1], [-4, 3], [-6, 5], [-5, 4], [-7, 6], [-2, 23], [2, 9], [3, 8], [7, 8], [6, 15], [8, 1], [19, -2], [23, -2], [45, -4], [21, -8], [13, -2], [10, 3], [17, -2], [0, 1], [1, 2], [-5, 0], [-35, 8], [-20, 11]], "stand_dev": [57.54760512993342, 57.22071256160516, 56.87818555274064, 56.50716253285387, 56.13545416019609, 56.21804072271722, 57.11371266919362, 57.91877626170197, 58.54971254430367, 58.70853147792364, 59.033483232863766, 59.42984663566229, 59.88796075470436, 59.580475756314115, 59.898051752584585, 59.82726781439824, 57.87102981612023, 58.32070722362541, 58.43823632626922, 58.363807135400734, 57.904847318900885, 57.89440672762809, 57.79972308482485, 57.67950433392107, 56.62392803283972, 56.82575639947456, 56.767360654484555, 56.55159850492861, 56.561175954172406, 56.961882921965675, 57.2223378013423, 57.14062815371009, 57.64172953500231, 57.710200227825425, 57.848297600737304, 57.872802668894046, 57.693118394934274, 57.6489721005849, 57.739598869579275, 57.88974353757412, 58.6784211508723, 58.94739703291962, 59.17796150293736, 59.78827603440716, 59.80789626690204, 60.090052707773694, 60.1818624513044, 60.361653391386184, 60.10327017996386, 59.98708680078316, 59.997026161119415, 60.18762601288518, 59.82868716986962, 59.355585689649715, 59.31919086679826, 59.57753475989529, 60.22980731033027, 60.65544683840764, 60.84489831116413, 60.75043977017202, 61.11431263091235, 61.30529060407922, 61.65682273108611, 61.958729868662125, 62.25747526422617, 62.283415203612705, 62.22180222820812, 62.23970343940313, 62.364832123812214, 62.38092342752092, 62.37347666481137, 62.4987325714107, 62.870309548976145, 62.935797707930284, 62.89706875839947, 62.68414786558604, 62.09320105479832, 61.83552024450477, 61.16602821794955, 60.7896301721679, 60.718278527863006, 60.78454989903644, 60.76426439364016, 60.80814149726711, 61.154311523529095, 60.69169085422003, 60.444281246646256, 60.036464228306414, 60.42710418021834, 60.62588939639912, 60.471135248699085, 60.233193030253744, 59.48030859692798, 59.21281161578012, 59.06483338815353, 58.365079355105294, 57.398697959375845, 57.55722463718945, 58.39451572556937, 58.925810518847236, 58.53300191890468, 57.59916709654933, 57.690043181382315, 58.136329624366184, 57.77252274410187, 57.27282546250338, 56.9683769257517, 56.822695495845, 57.577094629240655, 57.713899325387644, 57.96455480617296, 57.67285038406979, 58.13848285670615, 58.16670406993369, 58.82668810415511, 59.32345188262352, 58.937660188048106, 59.033204784460565, 59.760535679846704, 60.46589474063337, 60.81229657385292, 60.778041214106636, 60.28538605266179, 60.420519568832916, 59.485845460889244, 61.04843096255571, 61.63887883053718, 61.7368718613977, 60.16326659969933, 59.62743061630291, 58.092613958397465, 57.334905864823995, 57.87950742628237, 61.116084597136805, 63.14010555400967, 63.815643659910876, 62.97438643642501, 62.483175764622004, 61.765883165023496, 61.362878598765235, 61.27161948654221, 62.68827340151352, 62.84916662906038, 61.812978299006716, 62.283657206693, 62.24880108421966, 61.276047847433716, 63.18276924638523, 63.09363117151158, 65.16718002733163, 65.4725446452128, 65.18611020585112, 66.19652636042066, 64.82353089085447, 64.78106890313691, 65.65151819798555, 64.747680529832, 71.10508622012233, 76.31530569821982, 78.54908512777983, 82.0108948791628, 85.39136338615016, 84.24107147949411, 87.47600180795463, 89.37354091074268, 89.10297475934048, 89.17376119583244, 88.20120577756046, 87.35346786348666, 88.11666206096515, 88.33194809015933, 89.95696422646863, 91.17972771520174, 92.20240416917727, 91.51772962602817, 92.12265222307794, 92.29303513454813, 88.76015930480783, 89.99954015217489, 88.97466207382853, 86.59201536590486, 87.34938622033366, 87.59711525356904, 88.94447795138288, 90.96607020882864, 91.95777762146919, 91.69208146263371, 92.09279163491654, 92.34299627907977, 90.13707485907611, 89.99226720584285, 90.35165517854854, 89.91014845044361, 90.07442497624531, 90.69482190818057, 91.11764522296129, 91.46327320666325, 92.73574437012812, 92.93097441844738, 93.05838792912911, 92.93390438111632, 92.68188051908628, 92.57675056906363, 92.38903139240634, 92.07799581489442, 91.71290963923323, 92.43117967476879, 92.45999319745364, 92.10084212242339, 92.373590725586, 92.41927891628254, 92.43151058935604, 92.1547075453205, 90.66549738493381, 90.23731289058394],