{"phase1": {"shift_vectors": [[39, -22], [-15, -10], [-16, 3], [10, 1], [12, 11], [6, 1], [-8, -13], [-3, -2], [-4, -5], [-10, 1], [-5, 2], [5, 2], [12, -1], [11, 0], [17, 2], [8, 3], [9, -2], [7, 4], [13, 8], [8, 1], [7, 6], [6, -5], [10, -1], [0, -9], [-5, -10], [-4, 1], [-5, 6], [-7, -6], [-8, 3], [-2, -1], [19, 6], [15, 8], [17, 2], [8, 5], [-5, -6], [8, 3], [1, 0], [2, -7], [37, -18], [24, 3], [26, -5], [24, -7], [28, 15], [20, -7], [15, 6], [5, 8], [24, -3], [5, 8], [2, -1], [-6, -5], [-7, 4], [1, 4], [3, 2], [6, 3], [8, 9], [6, -1], [9, 4], [7, 6], [-2, -1], [-3, -2], [5, -4], [11, -4], [25, -4], [9, -8], [-5, -4], [-10, -9], [-10, -9], [-3, -2], [1, 0], [-5, 0], [-14, -9], [-6, -5], [-6, -3], [-7, 2], [-9, 0], [-6, 3], [-10, 7], [-8, 3], [-12, 1], [6, 1], [11, 4], [10, 5], [9, 2], [9, 0], [-3, 2], [1, 12], [3, 10], [25, 24], [26, 7], [28, 3], [29, 6], [51, 12], [23, 2], [20, 1], [10, -1], [14, 1], [7, 4], [7, 2], [7, -2], [11, 2], [2, 1], [-4, 3], [-7, 2], [-22, 5], [-15, -2], [-13, -2], [-9, 6], [-12, 7], [-11, -2], [-12, 1], [-11, 2], [-19, 2], [-5, -4], [-5, -4], [6, 1], [12, 7], [-2, 1], [1, 0], [6, 5], [20, 7], [9, -8], [-6, -5], [-5, -2], [5, -4], [9, 8], [9, 8], [8, 3], [-10, -9], [-11, -10], [-10, -9], [-9, -4], [-15, 6], [-6, 1], [-7, 0], [-7, 0], [-12, -11]], "stand_dev": [76.39168940731174, 75.00239336732766, 73.70702103078362, 73.63551434844427, 74.88451608488784, 74.99591029814287, 75.49175987507574, 75.78834548338367, 76.12392062773641, 76.13772253871406, 75.69122843156603, 75.58857350743747, 75.4192048765678, 75.0341584744153, 75.16917852153279, 75.60711624493682, 75.63779316912913, 75.73184188620712, 75.11562752117774, 75.10385849667081, 75.18386732751497, 74.6574590035732, 74.66292189841022, 75.0835843816687, 74.34800942485815, 73.76420616323993, 73.63767530559777, 73.0838962843289, 72.74504439233775, 72.54268820648541, 71.1865418053795, 71.27334972184785, 71.35890128224145, 71.55417876863164, 71.51993117029681, 71.2289052457729, 71.17991133239168, 70.98935481040957, 68.16749166436766, 68.37336469916346, 67.7844883797624, 66.99971929048303, 69.07205473763378, 67.76371621470373, 68.12107431801323, 70.43947097805706, 70.22959649904855, 72.27848973011137, 72.47625962348869, 71.28546192345759, 69.75036455512141, 70.38349139071447, 70.96985187973718, 71.39129459299589, 72.3134981226651, 72.56931677523313, 73.13362343775923, 74.47691893687616, 74.64853305951593, 74.78969835456245, 74.77111640061582, 74.48463025322171, 74.55590089111176, 73.52188722224916, 71.80220158355742, 69.66678531811245, 66.13108668836698, 65.66044493643757, 65.64735468275583, 65.70953317295626, 65.65942915877663, 64.71012946377589, 63.3936171557868, 63.531189409094225, 62.63645217832224, 62.744393276638064, 64.3090537240685, 64.86220710472398, 64.93842627264266, 64.08337582735223, 64.27632251358561, 65.5772061406869, 66.52062964088388, 66.13217009999747, 67.28347851583972, 69.28953568231863, 70.86543189119263, 72.89612300229878, 73.97059387355544, 74.54125382699267, 74.64815369773034, 71.9640377760624, 71.84456915201365, 73.86156410949643, 75.37822837916009, 77.50315324935046, 77.96435377698047, 78.28433095081633, 78.78708568864947, 79.90276535784825, 80.02309798026926, 79.73009443340533, 78.82037933514084, 76.75797512357936, 76.111864948009, 76.00214704250969, 75.64254515086756, 74.61470535017789, 74.79180563894528, 74.61649007911335, 74.24338340762236, 74.75564513768074, 75.5670222086728, 76.31220587937489, 75.90200925464455, 77.09132647475003, 77.60141401329659, 78.04094205256419, 78.08733997922087, 79.82964928157301, 79.56252332489986, 79.18071439714633, 78.84695553069076, 78.20527519824937, 78.37759519939097, 78.83469802338405, 78.90245189940177, 78.03323734236999, 77.69397871699299, 77.68446726554113, 77.73482387501711, 77.82238182624616, 77.72723399867745, 77.65733989949943, 77.44812191126877, 77.52751827741581], "rmsdiffs": [10.281270640697088, 6.4229584638678325, 7.1765498991558845, 7.707223878099655, 7.2289318250959775, 7.2530589749364465, 8.186582707798172, 7.183138002485744, 6.7977355110846025, 6.312838853134073, 7.23506049613295, 6.645266058678942, 6.684912365383723, 6.351380028273987, 7.486387478032216, 6.551264340661849, 6.318799586792203, 6.662523563055456, 7.7760810195694665, 6.912554734789531, 7.523596935555969, 7.536355215296884, 8.260334468110086, 7.1944118568380535, 7.066866874653292, 7.260190310406411, 7.520798156529033, 7.0991483932026656, 6.6902847692180645, 7.517242951474863, 8.089025890454124, 7.504218207720969, 6.435712710475101, 6.84762979972858, 7.87721739259875, 7.71384954530775, 7.219949985641595, 7.080771650348984, 8.1157280182007, 6.696081520588357, 6.641071164700517, 7.252472940089804, 7.220496438396652, 6.425309133385194, 7.437189494064372, 6.94664932387688, 7.43901319968824, 6.823390100937925, 6.77518625334204, 7.230113502140346, 7.512696414476319, 6.341132203588985, 6.360683759413634, 6.372914357895647, 7.858504896620803, 6.85509510138086, 6.67399509360371, 6.807004829647922, 7.928367046590526, 6.803113326205767, 6.852273306982952, 6.48637189116246, 7.234572735144041, 6.3375896728377095, 7.56650948742105, 6.4750396501166625, 7.403814248586774, 6.702718872188562, 6.574260468898346, 6.816144760517155, 8.073137584501955, 6.823435384701286, 6.984345957970642, 6.816775049430694, 7.460006356608616, 7.0270403134468475, 6.922430632759829, 7.171253919533726, 8.33475491899073, 7.095919483737398, 6.838430360399765, 6.680696839519768, 6.517794610438138, 7.461664661052448, 7.845678910397281, 6.798937746169102, 6.941258351619298, 7.380520762173033, 6.228450313238585, 6.186976599732252, 5.86181653105311, 7.067520901069886, 6.177922305393702, 6.356322084585298, 6.022258678704057, 6.819946922511896, 6.105261691116998, 5.874867110141947, 6.064427232770982, 6.583313963131617, 5.904106684171132, 5.677552134662653, 5.014924287676464, 6.562417739473451, 5.424522016375752, 5.691768554063861, 5.5833508896990045, 6.48487670521853, 5.782136158918751, 5.78073220164912, 5.528773119092181, 6.456117741517576, 5.891979727424247, 6.736094658373775, 5.826765891916947, 7.0621817679968615, 6.042774878295318, 6.342074863973691, 6.0494294710659275, 6.682656659399373, 7.0441431698032915, 6.343977993525386, 5.706468989256142, 7.156218074882418, 6.712578425592016, 6.771186941032188, 6.765149661164183, 7.671426504004335, 7.234935557959168, 7.0389995763889575, 6.426302285461018, 7.332013851503833, 6.845056415048916, 6.200093710186618, 6.080415272487962, 7.7602758025849035]}, "frame_states": [0, 0, 0, 0, 0, 0, 0, 0, 0, 0, 0, 0, 0, 0, 0, 0, 0, 0, 0, 0, 0, 0, 0, 0, 0, 0, 0, 0, 0, 0, 0, 0, 0, 0, 0, 0, 0, 0, 0, 0, 0, 0, 0, 0, 0, 0, 0, 0, 0, 0, 0, 0, 0, 0, 0, 0, 0, 0, 0, 0, 0, 0, 0, 0, 0, 0, 0, 0, 0, 0, 0, 0, 0, 0, 0, 0, 0, 0, 0, 0, 0, 0, 0, 0, 0, 0, 0, 0, 0, 0, 0, 0, 0, 0, 0, 0, 0, 0, 0, 0, 0, 0, 0, 0, 0, 0, 0, 0, 0, 0, 0, 0, 0, 0, 0, 0, 0, 0, 0, 0, 0, 0, 0, 0, 0, 0, 0, 0, 0, 0, 0, 0, 0, 0, 0, 0]}