{
    "frame_states": [
        0, 
        0, 
        0, 
        0, 
        0, 
        0, 
        0, 
        0, 
        0, 
        0, 
        0, 
        0, 
        0, 
        0, 
        0, 
        0, 
        0, 
        0, 
        0, 
        0, 
        1, 
        1, 
        1, 
        1, 
        1, 
        1, 
        1, 
        1, 
        1, 
        1, 
        1, 
        1, 
        1, 
        1, 
        1, 
        1, 
        1, 
        1, 
        1, 
        1, 
        1, 
        1, 
        1, 
        1, 
        1, 
        1, 
        1, 
        1, 
        1, 
        1, 
        1, 
        1, 
        1, 
        1, 
        1, 
        1, 
        1, 
        1, 
        1, 
        1, 
        1, 
        1, 
        1, 
        1, 
        1, 
        1
    ], 
    "phase1": {
        "rmsdiffs": [
            9.162880014948566, 
            6.916394071061457, 
            6.408199221012079, 
            7.309555845112712, 
            5.007654179727594, 
            5.814565757821653, 
            6.402548400814232, 
            7.3923503676831475, 
            7.198983983850236, 
            7.411131836228248, 
            7.14019420807855, 
            7.617748355447534, 
            7.000549921471202, 
            6.8116989247675495, 
            6.6427856064412145, 
            6.855646463587397, 
            5.2396530936328505, 
            6.284703343770812, 
            7.554992951031072, 
            7.883709210722133, 
            6.417252478187641, 
            6.9723468271309015, 
            6.4624088152398365, 
            7.807022883225884, 
            7.756480653362339, 
            6.919643664255498, 
            6.714743388285147, 
            6.6821521984715995, 
            5.881669047907483, 
            7.758590798410919, 
            8.131662485362234, 
            8.2136426454103, 
            7.185485481140245, 
            7.232590892872004, 
            7.2515215835186995, 
            7.560297053588714, 
            7.279624401534999, 
            7.3662318234551725, 
            8.262836206165113, 
            7.158248322052465, 
            6.048835124559983, 
            6.781954595578102, 
            7.297693461859932, 
            7.836648490486735, 
            7.410086306234779, 
            7.617907257549537, 
            7.60943534765428, 
            8.066511369849298, 
            7.3815500047727935, 
            7.320493394828762, 
            6.204499415343396, 
            6.8064626523554725, 
            7.3294816899021376, 
            6.716518226233716, 
            6.6764460793532105, 
            6.437130826514501, 
            6.426647690914122, 
            6.696107806725362, 
            6.056638178442882, 
            7.379314873652566, 
            7.42063752538038, 
            7.558538211822556, 
            7.631598313501585, 
            7.253249629419638, 
            6.992087586646478, 
            7.6859182233852525
        ], 
        "shift_vectors": [
            [
                -20, 
                -17
            ], 
            [
                -6, 
                1
            ], 
            [
                -4, 
                -1
            ], 
            [
                -7, 
                -4
            ], 
            [
                -3, 
                0
            ], 
            [
                -3, 
                0
            ], 
            [
                -3, 
                0
            ], 
            [
                4, 
                -1
            ], 
            [
                4, 
                -3
            ], 
            [
                10, 
                -1
            ], 
            [
                8, 
                -3
            ], 
            [
                21, 
                -10
            ], 
            [
                7, 
                -4
            ], 
            [
                7, 
                -6
            ], 
            [
                6, 
                -5
            ], 
            [
                7, 
                -6
            ], 
            [
                4, 
                -1
            ], 
            [
                3, 
                2
            ], 
            [
                -3, 
                2
            ], 
            [
                -5, 
                4
            ], 
            [
                1, 
                0
            ], 
            [
                -5, 
                4
            ], 
            [
                -3, 
                2
            ], 
            [
                -5, 
                4
            ], 
            [
                5, 
                -4
            ], 
            [
                1, 
                0
            ], 
            [
                4, 
                1
            ], 
            [
                4, 
                -1
            ], 
            [
                2, 
                1
            ], 
            [
                -1, 
                0
            ], 
            [
                -6, 
                5
            ], 
            [
                -5, 
                4
            ], 
            [
                -3, 
                2
            ], 
            [
                -2, 
                1
            ], 
            [
                -2, 
                1
            ], 
            [
                -4, 
                3
            ], 
            [
                -2, 
                1
            ], 
            [
                -2, 
                1
            ], 
            [
                3, 
                -2
            ], 
            [
                -1, 
                0
            ], 
            [
                1, 
                0
            ], 
            [
                -5, 
                0
            ], 
            [
                -3, 
                2
            ], 
            [
                -4, 
                3
            ], 
            [
                -2, 
                1
            ], 
            [
                -3, 
                2
            ], 
            [
                -3, 
                2
            ], 
            [
                -5, 
                4
            ], 
            [
                -1, 
                0
            ], 
            [
                -1, 
                0
            ], 
            [
                -2, 
                1
            ], 
            [
                -3, 
                2
            ], 
            [
                -3, 
                -2
            ], 
            [
                2, 
                -1
            ], 
            [
                3, 
                2
            ], 
            [
                4, 
                3
            ], 
            [
                2, 
                1
            ], 
            [
                3, 
                0
            ], 
            [
                2, 
                1
            ], 
            [
                4, 
                3
            ], 
            [
                2, 
                1
            ], 
            [
                -2, 
                1
            ], 
            [
                -1, 
                0
            ], 
            [
                -5, 
                4
            ], 
            [
                -1, 
                0
            ], 
            [
                -5, 
                -4
            ]
        ],