{
    "frame_states": [
        0, 
        0, 
        0, 
        0, 
        0, 
        0, 
        0, 
        0, 
        0, 
        0, 
        0, 
        0, 
        0, 
        0, 
        0, 
        0, 
        0, 
        0, 
        0, 
        0, 
        0, 
        0, 
        0, 
        0, 
        0, 
        0, 
        0, 
        0, 
        0, 
        0, 
        0, 
        0, 
        0, 
        0, 
        0, 
        0, 
        0, 
        0, 
        0, 
        0, 
        0, 
        0, 
        0, 
        0, 
        0, 
        0, 
        0, 
        1, 
        1, 
        1, 
        1, 
        1, 
        1, 
        1, 
        1, 
        1, 
        1, 
        1, 
        1, 
        1, 
        1, 
        1, 
        1, 
        1, 
        1, 
        1, 
        1, 
        1, 
        1, 
        1, 
        1, 
        1, 
        1, 
        1, 
        1, 
        1, 
        1, 
        1, 
        1, 
        1, 
        1, 
        1, 
        1, 
        1, 
        1, 
        1, 
        1, 
        1, 
        1, 
        1, 
        1, 
        1, 
        1
    ], 
    "phase1": {
        "rmsdiffs": [
            9.046475542136237, 
            6.049495987829887, 
            5.613102462521775, 
            5.749607711536524, 
            6.382288834167634, 
            5.913302914970486, 
            6.428479476388258, 
            6.700721992341851, 
            7.012117891005272, 
            5.53591720193544, 
            5.341458296000167, 
            5.6790263381549595, 
            6.027618830485862, 
            6.346122427601775, 
            6.127129571472733, 
            6.18055217724978, 
            6.878157955019746, 
            6.605630873873515, 
            6.597832431122672, 
            6.482198989169946, 
            6.685853418229247, 
            6.188951396312782, 
            6.595349259514361, 
            5.781739579974655, 
            6.337851688735324, 
            5.791946482997083, 
            6.458464032495533, 
            5.4204408490212685, 
            5.68868144192841, 
            5.903262868947211, 
            5.073747741697811, 
            6.395165318739461, 
            6.635787911459959, 
            5.340672824081453, 
            6.896239263448506, 
            6.067757730913798, 
            6.508110230908597, 
            5.438413669872227, 
            5.825460581299568, 
            5.885270696124793, 
            6.380656152432422, 
            6.019054676069988, 
            5.814438262437078, 
            5.631233840551546, 
            6.432041477903576, 
            5.585432976993976, 
            5.361996897766373, 
            5.2761804001614765, 
            5.784345669043787, 
            5.156016586693018, 
            5.232041956879623, 
            5.434205201934125, 
            6.2140862704042545, 
            5.8778849881150546, 
            5.616324100640383, 
            5.233062602539623, 
            5.244034262164244, 
            5.619921425040411, 
            5.123781778864653, 
            5.146045075388317, 
            5.57259582146866, 
            5.35426303521611, 
            4.8522399015549365, 
            5.377080782313351, 
            4.954594178435154, 
            5.172864531535458, 
            6.360656143628863, 
            5.839432975907234, 
            5.76323966300681, 
            6.075995975215614, 
            5.726443358535474, 
            6.26998526154318, 
            6.038572519073449, 
            6.066814818844592, 
            5.417809710239052, 
            5.193158487753184, 
            5.505332263889094, 
            5.59213053554869, 
            5.64962379982506, 
            6.076044491105222, 
            5.4416944507375735, 
            5.711309920581836, 
            5.300454235773515, 
            4.974170602107056, 
            5.6280379225231565, 
            4.655461898033295, 
            5.669213184184736, 
            4.94356254512018, 
            4.750650620565705, 
            5.110485457505423, 
            5.112491329199397, 
            5.379858584591348, 
            5.283605575476103
        ],