{"phase1": {"shift_vectors": [[-57, 6], [20, 9], [20, 5], [14, 1], [38, -7], [13, -4], [18, -3], [22, -1]], "stand_dev": [74.73536313877618, 71.57242468781246, 75.15735908311598, 75.21499295765722, 72.36974581217262, 70.95122317894379, 68.19430232505258, 69.35721742160831], "rmsdiffs": [9.292456851610407, 6.292233467020461, 6.201605001031851, 6.05962311354097, 6.7393941020741694, 5.963502434712306, 6.235528248038556, 6.287400289729909]}, "horizontal_movement": [[7.416666666666667, 5.777777777777778, -3.357142857142857, -1.105263157894737, 0.5333333333333333, -0.7777777777777778, -10.5, -3.2222222222222223, 0.4444444444444444], [20.125, 10.8, 14.090909090909092, 0.45454545454545453, 11.2, 3.75, -7.0, 6.8, -1.0], [17.333333333333332, 11.7, 16.857142857142858, 1.4705882352941178, 0.8421052631578947, -4.15, -4.421052631578948, -4.695652173913044, -4.1], [21.4, 10.0, 14.375, 2.2222222222222223, 0.8333333333333334, -2.466666666666667, 17.5, 6.3, 3.5714285714285716], [18.09090909090909, 11.625, 16.25, 0.1, 4.0, -1.0, 12.0, 5.882352941176471, -2.6666666666666665], [17.533333333333335, 14.047619047619047, 11.5, 1.608695652173913, 7.888888888888889, 1.6071428571428572, 12.285714285714286, 2.6666666666666665, -0.4444444444444444], [21.0, 15.090909090909092, 16.666666666666668, 0.7333333333333333, 0.75, -4.111111111111111, 18.5, -3.5, -7.818181818181818], [17.0, 8.214285714285714, 15.466666666666667, 3.36, 6.666666666666667, 1.5862068965517242, -9.518518518518519, -1.0689655172413792, -13.115384615384615], [12.083333333333334, -4.75, 20.533333333333335, 17.625, 10.8, 7.55, 6.5, -2.5714285714285716, -5.4]], "frame_states": [0, 0, 0, 0, 0, 0, 0, 0], "brightness": [185, 184, 185, 187, 187, 187, 186, 186, 184, 182], "mean_vector_length": [[9.206658164139267, 12.445396047503989, 20.331816575668253, 8.920891865351635, 11.119285724844985, 7.908392045868571, 32.44693138563977, 11.031913091317668, 11.090359227382349], [20.932341727421395, 10.931897998402782, 16.976823488763824, 13.179764365589852, 12.482653093798765, 5.60640245010981, 12.815764781130557, 12.604648103246621, 17.36001392082256], [17.549610322110507, 11.877856943683444, 19.11942061234114, 7.947086092750688, 6.222300990135256, 4.832346923492881, 8.031328242557237, 10.130251760049589, 10.509093080599174], [23.264333991914313, 13.808544325595372, 19.916383068311404, 11.128279054722329, 11.795541639461835, 17.285387653419814, 23.557414869847573, 8.080285037327767, 7.688725534582393], [20.511446323762687, 12.316074675711558, 29.416125031530022, 5.455759304909549, 15.280820488972779, 7.902438940074277, 14.342561811035393, 19.481536994181234, 7.2483194840641465], [21.779085093588666, 17.684699456065363, 24.18917146052683, 12.840757115184323, 12.039496334358258, 6.0848313275118615, 25.225465928592865, 11.280693627144116, 6.530973157227087], [21.74301412000902, 15.708167303835898, 19.750510862724372, 2.6962164737011745, 7.504365347908897, 10.736632744613791, 24.55255756340929, 14.653912799056611, 11.066482498644065], [18.54017404016759, 16.700083136432983, 21.701205945023283, 11.047023768847925, 12.259918264035486, 18.311417089702108, 36.20037596781499, 20.55958862101322, 21.030495798732165], [21.725929347601067, 18.151896419727112, 25.902310977710368, 23.74797887309543, 15.407336152427465, 13.162178629110556, 23.46117102725974, 13.066699230275786, 8.538485125476546]], "vertical_movement": [[-0.375, 1.6111111111111112, 10.357142857142858, -0.6842105263157895, 3.8666666666666667, 3.888888888888889, 4.5, -1.0, -8.88888888888889], [-5.125, -0.8666666666666667, 3.3636363636363638, -1.0909090909090908, 0.4, -2.75, 2.5, 6.0, 16.333333333333332], [-0.8333333333333334, 0.0, -7.928571428571429, -7.705882352941177, -5.684210526315789, -1.35, 6.052631578947368, 8.695652173913043, 8.85], [-6.933333333333334, -7.466666666666667, 7.125, 5.833333333333333, 11.0, 16.6, 8.0, 2.7, -4.857142857142857], [-8.545454545454545, -1.875, 15.25, -2.5, 7.6, 0.8181818181818182, -1.8888888888888888, 13.294117647058824, 2.7083333333333335], [2.8, -5.571428571428571, -2.05, -3.5652173913043477, -3.3333333333333335, -0.6071428571428571, 2.619047619047619, 9.708333333333334, 5.222222222222222], [-3.8, -2.8181818181818183, 10.166666666666666, 1.0666666666666667, 1.5625, 1.7777777777777777, -14.5, -1.875, -2.0], [-6.846153846153846, -3.7857142857142856, -5.4, -4.52, -1.75, -0.41379310344827586, 11.296296296296296, -2.2413793103448274, 4.769230769230769], [-7.166666666666667, -8.45, -4.733333333333333, -10.208333333333334, -5.85, -0.1, 11.9375, 9.5, 1.1]]}