{"phase1": {"shift_vectors": [[-57, 6], [20, 9], [20, 5], [14, 1], [38, -7], [13, -4], [18, -3], [22, -1]], "stand_dev": [74.73536313877618, 71.57242468781246, 75.15735908311598, 75.21499295765722, 72.36974581217262, 70.95122317894379, 68.19430232505258, 69.35721742160831], "rmsdiffs": [9.292456851610407, 6.292233467020461, 6.201605001031851, 6.05962311354097, 6.7393941020741694, 5.963502434712306, 6.235528248038556, 6.287400289729909]}, "frame_states": [0, 0, 0, 0, 0, 0, 0, 0]}