{"phase1": {"shift_vectors": [[-25, -26], [-3, 4], [0, 1], [0, 1], [0, 1], [-2, 3], [-1, 2], [0, 1], [0, -1], [-1, -2], [0, -1], [0, -1], [0, -1], [0, -1], [0, -1], [-2, 3], [-2, 3], [-1, -2], [-1, -2], [-11, 0], [-9, 0], [-15, 0], [-2, -3], [-1, -2], [-1, -2], [-2, -3], [-19, -2], [-2, -3], [-10, -13], [-11, -12], [-12, -13], [-28, -9], [-11, -4], [-13, 0], [-27, -4], [-1, -2], [-17, 8], [-13, 14], [-15, 16], [-7, 8], [-10, 5], [-11, 4], [-17, 2], [-6, 1], [-3, 2], [3, 2], [8, 7], [2, 1], [-4, 5], [-4, 5], [-9, 6], [-2, 3], [-6, 1]], "stand_dev": [54.11053559478891, 57.02712475710738, 57.45515936216326, 57.747002521857205, 58.525446747076714, 59.594235655756385, 59.16031011840374, 59.58362823626717, 60.08425319187875, 60.13861797167725, 60.023032685256865, 60.65280601736531, 60.92767650164648, 60.1514670026443, 59.881082766085456, 59.399696785909924, 59.185780322795566, 57.285423961763364, 58.239019832771866, 57.608339159377486, 58.2015475040726, 57.63823046406789, 58.82237137706451, 59.102240029006786, 59.54413263167213, 57.38176406439884, 58.26931340631329, 57.501144291634, 53.3689516028214, 58.36577705988143, 55.86716737876303, 55.621009329760156, 57.593102848131565, 56.27266735136735, 61.81576331888887, 59.75517091985429, 57.487552510263335, 55.050372135718874, 56.76373216289984, 56.207861292918004, 58.312281537593655, 59.132346755289774, 58.419382765313316, 61.232768938867416, 61.41786210100453, 62.316109976368644, 62.56361067318541, 62.987452320341326, 63.18531265762632, 62.49381050044193, 62.8239917076488, 61.94241191979252, 60.58112759135041], "rmsdiffs": [10.136971247216332, 9.23555697689762, 8.633051780406248, 8.413860027601295, 8.60725916545015, 9.114057595499292, 8.28981318330338, 8.06697164437449, 8.275116079856373, 9.09220719143012, 8.553325631142993, 8.592616885287386, 8.429660161520076, 9.040590531529142, 8.516761083847044, 8.484005833234379, 8.479674030676826, 9.271312947636071, 8.804512942809302, 8.090980408081826, 7.604271639927009, 8.43261367153348, 8.993456551364837, 8.718428661756787, 8.936064037692713, 8.927826404820133, 8.155012181449766, 8.88398927306687, 8.996259178147467, 9.043273775434077, 8.765068393524992, 8.526730217681816, 8.000058892532554, 8.372449926648326, 9.313091486676521, 8.99808368520945, 8.837013671505824, 8.09312672045819, 9.35806280887683, 8.903556575312411, 8.5133219730734, 8.049155888862709, 8.340696520734854, 8.46044568255251, 8.23240374031187, 9.075854057768371, 9.419614352136557, 9.05697439069181, 8.296491152009962, 7.899578720612256, 7.977140433121051, 8.186060764692249, 7.981403523869598]}, "frame_states": [0, 0, 0, 0, 0, 0, 0, 0, 0, 0, 0, 0, 1, 1, 1, 0, 0, 0, 0, 0, 0, 0, 0, 0, 0, 0, 0, 0, 0, 0, 0, 0, 0, 0, 0, 0, 0, 0, 0, 0, 0, 0, 0, 0, 0, 0, 0, 0, 0, 0, 0, 0, 0]}