{"phase1": {"shift_vectors": [[-13, 48], [0, 1], [0, -1], [2, 3], [1, 2], [1, 2], [1, 2], [1, 2], [0, 1], [0, 1], [0, 1], [0, 1], [0, 1], [0, -1], [0, -1], [0, -1], [-1, -2], [0, 1], [0, 1], [0, 1], [0, 1], [0, 1], [0, -1], [0, 1], [0, -1], [0, -1], [0, -1], [1, 2], [1, 2], [0, -1], [1, -2], [0, -1], [0, -1], [1, -2], [4, 5], [2, 3], [0, -1], [0, -1], [0, -1], [0, -1], [0, -1], [0, 1], [0, -1], [-1, -2], [-2, 1], [0, -1], [0, -1], [-1, -2], [4, -3], [-1, 0], [-3, 0], [-3, 0], [-2, 1], [1, 0], [1, 0], [-1, 0], [-3, 2], [1, 0], [-1, 0], [-1, 0]], "stand_dev": [72.09385399311417, 72.2413202827688, 72.36379788707784, 72.3308025749844, 72.16285669642971, 72.11069003037734, 72.27078895751004, 72.45725426903326, 72.45543569661736, 72.56442575198021, 72.77781177397587, 73.02861447338691, 73.80291921543754, 73.95458867649937, 74.01409721713735, 74.21789770948422, 74.13938784695786, 74.17303732878702, 74.16090817948468, 74.09556212615318, 74.18162721037389, 74.23511486382961, 74.25651941227157, 74.17653900950187, 74.62204749079513, 74.4430849582275, 74.04456372652898, 73.79339047386183, 73.35724674445007, 73.21350475100556, 72.77081182868042, 72.33360129721086, 71.87254020245591, 71.16238168994596, 70.36291910565083, 71.26360433670379, 71.38708596306333, 71.1288255202558, 70.88743864982273, 70.83797009657677, 69.78753990988197, 68.79909048657058, 67.63929157558509, 66.67298552604248, 63.269947638873184, 62.69803201188085, 60.649779775322315, 58.21060490911418, 54.11421588046301, 52.12292023931069, 50.0709746038826, 47.923884349900725, 42.97643482255787, 40.39119309234837, 37.032053581664655, 34.272704328081744, 27.293784126271888, 24.02380143716296, 20.395836695005517, 16.815983987054402], "rmsdiffs": [10.094916927305041, 8.726020414665484, 8.751327744467485, 7.194930746120537, 7.687320867854612, 6.9281997600452305, 8.172373172406802, 7.878881804287798, 6.314422161085862, 7.416860743864069, 7.971709094752825, 7.741749978063178, 8.419098757337027, 7.7743616451931725, 7.854210244098118, 7.711859999043473, 7.026247304141418, 8.136145665809126, 7.986575555372359, 7.9019311684428, 8.088382776126982, 7.563136641864257, 7.918169083600719, 6.937177368341743, 8.070463801292128, 7.8127268769285605, 8.665948021906456, 7.578310675974234, 8.672306402048795, 7.7398751141558995, 7.892334673008991, 8.34082146737936, 8.74699734592608, 8.02716828711382, 8.50194440876538, 7.715150141447883, 9.186670584849573, 8.486951827547967, 8.602842081962603, 8.555415989749427, 9.1051208176749, 8.484096163346669, 8.77095630150424, 8.526530394332653, 9.42737031617606, 9.001524892095137, 8.26245946559575, 8.573968186856147, 9.479978614886004, 7.825040560975238, 8.199412664615298, 8.526433334682192, 9.348238429766768, 8.2253546881658, 8.230326600567462, 7.956039012771065, 9.156495464388877, 7.405574955920147, 7.375907855494745, 7.234371327170828]}, "frame_states": [0, 0, 0, 0, 0, 0, 0, 0, 0, 0, 0, 1, 1, 1, 1, 1, 1, 1, 1, 1, 1, 1, 1, 1, 1, 1, 1, 1, 1, 1, 1, 1, 1, 1, 1, 1, 1, 1, 1, 1, 1, 1, 1, 1, 1, 1, 1, 1, 1, 1, 1, 1, 1, 1, 1, 1, 1, 1, 1, 1]}