{
    "frame_states": [
        1, 
        1, 
        1, 
        1, 
        1, 
        1, 
        1, 
        1, 
        1, 
        1, 
        1, 
        1, 
        1, 
        1, 
        1, 
        1, 
        1, 
        1
    ], 
    "phase1": {
        "rmsdiffs": [
            8.773431294048418, 
            6.641648771008287, 
            5.828829288998065, 
            5.813308441819995, 
            7.685757298451232, 
            8.065591680119805, 
            6.710658266242982, 
            6.709381099798985, 
            7.383643016303034, 
            6.943230572178234, 
            7.648817486936655, 
            7.271491654223178, 
            5.623922057036457, 
            8.087066204628854, 
            8.236008594558282, 
            8.345196523385628, 
            7.4073593115733285, 
            8.231933420206188
        ], 
        "shift_vectors": [
            [
                0, 
                7
            ], 
            [
                0, 
                -9
            ], 
            [
                0, 
                -5
            ], 
            [
                -1, 
                -2
            ], 
            [
                0, 
                1
            ], 
            [
                0, 
                1
            ], 
            [
                0, 
                1
            ], 
            [
                0, 
                1
            ], 
            [
                0, 
                -1
            ], 
            [
                -2, 
                3
            ], 
            [
                0, 
                -1
            ], 
            [
                0, 
                -1
            ], 
            [
                0, 
                1
            ], 
            [
                0, 
                -1
            ], 
            [
                0, 
                -1
            ], 
            [
                0, 
                -1
            ], 
            [
                0, 
                -1
            ], 
            [
                2, 
                -3
            ]
        ], 
        "stand_dev": [
            62.70660948237141, 
            60.72237626020255, 
            59.91214258902318, 
            61.96838834316984, 
            62.75038238503352, 
            62.479792343406515, 
            59.14604545671785, 
            58.94949418476651, 
            60.0866828813723, 
            61.251803526421035, 
            62.98581034143101, 
            63.89914319951369, 
            63.682299240290035, 
            61.49880265725935, 
            62.56244825117963, 
            63.14593917986994, 
            63.100557516873, 
            61.554676660480254
        ]
    }
}