{"phase1": {"shift_vectors": [[-30, 5], [-3, 18], [-2, 9], [3, 6], [4, 3], [5, 4], [7, -6], [12, -11], [-3, -2], [5, -2], [7, -2], [11, -2], [4, -1], [6, -1], [5, 0], [2, 1], [1, 0], [-1, 0], [-6, -1], [-27, -8], [-5, -4], [6, -3], [9, -4], [7, -4], [-6, -3], [2, 1], [4, -1], [10, 1], [5, 2], [-6, 1], [-15, 6], [-6, 5], [13, 2], [-4, 1], [-5, 0], [11, -10], [-5, -2], [-14, 3], [-5, 2], [-1, 0], [20, -1], [2, -1], [-5, -2], [-5, 4], [8, -3], [9, 2], [-4, 3], [-8, 1], [-3, -2], [-9, -2], [-9, -8], [26, -1], [-5, 0], [-3, 0], [4, -1], [18, -1], [3, -2], [-2, -1], [-1, 0], [-6, 5], [2, -1], [-6, -1], [-9, 0], [-6, -5], [7, -6], [-3, -2], [-7, -4], [-9, 4], [-3, 0], [-3, -2], [10, -1], [10, 1], [5, 0], [5, 4], [3, 2], [-7, 2], [-2, 1], [5, 0], [13, -2], [4, 1], [-7, 0], [4, -3], [4, -1], [7, -2], [4, -1], [6, 1], [1, 0], [-1, 0], [9, 0], [1, 0], [-3, 0], [6, -5], [1, 0], [-4, 3], [1, 0], [10, -1], [2, -1], [1, 0], [1, 0], [-3, 2], [-1, 0], [12, 1], [6, 3], [-20, -1], [4, -3], [13, -2], [2, -1], [-8, -3], [-1, 0], [4, -1], [2, -1], [-1, 0], [-1, 0], [1, 0], [-6, 5], [9, 8], [11, -4]], "stand_dev": [90.15849963140566, 89.563920170843, 89.10442805705179, 90.13479994066495, 89.88236388474, 90.13801126663436, 91.43043666596077, 95.00676605998565, 95.67687709391168, 95.22552525569904, 95.62294253543703, 95.01140649203833, 95.25790047723353, 94.82085404348875, 94.12368457646971, 94.7389592535371, 94.89687288576076, 95.46442890867142, 95.81584098671708, 97.76866114400788, 97.95443464655513, 96.92037485413286, 97.26955694810302, 97.0441752206383, 97.48305626257138, 97.37151995099829, 96.95614567989328, 96.78664920642572, 96.72334012113613, 96.37991477171136, 96.61577872145787, 96.12554733284256, 95.7372341835139, 95.31963507559998, 96.05465079797354, 95.81995602824561, 96.12071518480771, 96.69304672661085, 96.88218638581351, 96.95576052244563, 95.93732988634761, 96.57444754051059, 96.77786572331452, 96.68193153277586, 96.35447031468229, 95.61712117350646, 95.42087888240304, 95.35739900196533, 95.70481133731604, 96.06351849985303, 95.79751404134329, 96.31507894083445, 96.28351360466338, 96.5620117005913, 96.49744995238359, 95.83878935367572, 95.94595982030442, 96.0256775977145, 95.78737347336978, 95.52533441662553, 95.5386922553167, 95.66286201448511, 95.14927263665604, 95.86150928720826, 95.39622640915218, 95.5573414430949, 95.6624597354931, 95.63975247669677, 95.87938627029321, 95.82155885934048, 95.17291755423886, 95.00917191643065, 94.79398258375423, 94.68025069143232, 94.43010366811598, 94.38512683823164, 94.19597574505472, 93.8005152006719, 93.46840714490239, 92.70745485061663, 93.12379596746031, 92.9192376517366, 92.74105891641905, 92.30461650858413, 92.29020561049855, 92.12642683162674, 91.62142738697165, 91.6083086663466, 91.10067637091139, 90.99816182769892, 91.1184143103917, 91.15425184602131, 91.33796524524291, 91.61903402250577, 91.6960655019315, 91.65612376126484, 91.97064110778207, 92.10773659318852, 92.26541785353984, 92.37232648699604, 91.78999438792884, 91.38019230628103, 91.93880812071967, 92.26871026523777, 92.46002321823467, 91.91207805408729, 92.01548515674367, 92.59614374218644, 92.67831183722167, 92.7979683706197, 92.6923214299426, 92.97635891096826, 93.14078380928548, 93.12049731465083, 93.06624080662918, 92.39080001113825, 92.88259642530281], "rmsdiffs": [9.841221107120939, 6.447795232754919, 6.118352413993694, 6.693418551168417, 6.312314739636476, 6.173594284487289, 6.486268160877552, 7.034034302373726, 5.9628412396817705, 6.187897906374512, 6.498422575604229, 6.970297784386753, 6.164598016567999, 6.148237704210982, 6.256308801923213, 6.925676695169499, 6.129784388623895, 6.133386631960929, 6.286442397207592, 6.7368432314766755, 6.262979621531202, 6.482015765015747, 6.598377256400099, 7.015961214989704, 6.287720518095672, 6.16246704128534, 6.306788222847434, 6.36743147420716, 4.455985719927576, 5.936912589910232, 5.753004619057128, 6.3910655691840885, 5.578770278657381, 6.218710855940993, 6.071682835791301, 6.523224638671992, 6.330349178613906, 5.8515503334112315, 4.796868342328649, 6.815152283211753, 5.859746541145137, 5.862110481002866, 5.451568715556282, 7.0690856581895005, 6.08834318503119, 5.853372343425013, 6.256830033004454, 6.404460834319264, 5.814810056809472, 6.001075610323435, 7.277737207923788, 6.4719294646383965, 5.690282348956741, 5.764743268981278, 6.242133852652054, 6.815409195790677, 6.16337498297213, 6.178477472984623, 5.8723440335118395, 7.021940366449623, 5.8404452432313825, 6.390029925418083, 6.293626746945231, 6.648668593340245, 6.409347060488373, 6.201880263605621, 5.9618914358807515, 6.40511889020411, 5.813645478395956, 5.763257448686907, 6.090804165988645, 6.4872920558018805, 6.073802442908854, 6.366884307368898, 6.260161661109351, 6.728890403091663, 5.743703754030933, 6.139841634202658, 6.251252224576518, 6.480061812991521, 5.853593418287396, 6.161243092270302, 5.1934325749563985, 6.410579042940889, 5.726653810506121, 5.597872580670044, 6.238006053783434, 6.002144895700435, 5.799678403990733, 5.341794849442281, 4.851025919139863, 6.144727446346071, 5.980615530890237, 4.786601435315616, 5.557059655546419, 5.5375715905197, 5.566261711780367, 5.494622416500797, 5.354505283414753, 5.805465755715298, 6.443749287961688, 6.127368049470224, 6.188164494621391, 6.459107808464958, 5.233961654156896, 5.653630703826908, 4.917484343989534, 5.647594696139209, 5.263470435219608, 5.6429283429002055, 5.253894233399387, 5.66231421728369, 5.434549550089727, 5.611942329854702, 6.077055521562012, 7.325781724200075, 5.662324463454315]}, "frame_states": [0, 0, 0, 0, 0, 0, 0, 0, 0, 0, 0, 0, 0, 0, 0, 0, 0, 0, 0, 0, 0, 0, 0, 0, 0, 0, 0, 0, 0, 0, 0, 0, 0, 0, 0, 0, 0, 0, 0, 0, 0, 0, 0, 0, 0, 0, 0, 0, 0, 0, 0, 0, 0, 0, 0, 0, 0, 0, 0, 0, 0, 0, 0, 0, 0, 0, 0, 0, 0, 0, 0, 0, 0, 0, 0, 0, 0, 0, 1, 1, 1, 1, 1, 1, 1, 1, 1, 1, 1, 1, 1, 1, 1, 1, 1, 1, 0, 0, 0, 0, 0, 0, 0, 0, 0, 0, 0, 0, 0, 0, 0, 0, 0, 0, 0, 0, 0]}