{
    "brightness": [
        98, 
        98, 
        100, 
        101, 
        100, 
        98, 
        97, 
        100, 
        102, 
        103, 
        104, 
        104, 
        100, 
        101, 
        101, 
        99, 
        95, 
        94, 
        95, 
        97
    ], 
    "horizontal_movement": [
        [
            -0.175, 
            -1.0, 
            -0.325, 
            1.575, 
            -0.575, 
            -1.0, 
            -1.95, 
            -5.923076923076923, 
            0.0, 
            -0.85, 
            -0.975, 
            -1.875, 
            0.2, 
            0.0, 
            1.225, 
            3.25, 
            2.0, 
            2.625, 
            3.8
        ], 
        [
            -0.2962962962962963, 
            -1.2608695652173914, 
            -0.782608695652174, 
            1.2916666666666667, 
            -0.39285714285714285, 
            -0.6896551724137931, 
            -1.4333333333333333, 
            -4.888888888888889, 
            0.8333333333333334, 
            -0.15625, 
            -0.6206896551724138, 
            -1.8333333333333333, 
            0.15151515151515152, 
            0.0, 
            1.2857142857142858, 
            2.925925925925926, 
            1.6451612903225807, 
            2.25, 
            2.9583333333333335
        ], 
        [
            -0.15789473684210525, 
            -0.9, 
            -0.26666666666666666, 
            1.4761904761904763, 
            -0.3333333333333333, 
            -0.9705882352941176, 
            -1.8857142857142857, 
            -6.0, 
            -0.027777777777777776, 
            -0.7878787878787878, 
            -0.9583333333333334, 
            -1.9523809523809523, 
            0.3333333333333333, 
            0.0967741935483871, 
            1.5172413793103448, 
            3.0, 
            1.96875, 
            2.5428571428571427, 
            3.878787878787879
        ], 
        [
            -0.4166666666666667, 
            -1.0, 
            -0.1875, 
            1.108695652173913, 
            -0.7083333333333334, 
            -0.9791666666666666, 
            -2.0, 
            -5.533333333333333, 
            0.0, 
            -0.7708333333333334, 
            -0.9782608695652174, 
            -1.9787234042553192, 
            0.8409090909090909, 
            0.09523809523809523, 
            0.37209302325581395, 
            0.9666666666666667, 
            0.05405405405405406, 
            0.06060606060606061, 
            -5.21875
        ], 
        [
            -0.3125, 
            -0.9411764705882353, 
            -0.2727272727272727, 
            1.2105263157894737, 
            -0.6153846153846154, 
            -0.8333333333333334, 
            -1.6, 
            -4.555555555555555, 
            0.9166666666666666, 
            -0.35714285714285715, 
            -0.37037037037037035, 
            -1.5, 
            0.59375, 
            0.16666666666666666, 
            2.357142857142857, 
            3.4761904761904763, 
            1.608695652173913, 
            1.4545454545454546, 
            2.0952380952380953
        ], 
        [
            -0.5208333333333334, 
            -0.8888888888888888, 
            -0.1951219512195122, 
            1.125, 
            -0.7647058823529411, 
            -0.9555555555555556, 
            -1.9545454545454546, 
            -5.428571428571429, 
            0.024390243902439025, 
            -0.8648648648648649, 
            -0.7, 
            -1.9523809523809523, 
            0.9411764705882353, 
            0.35294117647058826, 
            1.5263157894736843, 
            3.8421052631578947, 
            2.0, 
            2.4285714285714284, 
            3.896551724137931
        ], 
        [
            -0.775, 
            -0.6410256410256411, 
            0.0, 
            0.972972972972973, 
            -0.9230769230769231, 
            -0.9743589743589743, 
            -1.95, 
            -5.027777777777778, 
            0.025, 
            -0.625, 
            -1.0, 
            -2.0, 
            0.06451612903225806, 
            -1.962962962962963, 
            -11.925925925925926, 
            -21.058823529411764, 
            -9.882352941176471, 
            -12.35, 
            -11.92
        ], 
        [
            -0.782608695652174, 
            -0.9, 
            -0.05263157894736842, 
            1.105263157894737, 
            -0.8518518518518519, 
            -0.9583333333333334, 
            -2.0, 
            -5.0, 
            0.09090909090909091, 
            -0.4444444444444444, 
            -0.7407407407407407, 
            -2.0, 
            1.0666666666666667, 
            0.391304347826087, 
            2.04, 
            3.8666666666666667, 
            1.8, 
            1.7647058823529411, 
            1.6666666666666667
        ], 
        [
            -0.7297297297297297, 
            -0.7777777777777778, 
            -0.06896551724137931, 
            0.95, 
            -1.0, 
            -0.3870967741935484, 
            -1.2, 
            -3.357142857142857, 
            0.7058823529411765, 
            0.16, 
            -0.10526315789473684, 
            -0.9090909090909091, 
            1.75, 
            1.15, 
            2.0384615384615383, 
            5.055555555555555, 
            2.46875, 
            2.5454545454545454, 
            4.0285714285714285
        ]
    ],