{"phase1": {"shift_vectors": [[-2, 33], [2, 1], [3, 2], [1, 0], [1, 0], [-1, 0], [-3, -2], [-3, -2], [-2, -1], [-2, -1], [-11, -2], [-6, -1], [-6, -1], [-6, 1], [-7, 0], [-3, 0], [-1, 0], [1, 0], [5, 4], [1, 0], [-1, 0], [2, 1], [6, 3], [4, 1], [-1, 0], [-1, 0], [-1, 0], [-1, 0], [3, 0], [-1, 0], [-1, 0], [-1, 0], [-1, 0], [25, 8], [5, 4], [2, 1], [2, 1], [3, 2], [1, 0], [-2, -1], [3, 0], [3, 0], [1, 0], [-1, 0], [-1, 0], [-1, 0], [-5, -4], [-2, -1], [-3, -2], [-3, -2], [-7, -4], [-1, 0], [-3, -2], [-2, -1], [-6, -3], [-6, -5], [-3, -2], [1, 0], [7, 2], [2, 1], [2, 1], [-7, -6], [-2, 1], [5, 4], [-3, 0], [1, 0], [3, 0], [-2, 1], [-2, 1], [-2, 1], [-5, 2], [1, 0], [-1, 0], [-1, 0], [6, 1], [1, 0], [3, 0], [3, 0], [3, 0], [1, 0], [2, -1], [3, 0], [3, -2], [-1, 0], [1, 0], [2, -1], [5, 0], [7, 2], [2, 1], [1, 0], [5, 0], [1, 0], [4, -1], [3, 0], [6, 1], [3, 0], [3, 0], [2, 1], [4, 1], [3, 0], [1, 0]], "stand_dev": [93.0849208120227, 92.85968610213978, 92.55369137156192, 92.50628942161664, 92.50757795445567, 92.80718115557075, 93.1227585635663, 93.17947832150794, 93.26617268640281, 93.04089785064106, 93.14536735677488, 93.12729074246495, 93.3538613921136, 93.04716459782834, 93.07833357908571, 93.10201597627199, 93.08397379177694, 93.19331542997182, 92.79341711174364, 92.80502399473916, 92.71044884378149, 92.65158889759377, 92.55477400812138, 92.51625557375897, 92.86459967428972, 93.0554365315992, 93.49821093847213, 93.79998414274009, 93.9075881154158, 94.3553193655191, 94.36998283895572, 94.71035318681578, 94.57001498279176, 92.94872063226069, 93.07076225770251, 93.00413071336726, 92.84108866355362, 92.6164668170414, 92.53850016857834, 92.6482802487049, 92.45219381742493, 92.8100187609507, 92.7231027255521, 92.94451076519655, 93.12636287870839, 93.2457156484367, 94.19618933156161, 94.32311325357884, 95.06520523655456, 95.54310718938562, 96.17900601932391, 96.49041938262232, 96.66342087887512, 97.19594216821964, 97.41935879225903, 98.04271991448147, 98.34992499957224, 98.50968533065881, 98.6135170398451, 98.6232948348954, 98.70830796835516, 98.13971688880368, 98.72538554411508, 98.86088399027497, 98.81940576903455, 98.85491156735736, 98.74856026795672, 98.80246819652275, 98.78833439455974, 98.7097052716748, 98.59873497844654, 98.56449389353573, 98.44094139913388, 98.46219755370213, 98.29376254402112, 98.20285487524431, 97.78215803031874, 98.06532795735225, 98.07814983424126, 98.14164462733206, 98.06655423255074, 98.01329728014682, 98.1502601977479, 98.1494980081738, 98.14940121752352, 98.13038222154835, 98.12933408034361, 98.20241205221224, 98.29661616292749, 98.29605843126481, 98.23160579987848, 98.16908064648118, 98.14963754193145, 97.96091705007919, 98.00438496612868, 97.93078361541794, 97.95881799430816, 98.11036384414074, 98.0128592015039, 98.0265629442531, 97.92808705313033], "rmsdiffs": [8.257338241212546, 4.614665062993328, 6.176166815081834, 4.8041285749842295, 5.426586759026609, 5.834863053020592, 5.68320982468568, 4.752732792099497, 4.734334136685012, 4.711339446376002, 5.533780168473368, 5.06327110888979, 5.022244307467237, 4.376120543126059, 4.851911327681426, 4.209094296288243, 4.27049203758632, 4.006633562253171, 6.42484746559841, 5.795310538639214, 4.34330390593794, 4.341209289535094, 5.699825743119761, 5.03516696805318, 6.339670593236093, 6.237753782276489, 6.4512982279763715, 5.928863423280591, 5.496956565626895, 5.960186401783902, 6.451671181396635, 6.133492589957974, 5.296339979610536, 7.486187391654792, 5.71948820629474, 4.939334292531445, 5.533820125706844, 4.904477689403502, 5.103222888164655, 4.735177415131004, 4.915305712358544, 4.739376195869288, 5.140063943819029, 5.899267067932529, 6.003774605312006, 5.450194577764126, 6.5777998691942505, 5.523569817230179, 6.00731679553105, 5.922334174903475, 6.420185827166182, 5.976845573682672, 5.950413246294041, 5.825506206260644, 6.348837251831785, 5.621924375017078, 6.130210044819124, 4.729417329893724, 5.35009682687214, 4.478713617181304, 5.793136829975745, 6.084398728786714, 6.81062772267433, 5.7077610909778, 4.3004554174515315, 4.818686998787077, 4.656143289211612, 4.7357951400099365, 4.778469717928014, 4.910739125138171, 4.730549895965141, 4.968183854141777, 5.055227078358747, 5.614892046463994, 5.047019760238107, 5.20020163326424, 5.282331524879958, 5.053221888704278, 5.628373167330625, 4.3227168212129214, 5.13462970872308, 4.486117800691539, 5.406273370937814, 5.908480859032592, 5.301113881171683, 5.335126871245417, 5.2429179829917185, 4.909179847548297, 4.724790795849813, 5.107134688466184, 5.0254823092858345, 4.384440902891854, 4.410619186173058, 4.972904956698362, 5.416184733953336, 4.13096531228513, 4.612855068780586, 4.765217542230337, 4.759562529150665, 4.078935627779997, 5.374415489482617]}, "frame_states": [0, 0, 0, 0, 0, 0, 0, 0, 0, 0, 0, 1, 1, 1, 1, 1, 1, 1, 1, 1, 1, 1, 1, 1, 1, 1, 1, 1, 1, 0, 0, 0, 0, 0, 0, 0, 0, 0, 1, 1, 1, 1, 1, 1, 1, 1, 1, 1, 1, 1, 1, 1, 1, 1, 1, 1, 1, 1, 1, 1, 1, 1, 1, 1, 1, 1, 1, 1, 1, 1, 1, 1, 1, 1, 1, 1, 1, 1, 1, 1, 1, 1, 1, 1, 1, 1, 1, 1, 1, 1, 1, 1, 1, 1, 1, 1, 1, 1, 1, 1, 1]}