{"phase1": {"shift_vectors": [[-52, -11], [5, -2], [5, 0], [13, 0], [5, 0], [7, 0], [4, -1], [5, 0], [5, 2], [4, 1], [7, 0], [13, 0], [6, -1], [7, 0], [5, 0], [12, 1], [5, 0], [5, 0], [6, -1], [12, -1], [7, 0], [5, 0], [5, 0], [10, -1], [6, 1], [9, 0], [6, 1], [13, 2], [9, 0], [10, -1], [12, -1], [23, -2], [12, -1], [10, -1], [9, 0], [17, 0], [12, -1], [11, -2], [7, 0], [20, 1], [7, 0], [9, 0], [10, 1], [19, 2], [11, 0], [10, 1], [10, 1], [13, 2], [9, 0], [10, 1], [6, 1], [17, 0], [7, 0], [6, -1], [5, -2], [10, 1], [3, -2], [4, 1], [4, 1], [7, 4], [2, 1], [-2, 1], [2, 1], [-1, 0], [1, 0], [-1, 0], [-3, 0], [1, 0], [1, 0], [-1, 0], [2, -1], [-5, -4], [-1, 0], [-1, 0], [-1, 0], [-2, -1], [-1, 0], [1, 0], [2, 1], [-1, 0], [4, 3], [3, 0], [-1, 0], [3, 2], [2, 1], [1, 0], [1, 0], [-4, -1], [1, 0], [-2, -1], [-4, -1], [1, 0], [-1, 0], [1, 0], [1, 0], [2, 1], [1, 0], [1, 0], [1, 0], [1, 0], [-1, 0], [1, 0], [1, 0], [-2, -1], [1, 0], [-1, 0], [-1, 0], [-2, -1], [-1, 0], [-2, 1], [-3, 2], [-3, -2], [-2, 1], [-1, 0], [-1, 0], [-5, 2], [-4, 1], [-3, 0], [-3, 0], [-7, 4], [-4, 3], [-5, 4], [-5, 2], [-8, 3]], "stand_dev": [93.89962244823327, 93.62178412237088, 93.15831489593178, 92.94201946984029, 92.7127053222658, 93.26341276048943, 93.26182059259276, 93.3968831137428, 92.8487434117257, 92.39134292341706, 92.37519787104922, 91.62539537921157, 92.11831277010316, 91.92963487915742, 91.72908358433617, 92.2365948700825, 92.2439465418318, 92.78170964272051, 92.58836457410057, 92.60149487296238, 92.35705405669142, 92.18999264221851, 92.52040174691312, 92.4415786727121, 92.54195838668547, 92.03573412488315, 91.6301954145067, 91.12526139067137, 90.846149159574, 91.43263942418984, 90.86531875502608, 91.78055013736406, 91.7535692925968, 91.9205254942696, 92.60966470333773, 91.90259971339557, 92.36772008399939, 91.89070938432332, 91.11655040329526, 91.10399113208221, 90.6814723785047, 90.96016116758211, 90.74202329258893, 90.59428059711243, 90.33281130042467, 90.05861176376467, 90.39173562040514, 89.64308079046609, 89.70793150794226, 89.64410360550781, 89.31718868496522, 88.96370123920104, 88.5556538020233, 89.18323999694894, 88.77407720140036, 89.08390315041159, 88.9121997270423, 88.43018085321788, 88.51233636338678, 88.08140956988886, 88.7056331470214, 88.72315018618299, 88.64235236637471, 88.85452051130194, 88.79639300299108, 88.80694739989909, 89.03367832461714, 88.98299858231327, 88.94284901825897, 88.80077739655188, 88.92106453193811, 89.03222688805124, 89.09687720743125, 89.28944369607552, 89.26630177754976, 89.38209532768511, 89.34885918377687, 89.31543570458022, 89.2803669912437, 89.47567474208326, 89.36415514516888, 89.28314781794069, 89.21324342312111, 89.14731648752996, 89.22911924735186, 89.14960997868003, 88.9996474390874, 89.15472042214842, 89.01659837417759, 88.98278181893168, 89.18447024619685, 89.23736403918535, 89.3151079470227, 89.12343194321714, 89.04657903309673, 89.03624533436036, 89.1733798764038, 89.10316715432535, 89.00420780585377, 89.03072047192485, 88.95291605855114, 88.95218555070028, 88.9711140364656, 89.04710136836647, 89.04735756024337, 89.05521821028576, 89.01651403360724, 88.97083416308462, 89.05969395792786, 89.21694094712636, 89.30267875263728, 89.57797691464482, 89.70886167721683, 89.80178852830606, 89.74468717294113, 89.82724020090566, 90.29936556442905, 90.32525566673473, 90.4478916265714, 90.16335464476938, 90.18039156966985, 90.64166213603615, 90.46256176061468, 90.59208566729751], "rmsdiffs": [9.026743138615632, 5.372541058219062, 5.636234091408762, 5.989848314296684, 5.592893253328916, 5.143065990880763, 4.458841241802652, 5.519431196682149, 5.452123030281378, 5.03549183921024, 5.314525899480324, 6.054908905184267, 5.462648757213803, 5.186690630651371, 5.100793344020879, 5.821942955962504, 5.136301848160364, 4.8467891257404965, 5.133322208682069, 5.863522201446159, 5.230125499789583, 5.010915469329921, 5.0819526114188545, 5.3562785702418525, 5.313749112706252, 5.96912029338915, 5.418205032546845, 6.013417618121168, 5.878421326793314, 5.902925040231873, 5.890866962893331, 6.509044147477195, 6.040156165787911, 6.130439434471642, 5.659797816390257, 6.288314342593575, 5.975067810392288, 5.867236240562911, 5.944122451206543, 6.3193600355473665, 5.423844436155459, 5.712456770298298, 5.896576989847313, 6.77297834305124, 5.9222718771211005, 6.068819119385958, 6.445090515920767, 6.324751844923959, 6.023284191902154, 6.05040762778072, 5.7700408144799535, 6.69185783608536, 6.000026695277341, 6.134351194708358, 5.759398249089545, 6.584301854103873, 6.312285824816411, 5.628132662094619, 5.616826306609784, 5.866991387754032, 6.475431866311353, 7.220475289167065, 5.093679312143155, 5.455865348544008, 5.857268504296233, 5.873049830416449, 5.292194819479533, 5.918258398601185, 6.32683444668864, 6.846891012441674, 5.871031801699756, 6.176966100022861, 6.2944945487358535, 6.279829528856149, 6.256820309273886, 6.6898653453037475, 6.007534899562896, 5.224920223375321, 5.728835961851898, 6.286287458878209, 5.8944812032346, 6.024739319285192, 6.526472582865213, 4.972718781901689, 5.8599390307912715, 5.59634128872225, 6.2527375329717545, 5.55247301235842, 5.956919835912699, 5.119962221581968, 5.569364520877821, 5.980746727677281, 5.756737979821433, 5.838202007278882, 5.469783899460637, 6.083264588200316, 5.075203440943256, 5.74219738532495, 5.796579571126041, 7.054122006350115, 5.4532692524673765, 6.2061030170567015, 7.339013544424841, 5.680039347465992, 5.123079136276363, 5.6908735320678066, 5.938083268077867, 5.301485150210017, 5.960830019610667, 6.105627476221352, 6.450134367315776, 5.556372913357268, 5.175993367896108, 5.5038201431027, 5.534187780877915, 5.7266279994777385, 5.15796442176822, 5.768710221297594, 5.618463991544351, 6.114695759680301, 6.378777513368151, 5.492148127597434, 4.853717713149271, 5.629340898909873]}, "frame_states": [0, 0, 0, 0, 0, 0, 0, 0, 0, 0, 0, 0, 0, 0, 0, 0, 0, 0, 0, 0, 0, 0, 0, 0, 0, 0, 0, 0, 0, 0, 0, 0, 0, 0, 0, 0, 0, 0, 0, 0, 0, 0, 0, 0, 0, 0, 0, 0, 0, 0, 0, 0, 0, 0, 0, 0, 0, 0, 1, 1, 1, 1, 1, 1, 1, 1, 1, 1, 1, 1, 1, 1, 1, 1, 1, 1, 1, 1, 1, 1, 1, 1, 1, 1, 1, 1, 1, 1, 1, 1, 1, 1, 1, 1, 1, 1, 1, 1, 1, 1, 1, 1, 1, 1, 1, 1, 1, 1, 1, 1, 1, 1, 1, 1, 1, 1, 1, 1, 1, 1, 1, 1, 1, 1]}