{"phase1": {"shift_vectors": [[61, 2], [-11, 10], [-6, 11], [-5, 0], [-10, 1], [-5, 2], [3, 2], [22, 1], [11, 2], [2, 1], [10, 1], [9, 4], [9, 6], [0, 3], [-4, 5], [-8, 3], [-17, -6], [-6, -1], [-6, -3], [-5, -2], [-8, -3], [-1, 0], [2, -1], [1, 0], [-2, 1], [-4, 1], [-3, 2], [-2, 1], [-7, 2], [-2, 1], [-2, 1], [2, 1], [-2, 1], [1, 0], [1, 0], [1, 0], [11, 0], [7, 0], [5, 0], [-1, 0], [7, -2], [2, -1], [-10, -1], [-2, -1], [11, -20], [-2, -1], [1, 0], [-1, -8], [-8, -17], [2, -1], [1, 0], [-3, 2], [5, 2], [2, 1], [1, 0], [1, 0], [-2, 1], [-1, 0], [-1, 0], [-3, 2], [0, 9], [1, 8], [0, 5], [1, 4], [4, 13], [2, 11], [2, 7], [5, 6], [-11, 4], [-1, 8], [2, 1], [1, -2], [1, -10], [-1, -6], [5, -6], [0, -7], [1, -12], [6, -5], [6, -5], [5, -4], [-7, -6], [-12, -3], [-5, -4], [-10, -1], [-20, 13], [-10, -1], [-12, -11], [-6, -5], [-9, 8], [6, 3], [6, 3], [5, 2], [6, 1], [-2, -1], [-2, -1], [5, 0], [-1, 0], [3, 0], [3, 0], [-2, -1], [-3, -2], [-3, -2], [-4, -1], [-4, -1], [-6, -1], [-2, -1], [-1, 0], [2, 1], [-16, 5], [2, 1], [4, 3], [3, 2], [6, 5], [-4, 3], [-5, 4], [-1, 4], [-9, 4], [-3, 2], [-5, 2], [2, 1], [7, 2], [18, 1], [6, 1], [-5, 0], [-3, 0], [-14, 1], [-1, 0], [-1, 0], [0, -5], [11, -10], [5, -4], [6, -3], [5, -4], [-3, -8], [3, -2], [3, -2], [1, 0]], "stand_dev": [58.16323133875191, 57.53016307032454, 58.27746061998346, 58.441869823710874, 58.52543685364698, 58.650460544300095, 57.59784002601932, 56.52131019693006, 58.91484800859212, 58.86681441757212, 58.45716206505825, 59.189554713900314, 58.20357649504641, 58.4547796697778, 58.3552976604641, 59.144264269550064, 60.755997637388035, 61.770259746200686, 63.361964754060516, 65.07387287147945, 65.85860676445195, 64.79546064554893, 64.99672467881192, 65.99867009288933, 66.37673405242437, 66.74506520189347, 66.97911436060909, 67.09904428739443, 67.63732346928963, 67.99685082367795, 68.21470729662671, 68.56865278843846, 68.74117889344082, 68.81194231637139, 69.10909348689971, 69.05736786463169, 66.5535289398876, 66.33047788033142, 67.47192282571629, 67.58219227210343, 66.87052452590882, 66.5307009624921, 65.08081633049746, 65.04815381294347, 63.83046482134683, 65.64092773155095, 63.557618076685806, 64.39906562514861, 63.48469768680805, 63.796956939960495, 64.93985283071862, 65.15152414240714, 65.4792383339336, 65.6448850939943, 65.67355009531536, 65.76257282724326, 66.13914718216738, 66.22102047105507, 66.47174576494355, 65.13451586166913, 66.08599558192799, 65.91902643307249, 66.93540435432004, 66.44853699074893, 66.30110782511785, 64.51653604126686, 66.05599649288635, 65.43583973045146, 65.35473237059054, 66.29541034960522, 67.29989125918163, 67.08971372375534, 64.04707766650469, 63.695440557917486, 64.73747015947593, 64.09950865129427, 64.44837313006434, 63.701088775028396, 64.08361453467761, 65.0687786949751, 62.41349006560208, 64.80098489269707, 64.91232719514615, 63.661104372751026, 64.268857630306, 63.44965368104679, 66.68562363677411, 67.75210856986908, 68.86990017225763, 68.2401263863709, 68.13220395903537, 68.62504767666839, 68.54466801022741, 68.79334579221614, 69.20314366582569, 68.86248905430416, 69.25209004985881, 68.85998931645194, 68.72259549075675, 68.7942267243267, 68.83030673903195, 68.74920866095226, 68.74876447109254, 69.01455831253092, 69.05241158344987, 69.23381901822889, 69.39825402199435, 69.4340754716426, 67.10610688450755, 68.4211511386695, 68.60668292027877, 68.23018310754895, 67.09012083901817, 66.73913440191004, 66.79502785274872, 67.28555654024608, 67.6649870454016, 67.95056699619467, 68.30061117731809, 68.61058747480467, 64.58090394489403, 64.77564068429419, 67.84836203810057, 67.78336425150417, 68.15928792919388, 68.42901013439723, 69.11175146308287, 69.44740739434528, 68.69121175204091, 68.6386511004198, 67.97537497004434, 67.71290668009023, 67.97254249609936, 67.74333589862906, 68.23399347059454, 68.16014054116717, 67.76252545797658], "rmsdiffs": [9.845678974425304, 6.562556987412496, 6.073163665889076, 4.482747134544393, 4.869614005030312, 3.495923938815765, 7.144275443939988, 5.934608870274462, 7.473717838631786, 5.7763221826331534, 5.003731640160708, 3.926851120817586, 6.415243861401383, 3.6217887592357747, 7.2252393469852745, 5.436502686938761, 6.64241640073397, 5.634422403044302, 6.190017329413034, 6.022511983885943, 5.116492123498724, 7.3592732521298005, 5.850669474625611, 6.363327104427466, 6.017939681701003, 5.728717249780923, 5.428059273202946, 5.120701070001137, 5.61883888379131, 5.073937050401014, 4.477966830509943, 7.847403700130727, 5.610026566377573, 6.428369203830907, 7.866426118971521, 6.763016263164705, 7.413504354319717, 5.492493321409625, 6.229277106000509, 5.443332101885174, 5.818977441850231, 5.333218951702029, 6.655545505784848, 7.631119113268814, 7.55576388869081, 6.708338656385066, 8.225471749278228, 6.250028453484812, 6.70432604999381, 8.836219550521772, 8.477565594803076, 7.497882438170722, 6.289187008186953, 5.953757837309703, 6.603651055916051, 6.741233995722212, 6.286645956119914, 4.61855838449993, 5.980640607506914, 7.951042335560006, 6.438609597896975, 4.863759516751465, 6.174575169283046, 6.1503850449567254, 5.6095308300798274, 6.309973146437769, 6.636198251265641, 7.269589276165399, 7.401036644963256, 7.036524998811476, 6.926169027387082, 5.86093664274893, 7.38018325323499, 6.902800309552653, 6.7494271365142735, 5.93760380854534, 5.794503308737254, 6.236987876551359, 5.858918411847032, 5.764978912643319, 7.660589036006024, 7.028347276252148, 6.833627838336963, 7.120496015089567, 7.097255956502699, 7.469423308710517, 6.978434441884975, 7.052612202039101, 8.06500253911393, 6.641487012227328, 4.963429603931539, 6.285406812818223, 6.346758341146372, 7.229724760371037, 5.549275743540254, 5.1038664944677805, 7.817480267933112, 5.540822213096119, 5.299216329149271, 7.906550937899752, 7.466884581091515, 5.706840259652529, 5.648420789623727, 5.655594814190656, 5.886936725190531, 5.907358792812691, 5.618897895749543, 7.5219854263974595, 7.481408882906978, 7.71606711849074, 5.926990931317571, 7.132527984968254, 7.2410056847764555, 6.09041644628029, 4.9045936106223795, 6.2418521383030985, 6.296952768357003, 5.567031074159888, 6.090537820912133, 8.241850287225358, 8.357186421881314, 6.567649026819806, 7.5644961658045435, 6.187899178070879, 6.128040668519204, 6.414892438613181, 6.033229363010123, 5.729365612802245, 6.731381795759448, 6.160814827343524, 6.498365442808936, 4.679785028761314, 6.432163936247986, 6.099325490809854, 8.021196802924747, 7.619119433533079, 7.745204820064283]}, "frame_states": [0, 0, 0, 0, 0, 0, 0, 0, 0, 0, 0, 0, 0, 0, 0, 0, 0, 0, 0, 0, 0, 0, 0, 0, 1, 1, 1, 1, 1, 1, 1, 1, 1, 1, 0, 0, 0, 0, 0, 0, 0, 0, 0, 0, 0, 0, 0, 0, 0, 0, 0, 0, 0, 0, 0, 0, 0, 0, 0, 0, 0, 0, 0, 0, 0, 0, 0, 0, 0, 0, 0, 0, 0, 0, 0, 0, 0, 0, 0, 0, 0, 0, 0, 0, 0, 0, 0, 0, 0, 0, 0, 0, 0, 0, 0, 0, 1, 1, 1, 1, 1, 1, 1, 1, 1, 0, 0, 0, 0, 0, 0, 0, 0, 0, 0, 0, 0, 0, 0, 0, 0, 0, 0, 0, 0, 0, 0, 0, 0, 0, 0, 0, 0, 0, 0, 0, 0]}