{"phase1": {"shift_vectors": [[0, -63], [-4, 5], [-15, 6], [-6, 7], [-7, 10], [-5, 6], [-10, -11], [-6, -15], [-6, -11], [-6, -11], [8, 9], [-8, -9], [0, -3], [-1, -2], [-2, -5], [0, -1], [0, -1], [0, -1], [3, 26], [2, 13], [1, 6], [0, 7], [-2, 9], [-4, 5], [-5, 6], [-5, -6], [-14, -19], [-7, -10], [-6, -7], [-5, -6], [-8, 9], [0, 3], [0, 3], [1, 2], [10, 11], [-4, 9], [4, 15], [5, 18], [5, 32], [1, 8], [1, 0], [-2, -9], [-5, -12], [-3, -14], [-2, -13], [-3, -12], [-6, -25], [-3, -8], [-2, -9], [-2, -9], [-3, -16], [0, -7], [2, 3], [4, 5], [2, -13], [8, -9], [6, -7], [2, 3], [14, -9], [1, -2], [-4, -5], [-2, 3]], "stand_dev": [51.84017446914215, 53.44471264846347, 57.623630046473565, 59.35268061630283, 60.80418648414727, 62.363532459371136, 64.61593987216459, 64.9436391490277, 64.98208608239244, 65.9318034572785, 64.69423760395438, 66.17848959219702, 66.21748436281027, 66.2081801100709, 66.60461062136261, 66.77786694012055, 66.94899665194588, 67.1530030853331, 66.88377954695775, 67.64179029627037, 68.02921010957806, 68.31821919411077, 68.6559279262876, 68.55756578889132, 68.97816499893108, 69.47991089787222, 70.58312191055678, 71.18098208643474, 71.59283071351463, 71.91331819217481, 72.38196300347654, 72.46058622069833, 72.54441786844863, 72.2012572083379, 71.35922282455466, 72.01916444580291, 71.2205801364621, 70.18944498415416, 67.36111071790381, 66.35868233617806, 66.0998280459445, 66.6276182244247, 68.72355770818778, 69.92698307650396, 70.9719768662945, 71.70703475136393, 72.67432555045347, 73.23752791016113, 73.93828464463088, 74.52267709049556, 75.39806378297074, 75.19210382337293, 74.88632677735366, 74.44406605945872, 73.71188036207701, 72.66491848942232, 71.54127070279758, 71.57207881177938, 70.23531825815411, 70.04985484033688, 70.61463117512463, 71.01420162906692], "rmsdiffs": [9.766321700737159, 6.377594289400023, 5.488112268456836, 5.246046197469212, 5.664573936191734, 5.486435476940056, 6.087379756138704, 4.96403284549595, 4.823290376041244, 5.4660261279415465, 7.872454512305858, 6.926478762381958, 4.709650976975891, 4.331410182730317, 4.494167412355159, 4.404241217660838, 3.8376315044655933, 3.494956324122076, 6.82421569229762, 5.1945678881166835, 3.869750030314433, 3.7489936090551748, 5.033817795465216, 5.0822014295343045, 5.507736532050313, 6.356285251994628, 7.452782356064134, 6.703506763916552, 6.377016815432762, 6.419260064300369, 5.247062378253555, 3.9274640341441445, 3.5661883825496283, 3.8733766709037694, 6.2768807033420515, 4.802891042703013, 4.856369720452343, 4.264738089825958, 4.600637788635824, 4.051829790971076, 5.518557160626946, 4.487586341555328, 5.177995223738834, 3.9213636361415523, 4.0566207086233215, 4.061195643664306, 4.198286382598071, 4.009794607857464, 3.460960624417112, 3.138027507897292, 3.704166314947034, 3.331197896605005, 6.536466110617206, 7.084634767083944, 4.820899985637008, 4.322005913330256, 5.811722556138987, 4.596766350575389, 6.048745522208239, 6.5119478705299185, 6.362651438931205, 5.752496156748191]}, "frame_states": [0, 0, 0, 0, 0, 0, 0, 0, 0, 0, 0, 0, 0, 0, 0, 0, 0, 0, 0, 0, 0, 0, 0, 0, 0, 0, 0, 0, 0, 0, 0, 0, 0, 0, 0, 0, 0, 0, 0, 0, 0, 0, 0, 0, 0, 0, 0, 0, 0, 0, 0, 0, 0, 0, 0, 0, 0, 0, 0, 0, 0, 0]}