{"phase1": {"shift_vectors": [[56, 3], [1, 0], [-1, 0], [1, 0], [1, 0], [1, 0], [1, 0], [-3, -18], [5, 2], [5, 2], [2, 1], [-5, 0], [-2, -1], [-1, 0], [4, 1], [8, 3], [4, 3], [3, 2], [3, 2], [5, 2], [2, 1], [1, 0], [1, 0], [4, 1], [1, 0], [1, 0], [1, 0], [3, 2], [1, 0], [1, 0], [1, 0], [2, 1], [1, 0], [1, 0], [-1, 0], [1, 0], [1, 0], [1, 0], [1, 0], [2, -1], [-1, 0], [1, 0], [1, 0], [-1, 0], [1, 0], [1, 0], [1, 0], [-3, 2], [-1, 0], [-2, 1], [-1, 0], [-3, -2], [-4, -3], [-2, -1], [-3, -2], [-6, -3], [-3, -2], [-2, -1], [-2, -1], [-14, -5], [-5, -2], [-5, -2], [-7, -2], [-12, -3], [1, 0], [1, 0], [-2, -1], [2, 1], [1, 0], [-1, 0], [-1, 0], [1, 0], [-4, 3], [1, 0], [-2, 1], [-5, 0], [-3, 0], [-2, -1], [-2, -1], [-4, 3], [-6, 1], [-6, 1], [-4, 1], [-9, 0], [-5, 0], [-3, 0], [-3, 0], [-6, -1], [-3, 0], [-4, -1]], "stand_dev": [79.1035187319767, 79.4210719879806, 78.57640324283373, 80.57117963356214, 81.00419960905025, 81.33947825846421, 81.48668832783102, 78.07769147523591, 78.50571871232299, 79.14214489286128, 79.17404283695348, 79.51578004227434, 79.47614768807206, 79.078873802655, 78.73904452964425, 79.53152314844878, 79.87535128049784, 80.28959755588342, 80.7361685069151, 81.01753074248595, 81.41846013963102, 81.43996111175375, 81.45619922053966, 82.0342694311069, 82.40660090940153, 82.71728610217208, 82.84999282227875, 83.2786011267327, 84.01296840966138, 84.71209908208616, 85.69675602410483, 85.90415001113114, 86.13331360155526, 86.16855542403131, 85.70497032617968, 85.52638928975274, 85.4359176189444, 85.43454117175524, 85.18053447012134, 84.93528925332794, 84.91832633206542, 84.85164582664233, 84.8672744117148, 84.90696092238493, 84.85954061059286, 84.77363730889209, 84.9369465583591, 84.88929872058206, 84.7514509038569, 85.01250914903127, 84.8018919278008, 84.2120207891565, 83.37818814240323, 82.94973234655673, 82.68977646660998, 81.58765934783506, 81.28346294141156, 81.09369313307609, 80.70100734596905, 78.81738251033687, 78.07170125638577, 78.00976161233726, 77.65351396360083, 77.7274402218417, 77.92325091129719, 77.78831178657809, 77.70600267089453, 78.215677509845, 78.60402856737673, 78.41840455551909, 78.43610913020564, 78.02266023419276, 78.56943276126952, 78.88375854513927, 79.25357488386565, 78.93426853954584, 78.85570286914326, 78.22922026870701, 77.86204772662094, 77.9970510113385, 78.30553560278, 78.43992636389225, 78.75632810129723, 78.69316213853159, 78.16295483821301, 78.35110468359619, 78.20854520140698, 77.58523342231982, 77.53309952375484, 77.19990594651662], "rmsdiffs": [9.67389724075664, 7.0541867118179304, 7.0530629091640735, 8.192708895543785, 7.8946178695273055, 7.644688792633732, 7.623566793082018, 7.464884698815436, 6.943674323979661, 6.633895796550715, 6.800013136545363, 7.266290413818647, 7.117143502136705, 7.9593554322936875, 7.1360619959279035, 7.023017896743108, 6.636036008722412, 6.1099601406392425, 6.361036379735314, 6.878542344502515, 6.3176610634749135, 6.541936331739038, 6.376939904503118, 7.189865580165137, 6.519673156144069, 6.130502737540266, 6.721892088273355, 7.180992190081199, 8.529364622231896, 8.128670405395637, 8.234783208735397, 7.4589837014541525, 6.827580692429256, 6.53315481269519, 6.1401500981054875, 7.7341468484560645, 7.572184648517445, 6.531993278089875, 7.3993216497439365, 6.678091642877791, 7.454067018105993, 7.358567635695449, 6.481939584377296, 7.346575100705856, 7.029565021060996, 7.497258526370344, 7.702175316616357, 7.0974380147787395, 6.708354596142393, 6.501872917013648, 6.205116703897659, 6.931380136042136, 8.095552437960032, 5.488273689091787, 6.9214665099614745, 7.174492677118833, 6.752202940311611, 7.408629664460313, 7.366624184528157, 7.47363723806054, 7.35089141721151, 6.462124659746996, 6.941330369883971, 7.2019992625120075, 7.73839599408648, 8.26483848649143, 7.399148602384419, 7.730811955908111, 7.933961149612538, 7.958175369253303, 6.420456474881898, 8.599177707328693, 8.340572670751378, 8.768810171314746, 7.290316528301308, 7.073370019274497, 6.2129456262118365, 8.36009223848169, 7.05685656623133, 7.579946679933212, 6.511127298442216, 6.386948893990135, 6.583331143462434, 6.78095317323937, 7.0997849708051755, 6.089959152316885, 6.512755668268066, 7.176150458334084, 6.475371972085522, 6.761066401496401]}, "frame_states": [0, 0, 0, 0, 0, 0, 0, 0, 0, 0, 0, 0, 0, 1, 1, 1, 1, 1, 1, 1, 1, 1, 1, 1, 1, 1, 1, 1, 1, 1, 1, 1, 1, 1, 1, 1, 1, 1, 1, 1, 1, 1, 1, 1, 1, 1, 1, 1, 1, 1, 1, 1, 1, 1, 1, 1, 1, 1, 1, 0, 0, 0, 0, 1, 1, 1, 1, 1, 1, 1, 1, 1, 1, 1, 1, 1, 1, 1, 1, 1, 1, 1, 1, 1, 1, 1, 1, 1, 1, 1]}