{"phase1": {"shift_vectors": [[4, 13], [3, -2], [1, 0], [1, 0], [-2, 1], [-1, 0], [5, -2], [1, 0], [1, 0], [-9, 8], [-1, 0], [3, -2], [-1, 0], [1, 0], [-1, 0], [-1, 0], [-1, 0], [1, 0], [1, 0], [3, 0], [1, 0], [2, -1], [1, 0], [-1, 0], [-2, 1], [-6, 5], [-4, -1], [1, 0], [-3, 2], [-5, 4], [-1, 0], [-1, 0], [1, 0], [3, -2], [-1, 0], [-2, -1], [-1, 0], [-3, -2], [1, 0], [-1, 0], [2, -1], [-2, 1], [-2, 1], [10, 1], [3, -2], [-6, -1], [1, 0], [1, 0], [3, -2], [3, -2], [2, -1], [1, 0], [1, 0], [2, -1], [-3, 0]], "stand_dev": [95.76934295010241, 95.96003936765639, 95.7916501594694, 95.94820525725434, 96.0711117673213, 96.09629010887112, 95.68893938856206, 95.48215590404034, 95.17287783347105, 94.43658366400052, 95.43812546535881, 94.88776772400566, 95.14040169147692, 94.98850260038148, 94.80751776358825, 94.79405766824557, 94.6010661764977, 94.35901905396678, 94.22862998585039, 94.19650576671654, 94.1359442725872, 93.84363947421406, 93.70379873958801, 93.65294006781748, 93.47620122280472, 93.22885057943292, 93.52509179645342, 93.77866246508731, 93.76737735896094, 94.44553453578601, 94.60647913942992, 94.85502769531017, 95.11640093301202, 95.56786458158024, 95.5658662889676, 95.59495625220212, 95.6329243369522, 95.53156052454746, 95.36167489918837, 95.31813637860678, 94.89849300942562, 94.64615986953115, 94.56563616230262, 93.91040871229593, 94.52939563531073, 94.10475068697315, 94.36172630425793, 94.43931303448831, 94.24487575243387, 94.88806346354335, 94.77033104054436, 94.86323080218165, 94.9076777615875, 94.76357275994933, 94.62737967099619], "rmsdiffs": [7.743168833588055, 6.950065329501145, 6.626908047986909, 6.690397578102995, 5.409116976684838, 6.2447286064137435, 5.657640370204812, 6.384806139177672, 6.792607368822347, 7.623176008395561, 6.391637158097449, 6.115519020752712, 6.174503683687567, 6.868791675281843, 5.948546987929543, 6.458681187731012, 5.8670232143752195, 6.244532646028047, 5.6281983893665135, 5.756233018148115, 6.195070917183043, 6.475809768214532, 4.923226881648499, 6.7658355114993975, 6.349788899836319, 6.586363483954811, 4.9449081175371585, 5.680568804006728, 6.503233192531803, 6.182788480648794, 6.050537755373065, 4.860516171954726, 5.731089199408834, 7.015152844681073, 4.1481943161042105, 4.837612413758865, 5.185313918962348, 5.9918085598899085, 6.220585800910219, 6.053513244783098, 6.671993328437971, 6.584510093922851, 6.625058148015554, 6.162448412617016, 6.386842141555871, 6.296716480563229, 6.598234128803034, 6.880794376141442, 5.901560488271914, 5.964443463490522, 5.289079990568951, 5.577810666469947, 5.554603204757493, 6.933823726830049, 5.645103569787085]}, "frame_states": [1, 1, 1, 1, 1, 1, 1, 1, 1, 1, 1, 1, 1, 1, 1, 1, 1, 1, 1, 1, 1, 1, 1, 1, 1, 1, 1, 1, 1, 1, 1, 1, 1, 1, 1, 1, 1, 1, 1, 1, 1, 1, 1, 1, 1, 1, 1, 1, 1, 1, 1, 1, 1, 1, 1]}