{"phase1": {"shift_vectors": [[-47, -10], [7, -6], [8, -5], [7, -2], [5, 0], [3, 0], [-4, 1], [-5, 4], [-6, 5], [-8, 5], [1, 10], [9, 4], [10, 3], [9, 2], [21, 0], [3, -2], [0, -9], [5, -4], [-3, -30], [1, 0], [-10, -7], [-9, -2], [-16, -29], [-1, 12], [6, 13], [-2, 11], [-29, -2], [-3, 2], [-3, 2], [-13, 0], [-24, -11], [-15, -12], [-13, -8], [-13, -8], [-24, -19], [-9, -8], [-7, -6], [-5, 0], [-7, 2], [-5, 4], [-9, 6], [-5, 4], [10, 11], [-5, 4], [-5, 4], [-5, 4], [-26, 9], [-15, 4], [-36, 3], [-19, 2], [-36, 1], [-23, 0], [-19, -4], [-22, -3], [-38, -15], [-30, -1], [-35, -2], [-27, -4], [-61, -2], [-28, -1], [-43, 0], [-35, 0], [-38, 1], [-59, 4], [-42, 3], [-44, 5], [-46, 15], [-55, 8], [-46, 7], [-41, 14], [-18, 5], [-17, 8], [-9, 0], [6, -1], [7, -2], [8, -17], [9, -8], [9, -8], [6, -5], [7, -14], [7, -6], [8, -5], [9, 6], [11, 22], [-7, 6], [-4, 3], [6, 5], [13, -2], [7, -2], [7, 0], [5, 2], [10, 13], [2, 7], [3, 8], [-5, 4], [4, -1], [6, -5], [4, -1], [21, 6], [20, -7], [9, -8], [10, -3], [7, -2], [6, 1], [3, 2], [5, 4], [6, 5], [11, 10], [-9, 4], [-8, 3], [-7, 2], [11, 0], [-6, -15], [3, -2], [9, -8], [5, -4], [24, 3], [17, 6], [-1, 0], [34, -1], [2, -1], [-3, 0], [-2, 1], [-19, 6], [-6, 3], [-3, 2], [-2, 1], [2, 1], [2, -1], [2, -1], [2, -1], [3, -2], [3, -2], [3, -2], [3, -2], [3, -2], [2, -1], [2, -1], [-3, 0], [-9, 0], [-7, 0], [-6, -1], [-6, -1], [-13, -2], [-13, -2], [-10, -1], [-7, 0], [-17, 0], [-5, 4], [-7, 6], [-1, 20], [-17, 22]], "stand_dev": [63.75776057397157, 64.39007485262186, 64.89778034282523, 65.40580327586079, 66.00895954743709, 66.11388778075536, 66.17082656636465, 65.47948759491331, 64.85892060484673, 65.21929708931937, 64.748182383974, 64.68689801651027, 63.29765531520774, 62.4771437245566, 62.31267060833706, 61.43539819454397, 62.32502100232591, 61.56883970169011, 62.782134087727364, 59.986485637914726, 60.00576661813109, 58.67528439986991, 56.26171023055161, 57.10195305251491, 56.041300640912624, 52.70096865920079, 56.454802902635265, 57.26789255209937, 56.5456635606848, 56.64581209634672, 55.14043543938151, 53.18084272630984, 54.93597021093961, 56.157175892669706, 58.41787891776643, 59.934896862775695, 61.69451694934102, 62.27083851186678, 61.49668130671477, 59.90311338785276, 59.25293975552692, 58.73369399813535, 58.53889855073343, 58.29989436646421, 58.14276522676947, 58.211593136519944, 58.14157099563516, 57.83994839045071, 53.670819986487444, 54.710765881774996, 49.047575479968096, 49.02846989718901, 50.10989826451028, 50.53678422968629, 49.0658407639345, 44.828429644404764, 44.935864896941965, 49.735022031526796, 52.25999914290628, 53.262509141675466, 53.826527706706514, 52.79854270832283, 55.96654888451154, 53.88699197863041, 55.60621407479076, 53.50085252958394, 50.796888660320796, 51.32673299072063, 49.03559775879514, 54.88558215083615, 57.94681976752735, 57.2407927529611, 60.038724247955464, 59.71111947447288, 61.0437227342609, 60.0678908781913, 62.18012236909984, 64.42208557946564, 64.69902728375045, 66.00853238675198, 65.1627743707701, 64.74579568261774, 61.225643763820756, 62.76406078176417, 62.31730812306789, 60.03342750787711, 59.78349767527175, 60.71697148962323, 62.15428148042157, 62.21392896318423, 61.10979806605429, 58.7671652062111, 56.311116358115825, 55.93304617694396, 56.714306143505084, 56.66052267423867, 57.665346156232864, 53.52017262003087, 55.47052072245161, 56.01653992063398, 57.63259819502864, 59.28181508500178, 59.49688149603362, 60.86574494374431, 60.51264313140414, 60.07031611187303, 59.86039401649149, 58.40866311479735, 57.4363538314717, 56.3823941487148, 57.344608658584505, 53.50122712322146, 57.90079055526379, 58.575476152415064, 58.028378881517604, 56.9082794795055, 52.62845725580976, 55.84593506917341, 56.523588073281964, 55.76802862703101, 55.393437824162994, 56.87619119423753, 57.016626307156265, 56.97907087129892, 57.438370185633076, 58.73807552769018, 58.973577627617765, 59.23536477884139, 59.54422386864312, 59.72021933679172, 60.30882718267058, 60.31550160833997, 60.324440936639384, 60.07659134891313, 60.012103783155254, 60.51217118867936, 60.31437792268731, 60.302845314495045, 59.83996325775211, 59.96140987453982, 57.21771407078909, 58.759987166101034, 59.747894259138675, 58.73147966615346, 59.392781480324814, 60.63152552206732, 60.06401763315713, 61.109481922836125, 61.13433675138229, 60.64829782534638, 55.72969706758677, 56.936014269699264], "rmsdiffs": [10.185364864939503, 8.222242635814773, 6.613124117247688, 4.986747155071277, 5.861398553321117, 5.00966360757039, 5.383264202134357, 6.903397453369323, 5.44443490343866, 5.404092563776801, 6.224747778782425, 5.801846356423003, 5.548522425575075, 5.297443621549591, 6.348278641965035, 6.800523274702209, 5.909279350565511, 7.945915838906002, 7.88736747114342, 8.143938810531322, 6.8850688340421575, 6.266453168381, 7.843856914356382, 7.048262766284524, 6.357306401688665, 7.936891795692181, 7.884928426932869, 7.8567225957625055, 7.023958855261285, 6.63918645161612, 7.1794771197401035, 7.717034747061615, 7.322120944467993, 6.187695834865883, 6.400278282834764, 7.494322936639053, 6.657313638813555, 6.161268830021989, 6.828118385387369, 8.170024545282116, 6.108229355179052, 7.34367834314234, 6.46672440905811, 7.518364081406651, 7.510993152491743, 6.846184515006773, 6.860765760059622, 6.258273804431695, 7.7230274350860615, 7.449878401919346, 7.004774858252715, 5.749946170638819, 6.539438971633935, 6.426957988213364, 7.087089874613341, 7.6841301378333435, 7.411836803872538, 7.8150307913984625, 7.978233394866988, 6.935804919482304, 7.279019142194659, 7.4675736117820035, 7.839356505199026, 9.100268786784428, 7.853513805832089, 7.963353357195619, 8.177890315431195, 9.705577882627187, 8.845475867296829, 8.892847092157766, 8.314079685573734, 7.644373229321472, 7.990431359362341, 7.4982035521806045, 7.418223362890771, 8.368488755570452, 7.442077816243433, 8.327541959409302, 8.40601470487378, 7.267362562907718, 7.347001869145165, 6.655985567586043, 8.549570416996657, 8.443522016027758, 9.369019083021474, 9.282902440299472, 6.609874320305571, 7.551526894374872, 6.541913493669006, 6.918835350323041, 6.3794389953225865, 7.171975049484274, 6.577296027960144, 6.1873072334116355, 9.041264872492066, 7.518266969263886, 7.511720082436576, 7.75973577114099, 7.644521040199123, 8.083793664094557, 7.682441302904227, 7.177973436450924, 6.22643420996667, 7.03695426595624, 7.087654264301972, 7.745820207761539, 7.793375942398328, 9.35526586039362, 7.225480700956089, 6.389459056668261, 6.7494768598132655, 8.50118293461318, 7.785563871707617, 8.040791807884887, 7.92901918242205, 8.359199115692274, 8.134539441734566, 8.133392888330306, 7.357989860011921, 7.334913439513407, 8.151418630711118, 7.451619640688352, 7.796896357417219, 6.526568063431882, 6.046215750216094, 6.997768578176418, 6.2097080144661145, 6.694291980037662, 6.268914237770595, 6.182561257993278, 6.201705157768624, 7.705380566860552, 7.654530471210751, 7.626372918694944, 8.111966473683264, 8.745574742237858, 7.92732646407998, 8.376684190639297, 4.943947983550215, 6.647732621360951, 8.035524567918507, 7.362595090902976, 6.164446788420714, 7.069512085191202, 7.485219576818912, 7.549917009458768, 6.86581594908108, 7.233969812198721, 7.716144913716308, 8.718271382924485, 8.416392477781285, 8.177976313815204]}, "frame_states": [0, 0, 0, 0, 0, 0, 0, 0, 0, 0, 0, 0, 0, 0, 0, 0, 0, 0, 0, 0, 0, 0, 0, 0, 0, 0, 0, 0, 0, 0, 0, 0, 0, 0, 0, 0, 0, 0, 0, 0, 0, 0, 0, 0, 0, 0, 0, 0, 0, 0, 0, 0, 0, 0, 0, 0, 0, 0, 0, 0, 0, 0, 0, 0, 0, 0, 0, 0, 0, 0, 0, 0, 0, 0, 0, 0, 0, 0, 0, 0, 0, 0, 0, 0, 0, 0, 0, 0, 0, 0, 0, 0, 0, 0, 0, 0, 0, 0, 0, 0, 0, 0, 0, 0, 0, 0, 0, 0, 0, 0, 0, 0, 0, 0, 0, 0, 0, 0, 0, 0, 0, 0, 0, 0, 0, 0, 0, 0, 0, 0, 0, 0, 1, 0, 0, 0, 0, 0, 0, 0, 0, 0, 0, 0, 0, 0, 0, 0, 0, 0, 0, 0]}