{
    "frame_states": [
        0, 
        0, 
        0, 
        0, 
        0, 
        0, 
        0, 
        0, 
        0, 
        0, 
        0, 
        1, 
        1, 
        1, 
        1, 
        1, 
        1, 
        1, 
        1, 
        1, 
        1, 
        1, 
        1, 
        1, 
        1, 
        1, 
        1, 
        1, 
        1, 
        1, 
        1, 
        1, 
        1, 
        1, 
        1, 
        1, 
        1, 
        1, 
        1, 
        1, 
        1, 
        1, 
        1, 
        1, 
        1, 
        1
    ], 
    "phase1": {
        "rmsdiffs": [
            8.610159731788338, 
            5.449388943169541, 
            5.414125040717964, 
            5.300151899215313, 
            5.273964523107154, 
            5.319193812357635, 
            5.476118303551467, 
            5.501861416568237, 
            5.4125872443908865, 
            6.038575063866267, 
            5.241652578408708, 
            6.780338929632908, 
            5.907610053709328, 
            5.497045569964031, 
            6.776861838108014, 
            5.563719353828475, 
            5.655963917727619, 
            5.826727387060676, 
            6.494317902195737, 
            5.644279783927776, 
            5.599639259190945, 
            7.307491100695924, 
            5.633028284221847, 
            5.685599260390049, 
            7.10559926743692, 
            5.787104245827779, 
            5.971655357600896, 
            5.993151267149631, 
            5.915289097347575, 
            5.833796464214424, 
            5.9571544463399855, 
            5.911354672756386, 
            5.90422126325217, 
            6.150667963493747, 
            5.586248158866208, 
            5.796288213240233, 
            6.446423931054315, 
            6.779739768363221, 
            5.791669903512904, 
            5.975650469981026, 
            6.424966855619523, 
            6.202297701914037, 
            5.99175228640661, 
            6.2141194027241555, 
            6.254348165793153, 
            6.9203981173477915
        ], 
        "shift_vectors": [
            [
                45, 
                0
            ], 
            [
                -1, 
                0
            ], 
            [
                -1, 
                0
            ], 
            [
                -1, 
                0
            ], 
            [
                -1, 
                0
            ], 
            [
                -1, 
                0
            ], 
            [
                -1, 
                0
            ], 
            [
                -1, 
                0
            ], 
            [
                -1, 
                0
            ], 
            [
                -1, 
                0
            ], 
            [
                -1, 
                0
            ], 
            [
                1, 
                0
            ], 
            [
                -1, 
                0
            ], 
            [
                -1, 
                0
            ], 
            [
                1, 
                0
            ], 
            [
                -1, 
                0
            ], 
            [
                -1, 
                0
            ], 
            [
                -1, 
                0
            ], 
            [
                1, 
                0
            ], 
            [
                -1, 
                0
            ], 
            [
                -1, 
                0
            ], 
            [
                1, 
                0
            ], 
            [
                -1, 
                0
            ], 
            [
                -1, 
                0
            ], 
            [
                1, 
                0
            ], 
            [
                -1, 
                0
            ], 
            [
                -1, 
                0
            ], 
            [
                -1, 
                0
            ], 
            [
                -1, 
                0
            ], 
            [
                -1, 
                0
            ], 
            [
                -1, 
                0
            ], 
            [
                -1, 
                0
            ], 
            [
                -1, 
                0
            ], 
            [
                -1, 
                0
            ], 
            [
                -1, 
                0
            ], 
            [
                -1, 
                0
            ], 
            [
                -1, 
                0
            ], 
            [
                1, 
                0
            ], 
            [
                -1, 
                0
            ], 
            [
                -1, 
                0
            ], 
            [
                1, 
                0
            ], 
            [
                1, 
                0
            ], 
            [
                1, 
                0
            ], 
            [
                1, 
                0
            ], 
            [
                1, 
                0
            ], 
            [
                -1, 
                0
            ]
        ], 
        "stand_dev": [
            78.4474505969087, 
            78.40070824661504, 
            78.46255167566348, 
            78.59554089429759, 
            78.63681228809578, 
            78.72858338065619, 
            78.85441944823354, 
            78.97420916859384, 
            78.9799312567443, 
            79.43508830295305, 
            79.30853852069701, 
            79.24826661677541, 
            79.57506006553892, 
            79.55459122293364, 
            79.62081408239999, 
            79.46110888152262, 
            79.41407571189922, 
            79.27860436978894, 
            79.13317348525227, 
            79.0989585882935, 
            78.95500581342482, 
            78.99920308531789, 
            78.70812044169723, 
            78.57489109798688, 
            78.84926505735666, 
            78.69246126934904, 
            78.63592227236896, 
            78.56727029381739, 
            78.5992419679723, 
            78.56283112174143, 
            78.61433528225967, 
            78.56328180989536, 
            78.59861827745826, 
            78.82867059950213, 
            78.7275203193833, 
            78.68530802796899, 
            78.87811818759963, 
            78.75471723151023, 
            78.8276513087308, 
            78.8022513389396, 
            78.77081390362392, 
            78.64203416019717, 
            78.72260809209388, 
            78.77050044143776, 
            78.85297117757338, 
            79.10287738656001
        ]
    }
}