{
<<<<<<< HEAD
    "brightness": [
        109, 
        110, 
        111, 
        111, 
        112, 
        112, 
        112, 
        113, 
        113, 
        113, 
        113, 
        114, 
        114, 
        114, 
        114, 
        114, 
        115, 
        115
    ], 
    "horizontal_movement": [
        [
            2.103448275862069, 
            1.8518518518518519, 
            1.4516129032258065, 
            1.21875, 
            1.096774193548387, 
            1.064516129032258, 
            0.8709677419354839, 
            1.4838709677419355, 
            1.09375, 
            1.15625, 
            1.8214285714285714, 
            1.7241379310344827, 
            1.3125, 
            1.1666666666666667, 
            1.032258064516129, 
            0.875, 
            1.0
        ], 
        [
            1.8846153846153846, 
            1.76, 
            1.48, 
            1.12, 
            1.08, 
            1.2083333333333333, 
            0.9090909090909091, 
            1.4761904761904763, 
            1.1, 
            0.9473684210526315, 
            1.631578947368421, 
            2.3157894736842106, 
            1.6470588235294117, 
            2.263157894736842, 
            0.55, 
            2.142857142857143, 
            2.3529411764705883
        ], 
        [
            -0.3333333333333333, 
            -0.8571428571428571, 
            -0.875, 
            -0.2857142857142857, 
            -0.7777777777777778, 
            -1.375, 
            -2.0, 
            -1.5, 
            -2.75, 
            -0.14285714285714285, 
            0.16666666666666666, 
            0.42857142857142855, 
            -1.2857142857142858, 
            -0.8333333333333334, 
            -0.7142857142857143, 
            -0.5555555555555556, 
            -0.7777777777777778
        ], 
        [
            2.0625, 
            1.7083333333333333, 
            1.6808510638297873, 
            1.1702127659574468, 
            1.2765957446808511, 
            1.25, 
            0.9347826086956522, 
            1.891304347826087, 
            1.2826086956521738, 
            1.0625, 
            1.6875, 
            1.7872340425531914, 
            1.1041666666666667, 
            0.7708333333333334, 
            0.7291666666666666, 
            0.8958333333333334, 
            0.8125
        ], 
        [
            1.9130434782608696, 
            1.7777777777777777, 
            1.4444444444444444, 
            1.0217391304347827, 
            1.3333333333333333, 
            1.0222222222222221, 
            1.0, 
            1.9777777777777779, 
            1.0909090909090908, 
            0.9772727272727273, 
            1.3953488372093024, 
            1.627906976744186, 
            1.0, 
            1.0, 
            1.0, 
            1.0, 
            0.9736842105263158
        ], 
        [
            2.0, 
            2.0, 
            1.5813953488372092, 
            1.186046511627907, 
            1.1818181818181819, 
            1.1590909090909092, 
            1.0227272727272727, 
            1.9545454545454546, 
            1.4772727272727273, 
            1.0444444444444445, 
            1.6666666666666667, 
            1.7777777777777777, 
            1.0, 
            1.0, 
            1.0, 
            0.9772727272727273, 
            1.0
        ], 
        [
            1.3333333333333333, 
            1.0740740740740742, 
            1.1379310344827587, 
            0.8928571428571429, 
            0.9642857142857143, 
            1.0357142857142858, 
            0.8709677419354839, 
            1.84375, 
            1.3125, 
            0.8064516129032258, 
            1.1935483870967742, 
            1.1612903225806452, 
            0.9032258064516129, 
            0.65625, 
            0.625, 
            0.6774193548387096, 
            0.7419354838709677
        ], 
        [
            0.8125, 
            0.7222222222222222, 
            0.5263157894736842, 
            0.45, 
            0.45, 
            0.2777777777777778, 
            0.3333333333333333, 
            1.1666666666666667, 
            0.6875, 
            0.06666666666666667, 
            0.4444444444444444, 
            0.391304347826087, 
            0.36363636363636365, 
            0.30434782608695654, 
            -0.21739130434782608, 
            0.22727272727272727, 
            0.36363636363636365
        ], 
        [
            0.9090909090909091, 
            0.7333333333333333, 
            0.8125, 
            0.8235294117647058, 
            0.5625, 
            0.21052631578947367, 
            -0.15, 
            1.105263157894737, 
            0.5263157894736842, 
            0.0, 
            0.3333333333333333, 
            0.5294117647058824, 
            0.47619047619047616, 
            0.3, 
            0.2, 
            0.19047619047619047, 
            0.14285714285714285
        ]
    ],