{
    "frame_states": [
        1, 
        1, 
        1, 
        1, 
        1, 
        1, 
        1, 
        1, 
        1, 
        1, 
        1, 
        1, 
        1, 
        1, 
        1, 
        1, 
        1, 
        1, 
        1, 
        1, 
        1, 
        1, 
        1, 
        1, 
        1, 
        1, 
        1, 
        1, 
        1, 
        1, 
        1, 
        1, 
        1, 
        1, 
        1, 
        1, 
        1, 
        1, 
        1, 
        1, 
        1, 
        1, 
        1, 
        1, 
        1, 
        1, 
        1, 
        1, 
        1, 
        1, 
        1, 
        1, 
        1, 
        1
    ], 
    "phase1": {
        "rmsdiffs": [
            7.301299360568249, 
            5.72848351548968, 
            4.773476791775633, 
            4.7649224732745825, 
            5.456380834410294, 
            4.770009971822021, 
            5.297936544474826, 
            4.846849860815951, 
            5.3890014185692126, 
            4.774624555426225, 
            5.261271445321255, 
            4.767078678145628, 
            5.442560994522641, 
            5.007947517811869, 
            4.71782037313892, 
            4.840518645931103, 
            5.335991447670455, 
            5.337094803584137, 
            4.86821278703708, 
            5.3685117212501074, 
            5.358194289512674, 
            4.826242257485938, 
            5.457125294886469, 
            4.831679514873289, 
            5.106992965708851, 
            5.321483232532332, 
            4.7551370605498695, 
            5.403218529237925, 
            5.383491561667027, 
            5.275753256378414, 
            5.293569571063208, 
            5.3629840558181305, 
            5.35439933557696, 
            5.319620804310387, 
            5.414078471577654, 
            5.311834357942466, 
            5.094154358142971, 
            5.386823410694591, 
            5.33192918070344, 
            4.936418905633271, 
            5.3491732208916964, 
            5.328391685596906, 
            5.324287696152067, 
            5.386867391039569, 
            4.740912565760049, 
            4.658889021384846, 
            5.323449125281719, 
            4.5589694830463925, 
            5.003562893333413, 
            4.944553022317184, 
            4.602562451105644, 
            4.678216202100343, 
            4.745441854748677, 
            4.851912826592848
        ], 
        "shift_vectors": [
            [
                1, 
                0
            ], 
            [
                1, 
                0
            ], 
            [
                -1, 
                0
            ], 
            [
                -1, 
                0
            ], 
            [
                1, 
                0
            ], 
            [
                -1, 
                0
            ], 
            [
                1, 
                0
            ], 
            [
                -1, 
                0
            ], 
            [
                1, 
                0
            ], 
            [
                -1, 
                0
            ], 
            [
                1, 
                0
            ], 
            [
                -1, 
                0
            ], 
            [
                1, 
                0
            ], 
            [
                -1, 
                0
            ], 
            [
                -1, 
                0
            ], 
            [
                -1, 
                0
            ], 
            [
                1, 
                0
            ], 
            [
                1, 
                0
            ], 
            [
                -1, 
                0
            ], 
            [
                1, 
                0
            ], 
            [
                1, 
                0
            ], 
            [
                -1, 
                0
            ], 
            [
                1, 
                0
            ], 
            [
                -1, 
                0
            ], 
            [
                -1, 
                0
            ], 
            [
                -1, 
                0
            ], 
            [
                -1, 
                0
            ], 
            [
                1, 
                0
            ], 
            [
                1, 
                0
            ], 
            [
                1, 
                0
            ], 
            [
                1, 
                0
            ], 
            [
                1, 
                0
            ], 
            [
                1, 
                0
            ], 
            [
                1, 
                0
            ], 
            [
                1, 
                0
            ], 
            [
                1, 
                0
            ], 
            [
                -1, 
                0
            ], 
            [
                1, 
                0
            ], 
            [
                1, 
                0
            ], 
            [
                -1, 
                0
            ], 
            [
                1, 
                0
            ], 
            [
                1, 
                0
            ], 
            [
                1, 
                0
            ], 
            [
                1, 
                0
            ], 
            [
                -1, 
                0
            ], 
            [
                -1, 
                0
            ], 
            [
                1, 
                0
            ], 
            [
                -1, 
                0
            ], 
            [
                -1, 
                0
            ], 
            [
                -1, 
                0
            ], 
            [
                -1, 
                0
            ], 
            [
                -1, 
                0
            ], 
            [
                -1, 
                0
            ], 
            [
                -1, 
                0
            ]
        ], 
        "stand_dev": [
            92.98001777323327, 
            92.91143615174721, 
            92.87928391289705, 
            92.87064356191726, 
            92.90169547225415, 
            92.89887759478157, 
            92.90016846876244, 
            92.92520780820843, 
            92.93042447725638, 
            92.93725778703302, 
            92.94669289550907, 
            92.91780635655223, 
            92.93785911374881, 
            92.98727033848589, 
            92.94723339618177, 
            92.97224524834505, 
            92.97392103778733, 
            92.99653257897378, 
            93.00646230046004, 
            93.0329362501575, 
            93.05782528200764, 
            93.09113635597335, 
            93.12590030255613, 
            93.16044152924222, 
            93.21666400771953, 
            93.35318264363393, 
            93.31495986957964, 
            93.3449544996256, 
            93.37416952849738, 
            93.40409494338877, 
            93.4401267420996, 
            93.47430936422646, 
            93.5075319353043, 
            93.51218307930549, 
            93.53100925114711, 
            93.54087556993423, 
            93.672927177783, 
            93.67037898267462, 
            93.61567463647177, 
            93.6713426097069, 
            93.67658595650478, 
            93.67601859636027, 
            93.67869890219929, 
            93.70577150072168, 
            93.69347155312116, 
            93.69947895569358, 
            93.71194277741773, 
            93.71851868029802, 
            93.85053700169301, 
            93.83825086102914, 
            93.79918152858801, 
            93.79260866279853, 
            93.7604700378376, 
            93.7686082574053
        ]
    }
}