{
    "frame_states": [
        0, 
        0, 
        0, 
        0, 
        0, 
        0, 
        0, 
        0, 
        0, 
        0, 
        1, 
        1, 
        1, 
        1, 
        1, 
        1
    ], 
    "phase1": {
        "rmsdiffs": [
            7.954794921813196, 
            5.3385607984369825, 
            5.724764013194063, 
            5.056342034812426, 
            4.559116308716318, 
            4.377111626418849, 
            4.640431573713208, 
            5.016092108961034, 
            4.095472278158318, 
            5.380192626600859, 
            5.692995671956374, 
            5.294432716706491, 
            5.208709330856907, 
            4.962659531577472, 
            4.986453562852248, 
            4.311150054457265
        ], 
        "shift_vectors": [
            [
                -39, 
                0
            ], 
            [
                2, 
                1
            ], 
            [
                3, 
                2
            ], 
            [
                2, 
                1
            ], 
            [
                2, 
                1
            ], 
            [
                2, 
                1
            ], 
            [
                2, 
                1
            ], 
            [
                2, 
                1
            ], 
            [
                2, 
                1
            ], 
            [
                2, 
                1
            ], 
            [
                3, 
                0
            ], 
            [
                3, 
                0
            ], 
            [
                2, 
                1
            ], 
            [
                2, 
                1
            ], 
            [
                2, 
                1
            ], 
            [
                2, 
                1
            ]
        ], 
        "stand_dev": [
            82.46817904143144, 
            82.5924285612486, 
            82.8041279683629, 
            83.05896045828752, 
            83.25459682917331, 
            83.46479457521544, 
            83.70834439547464, 
            83.89476384476933, 
            84.08674794511698, 
            84.29909179082127, 
            84.51501408933733, 
            84.7398253220577, 
            84.97636248304251, 
            85.11788956617843, 
            85.1558786825933, 
            85.10788616791699
        ]
    }
}