{
    "frame_states": [
        0, 
        0, 
        0, 
        0, 
        0, 
        0, 
        0, 
        0, 
        0, 
        0, 
        1, 
        1, 
        1, 
        1, 
        1, 
        1, 
        1, 
        1, 
        1
    ], 
    "phase1": {
        "rmsdiffs": [
            7.25161722520931, 
            5.564755684221357, 
            5.3457004012931755, 
            5.525645620204346, 
            5.26473926883095, 
            5.204268575574465, 
            5.25157112724076, 
            5.374262615568988, 
            5.490327562941175, 
            5.524895443123868, 
            5.465351811414816, 
            5.463516943167679, 
            5.642298937300401, 
            5.993194787368937, 
            5.58048709365048, 
            5.613190476054238, 
            5.639670343717899, 
            5.635439365196882, 
            5.673142530016692
        ], 
        "shift_vectors": [
            [
                -45, 
                0
            ], 
            [
                1, 
                0
            ], 
            [
                1, 
                0
            ], 
            [
                1, 
                0
            ], 
            [
                1, 
                0
            ], 
            [
                1, 
                0
            ], 
            [
                1, 
                0
            ], 
            [
                1, 
                0
            ], 
            [
                1, 
                0
            ], 
            [
                1, 
                0
            ], 
            [
                1, 
                0
            ], 
            [
                1, 
                0
            ], 
            [
                1, 
                0
            ], 
            [
                1, 
                0
            ], 
            [
                1, 
                0
            ], 
            [
                1, 
                0
            ], 
            [
                1, 
                0
            ], 
            [
                1, 
                0
            ], 
            [
                1, 
                0
            ]
        ], 
        "stand_dev": [
            96.45393473131331, 
            96.33618118457622, 
            96.32026937162954, 
            96.20091033404637, 
            96.24142930201218, 
            96.25141895602883, 
            96.25475526743973, 
            96.26393047418918, 
            96.23864514108084, 
            96.20175852616178, 
            96.19327195695236, 
            96.18479143986387, 
            96.17534847317027, 
            96.07609115732346, 
            95.9528328119877, 
            95.81117086243016, 
            95.75408656043257, 
            95.67095204495973, 
            95.61062195449337
        ]
    }
}