{"phase1": {"shift_vectors": [[-44, -13], [1, 0], [1, 0], [1, 0], [1, 0], [1, 0], [1, 0], [-1, 0], [1, 0], [1, 0], [-1, 0], [1, 0], [1, 0], [1, 0], [1, 0], [-1, 0], [1, 0], [1, 0], [1, 0], [1, 0], [-1, 0], [1, 0], [1, 0], [1, 0], [1, 0], [1, 0], [1, 0], [-1, 0], [1, 0], [1, 0], [1, 0], [-1, 0], [1, 0], [1, 0], [-1, 0], [-1, 0], [-1, 0], [1, 0], [1, 0], [-1, 0], [-1, 0]], "stand_dev": [100.7389364573001, 100.81479551103762, 100.7165472469101, 100.70013161729175, 100.5791951644327, 100.41662026765836, 100.29068644397405, 100.20631357938286, 100.21831958072453, 100.03610818271432, 99.98836887442347, 99.98296038411287, 100.04817062888642, 99.92572518805285, 99.79522357353888, 99.76777366935248, 99.65675180325161, 99.48376610567244, 99.29488594107983, 99.04396488886181, 98.90387701183681, 98.68444613887651, 98.64335358977694, 98.67485230371744, 98.68836279234031, 98.47242139678146, 98.27024092417126, 98.25204685186505, 98.12127992292129, 97.99572576438794, 97.87586393130509, 97.82488341319703, 97.5593052288555, 97.44020342904575, 97.29467086086105, 97.20392857388495, 97.20898188856071, 97.19336104523414, 97.15930719426328, 97.12759898889249, 97.05748858566402], "rmsdiffs": [8.163612318045104, 5.5193609689102185, 5.145798974645536, 4.955322913618231, 5.114217943950949, 4.897140567883483, 4.948045584214061, 5.145574680563226, 5.349349971967377, 5.545961982743151, 5.121979327458904, 4.862635352356563, 5.17077007361902, 5.102783751741839, 5.11772128178806, 4.644160087438141, 5.066639897796018, 4.963597270250833, 5.014563211388258, 5.212884552965435, 5.080559074328118, 5.269620992799688, 4.992725102300309, 5.03026356727469, 5.127539597077393, 5.224733854776042, 5.307160201096659, 4.824731071038272, 5.102997148651759, 5.198464254313318, 5.221203659866051, 4.63736047276982, 5.074189635015161, 5.299362828862715, 4.013375849186517, 3.9455975964326537, 4.553577474282519, 5.110472760708272, 5.023020384731543, 4.773900235320186, 4.658372538452403]}, "horizontal_movement": [[-0.09090909090909091, 0.6, 0.0, 1.1111111111111112, 0.0, -0.1111111111111111, 0.0, 1.7, 0.0, 0.0, -7.0, 0.0, 0.0, 0.0, 0.0, 0.0, 0.0, 0.75, 0.09090909090909091, 0.5833333333333334, 0.0, 0.0, 2.7857142857142856, 0.0, 0.0, 0.16666666666666666, 0.0, 0.5, 0.125, 0.0, -0.2727272727272727, 0.2222222222222222, 0.0, -0.5714285714285714, -0.7142857142857143, -0.125, 0.0, -0.25, 0.0, 0.0, 0.0, 0.0], [1.7142857142857142, 0.0, 0.0, 0.5714285714285714, 0.45454545454545453, 0.05555555555555555, 0.0, 4.375, 0.0, 0.0, -0.8461538461538461, 0.2, 0.0, 0.0, 0.6, 0.16666666666666666, 3.375, 0.0, 0.14285714285714285, 2.5714285714285716, 0.0, 0.0, -1.1, 0.0, 0.0, 0.0, 2.0, 0.375, 0.0, 0.0, 2.375, 1.125, -0.2, 0.0, -0.3333333333333333, 0.0, 0.0, 0.0, 0.0, 0.0, 0.0, 0.0], [0.0, 0.0, 1.0833333333333333, 0.0, 0.2, 0.0, 0.1, 0.6363636363636364, 0.0, 0.0, 1.1764705882352942, 0.0, 0.0, 0.0, 0.1, -0.2, -0.08333333333333333, 0.0, -0.10526315789473684, 1.4444444444444444, 0.07692307692307693, 0.0, -1.8461538461538463, 0.2, 0.0, 0.0, 0.0, 1.7272727272727273, -0.1, 0.0, 0.8181818181818182, 0.0, -0.15384615384615385, -0.38461538461538464, -0.3076923076923077, -0.14285714285714285, 0.0, 0.0, 0.0, 0.0, 0.0, 0.0], [0.022727272727272728, 0.0, 0.0, 0.022727272727272728, 0.0, 0.022222222222222223, 0.046511627906976744, -0.18181818181818182, 0.0, 0.0, 0.0, 0.0, 0.0, 0.0, 0.0, 0.0, 0.0, 0.0, 0.0, 0.10714285714285714, 0.022222222222222223, 0.0, 0.0, 0.0, 0.0, 0.0, -0.022222222222222223, 0.0, 0.0, 0.0, 0.0, 0.0, -0.15555555555555556, -0.3333333333333333, -0.3902439024390244, -0.06666666666666667, -0.044444444444444446, 0.0, -0.044444444444444446, -0.043478260869565216, 0.0, 0.0], [0.0, 0.0, 0.0, 0.0, 0.023255813953488372, 0.022727272727272728, -0.022727272727272728, 0.023809523809523808, 0.0, 0.0, 0.0, 0.0, 0.0, 0.0, 0.0, 0.0, 0.0, 0.0, 0.0, 0.024390243902439025, 0.0, 0.0, 0.0, 0.0, 0.0, -0.022727272727272728, 0.0, -0.023255813953488372, -0.046511627906976744, 0.0, 0.0, -0.11363636363636363, -0.09090909090909091, -0.4318181818181818, -0.2972972972972973, -0.022727272727272728, 0.0, 0.0, -0.022727272727272728, 0.0, 0.0, 0.0], [-0.022727272727272728, -0.021739130434782608, -0.021739130434782608, -0.021739130434782608, -0.02127659574468085, 0.0, 0.045454545454545456, -0.022222222222222223, -0.021739130434782608, 0.0, 0.0, 0.0, -0.10869565217391304, -0.08695652173913043, -0.021739130434782608, 0.0, 0.0, 0.0, 0.0, 0.0, 0.0, 0.0, 0.0, 0.0, -0.046511627906976744, 0.0, -0.045454545454545456, -0.2727272727272727, -0.3181818181818182, -0.022727272727272728, -0.022727272727272728, -0.18181818181818182, -0.4888888888888889, -0.8636363636363636, -0.7619047619047619, -0.2391304347826087, -0.021739130434782608, -0.06521739130434782, -0.06521739130434782, -0.021739130434782608, 0.0, 0.0], [0.3548387096774194, 0.3333333333333333, 0.41379310344827586, 0.5666666666666667, 0.36666666666666664, 0.26666666666666666, 0.3, 0.5925925925925926, 0.2903225806451613, 0.25806451612903225, 0.2903225806451613, 0.12903225806451613, 0.16666666666666666, 0.16666666666666666, 0.16666666666666666, 0.23333333333333334, 0.45161290322580644, 0.4666666666666667, 0.3225806451612903, 0.7916666666666666, 0.2903225806451613, 0.23333333333333334, 0.13793103448275862, 0.27586206896551724, 0.23333333333333334, 0.2, 0.16666666666666666, 0.03333333333333333, 0.034482758620689655, 0.03571428571428571, 0.10344827586206896, -0.037037037037037035, -0.21428571428571427, -0.10714285714285714, -0.23076923076923078, -0.07142857142857142, 0.03571428571428571, -0.034482758620689655, -0.1, -0.17857142857142858, -0.037037037037037035, 0.037037037037037035], [-0.03125, -0.03125, 0.0, 0.03125, -0.03125, 0.0, 0.0625, 0.09375, 0.09375, -0.03125, 0.0, -0.0625, -0.03225806451612903, -0.03225806451612903, -0.03225806451612903, -0.06451612903225806, 0.0, 0.125, 0.0625, 0.20833333333333334, 0.125, -0.03125, -0.0625, -0.0625, -0.125, 0.0, -0.03125, -0.25, -0.40625, 0.0, 0.09375, -0.1875, -0.53125, -0.625, -0.41935483870967744, -0.28125, -0.0625, 0.0, -0.125, -0.15625, 0.09375, 0.125], [-0.625, -0.625, -0.40625, -0.46875, -0.625, -0.6875, -0.6666666666666666, -0.6333333333333333, -0.6875, -0.65625, -0.6666666666666666, -0.8125, -0.875, -0.9354838709677419, -0.84375, -0.7741935483870968, -0.5161290322580645, -0.3548387096774194, -0.5483870967741935, -1.45, -0.625, -0.78125, -0.7666666666666667, -0.84375, -0.96875, -0.8125, -1.09375, -1.15625, -1.125, -0.96875, -0.9375, -1.1290322580645162, -1.375, -1.4375, -1.3, -1.125, -0.96875, -1.03125, -1.0, -0.967741935483871, -0.90625, -0.84375]], "frame_states": [0, 0, 0, 0, 0, 0, 0, 0, 0, 0, 1, 1, 1, 1, 1, 1, 1, 1, 1, 1, 1, 1, 1, 1, 1, 1, 1, 1, 1, 1, 1, 1, 1, 1, 1, 1, 1, 1, 1, 1, 1], "brightness": [102, 102, 102, 102, 101, 101, 101, 101, 101, 102, 102, 101, 101, 101, 101, 101, 101, 100, 100, 99, 99, 99, 99, 98, 98, 98, 97, 97, 97, 96, 96, 96, 95, 95, 95, 95, 95, 95, 95, 94, 94, 94, 94],