{
    "brightness": [
        125, 
        124, 
        124, 
        124, 
        124, 
        124, 
        124, 
        125, 
        125, 
        125, 
        124, 
        124, 
        125, 
        126, 
        128, 
        129, 
        128, 
        127
    ], 
    "horizontal_movement": [
        [
            -0.16666666666666666, 
            1.21875, 
            2.84375, 
            3.59375, 
            2.903225806451613, 
            3.25, 
            2.5, 
            3.46875, 
            4.903225806451613, 
            6.870967741935484, 
            16.419354838709676, 
            6.967741935483871, 
            6.612903225806452, 
            8.935483870967742, 
            8.67741935483871, 
            3.903225806451613, 
            7.333333333333333
        ], 
        [
            -2.09375, 
            -0.96875, 
            0.034482758620689655, 
            0.19230769230769232, 
            -1.1538461538461537, 
            -0.9166666666666666, 
            -2.0, 
            -1.12, 
            0.10714285714285714, 
            1.103448275862069, 
            2.111111111111111, 
            -1.064516129032258, 
            -1.4166666666666667, 
            0.0625, 
            -0.8260869565217391, 
            -4.75, 
            1.4444444444444444
        ], 
        [
            -2.3333333333333335, 
            -1.1111111111111112, 
            0.8, 
            1.8, 
            0.9, 
            1.875, 
            0.4, 
            1.6666666666666667, 
            3.111111111111111, 
            5.25, 
            13.333333333333334, 
            0.5, 
            0.8, 
            3.0, 
            3.0, 
            -2.5, 
            1.0
        ], 
        [
            0.19047619047619047, 
            1.0, 
            2.627906976744186, 
            2.977272727272727, 
            1.813953488372093, 
            2.1818181818181817, 
            1.619047619047619, 
            3.0476190476190474, 
            4.1395348837209305, 
            6.214285714285714, 
            15.621621621621621, 
            6.636363636363637, 
            6.5, 
            8.547619047619047, 
            8.80952380952381, 
            3.744186046511628, 
            7.25
        ], 
        [
            1.3658536585365855, 
            0.7804878048780488, 
            1.5121951219512195, 
            0.5909090909090909, 
            -1.565217391304348, 
            -2.4545454545454546, 
            -4.825, 
            -4.439024390243903, 
            -4.138888888888889, 
            -1.8, 
            -1.6666666666666667, 
            -0.574468085106383, 
            -0.23255813953488372, 
            3.515151515151515, 
            4.054054054054054, 
            -0.90625, 
            2.526315789473684
        ], 
        [
            1.15, 
            0.7209302325581395, 
            1.3636363636363635, 
            0.3333333333333333, 
            -1.5454545454545454, 
            -1.6578947368421053, 
            -4.323529411764706, 
            -4.894736842105263, 
            -4.513513513513513, 
            -2.4857142857142858, 
            0.13636363636363635, 
            -0.32558139534883723, 
            1.15, 
            4.17948717948718, 
            6.666666666666667, 
            1.7073170731707317, 
            5.314285714285714
        ], 
        [
            0.125, 
            0.9259259259259259, 
            0.84375, 
            -0.39285714285714285, 
            -2.6206896551724137, 
            -1.1481481481481481, 
            -1.08, 
            0.8846153846153846, 
            1.5357142857142858, 
            5.16, 
            15.142857142857142, 
            5.793103448275862, 
            5.7, 
            8.083333333333334, 
            8.375, 
            3.5, 
            6.833333333333333
        ], 
        [
            -0.6190476190476191, 
            -0.21428571428571427, 
            -0.34375, 
            -2.59375, 
            -6.0, 
            -6.67741935483871, 
            -8.925925925925926, 
            -7.2592592592592595, 
            -6.8076923076923075, 
            -3.5714285714285716, 
            -1.0, 
            0.0, 
            0.65, 
            5.25, 
            9.5, 
            7.05, 
            8.5
        ], 
        [
            1.0, 
            0.13333333333333333, 
            -0.12903225806451613, 
            -1.7419354838709677, 
            -4.633333333333334, 
            -5.333333333333333, 
            -6.074074074074074, 
            -6.2592592592592595, 
            -6.178571428571429, 
            -4.0, 
            -2.764705882352941, 
            -1.0, 
            -1.7894736842105263, 
            -1.2941176470588236, 
            -0.1875, 
            -0.5714285714285714, 
            6.48
        ]
    ],