{"phase1": {"shift_vectors": [[-27, -2], [1, 0], [1, 0], [1, 0], [1, 0], [1, 0], [1, 0], [1, 0], [1, 0], [1, 0], [1, 0], [3, 0], [1, 0], [1, 0], [1, 0], [1, 0], [1, 0], [1, 0], [1, 0], [1, 0], [1, 0], [1, 0], [1, 0], [1, 0], [1, 0], [1, 0], [1, 0], [1, 0], [1, 0], [1, 0], [1, 0], [1, 0], [-1, 0], [-1, 0], [-1, 0], [-2, 1], [-2, 1], [-2, 1], [-2, 1]], "stand_dev": [68.04281658667924, 67.97203143324998, 67.99639828658597, 67.83077313834885, 67.68012111341389, 67.75930400050477, 67.60011533189984, 67.64641580287254, 67.66939662460341, 67.62431798946007, 67.70485357671913, 67.4876250305566, 67.46588601904442, 67.1808480189754, 66.97247938345286, 66.67600502304126, 66.59293457218628, 66.72667532071124, 66.66637494496266, 66.769604716613, 66.66452667845516, 66.81500323359329, 66.94557164366901, 66.85221676804288, 67.13618836646305, 66.9976147757083, 66.81496050595503, 66.6853599835698, 66.8340229877414, 66.87017626055449, 66.53654773570089, 66.34807415723985, 66.42971677862691, 66.65054232234326, 66.96408394718122, 67.09082147965194, 67.6290491674448, 67.92101764598625, 68.28776808292233], "rmsdiffs": [7.70312173854544, 5.953124284758604, 4.985539862481941, 4.974482354984502, 5.321192003034607, 5.939471103419045, 5.2090421531234385, 5.465098474766725, 4.681372610871975, 4.696303721963755, 4.358946813018848, 5.57476810467454, 6.00925827463776, 5.578769185346339, 5.0092285725467525, 4.914530317542549, 4.3146032957529, 5.134531206564107, 4.355798773989141, 3.8297288626206107, 4.9872890945489115, 4.5342597399491344, 4.3221853110814346, 5.206732513508169, 5.247856456855309, 4.969716585691485, 5.3087056089565285, 5.5925400388594335, 5.291788503027312, 5.201500107981002, 5.171867071680129, 4.733757888341521, 6.371341828549677, 6.437827805052321, 6.723534190833099, 6.913555609031872, 7.105842449533757, 7.3001249446097844, 7.236723260619395]}, "frame_states": [0, 0, 0, 0, 0, 0, 0, 1, 1, 1, 1, 1, 1, 1, 1, 1, 1, 1, 1, 1, 1, 1, 1, 1, 1, 1, 1, 1, 1, 1, 1, 1, 1, 1, 1, 1, 1, 1, 1]}