{
    "frame_states": [
        1, 
        1, 
        1, 
        1, 
        1, 
        1, 
        1, 
        1, 
        1, 
        1, 
        1, 
        1, 
        1, 
        1, 
        1, 
        1, 
        1, 
        1, 
        1, 
        1, 
        1, 
        1, 
        1, 
        1, 
        1, 
        1, 
        1, 
        1, 
        1, 
        1
    ], 
    "phase1": {
        "rmsdiffs": [
            8.56512279331796, 
            5.34869372879179, 
            5.716847986040597, 
            5.638506697810639, 
            5.578086939414707, 
            5.81191163168084, 
            5.3879813055653685, 
            5.676424214440356, 
            5.651457849996794, 
            6.399932280440715, 
            5.666041804819243, 
            5.353369380871013, 
            5.921279069434119, 
            5.902970953296749, 
            6.058094469979711, 
            5.761162835563247, 
            5.503418501018888, 
            5.434591944369732, 
            5.773832091397251, 
            5.528432224295897, 
            5.775362893675413, 
            5.725203198191377, 
            5.759042167240569, 
            5.819951115423178, 
            6.102835483524617, 
            5.849464617102087, 
            5.800316802816999, 
            5.737004017170225, 
            5.632434807174277, 
            5.486896944570206
        ], 
        "shift_vectors": [
            [
                -1, 
                0
            ], 
            [
                1, 
                0
            ], 
            [
                1, 
                0
            ], 
            [
                1, 
                0
            ], 
            [
                1, 
                0
            ], 
            [
                1, 
                0
            ], 
            [
                -1, 
                0
            ], 
            [
                1, 
                0
            ], 
            [
                1, 
                0
            ], 
            [
                1, 
                0
            ], 
            [
                -1, 
                0
            ], 
            [
                -1, 
                0
            ], 
            [
                1, 
                0
            ], 
            [
                1, 
                0
            ], 
            [
                1, 
                0
            ], 
            [
                1, 
                0
            ], 
            [
                -1, 
                0
            ], 
            [
                -1, 
                0
            ], 
            [
                1, 
                0
            ], 
            [
                -1, 
                0
            ], 
            [
                1, 
                0
            ], 
            [
                1, 
                0
            ], 
            [
                1, 
                0
            ], 
            [
                1, 
                0
            ], 
            [
                1, 
                0
            ], 
            [
                1, 
                0
            ], 
            [
                1, 
                0
            ], 
            [
                1, 
                0
            ], 
            [
                1, 
                0
            ], 
            [
                1, 
                0
            ]
        ], 
        "stand_dev": [
            72.83364149154374, 
            72.76490825516021, 
            72.79864726268292, 
            72.79435587472025, 
            72.85806556789711, 
            72.73415532130085, 
            72.78092321617402, 
            72.85033917677737, 
            72.78523914725952, 
            73.02290718800874, 
            72.85960115038742, 
            72.86028545180082, 
            72.96770459061533, 
            72.9378511680681, 
            72.77855205103512, 
            72.7291538619159, 
            72.6755764988901, 
            72.68830311187591, 
            72.65691102253396, 
            72.60866831299377, 
            72.61940424067066, 
            72.85273054296565, 
            72.75394801625005, 
            72.79254243959811, 
            72.95669183348095, 
            72.80717673767685, 
            72.84976455557963, 
            72.8525446373204, 
            72.91048047968103, 
            73.02155511343872
        ]
    }
}