{
    "frame_states": [
        0, 
        0, 
        0, 
        0, 
        0, 
        0, 
        0, 
        0, 
        0, 
        0, 
        0, 
        0, 
        1, 
        1, 
        1, 
        1, 
        1, 
        1, 
        1, 
        1, 
        1, 
        1, 
        1
    ], 
    "phase1": {
        "rmsdiffs": [
            6.774028986347489, 
            4.9746077543022045, 
            4.907379848546155, 
            4.920255668227349, 
            4.872782991731424, 
            4.691212738783928, 
            4.509202514909483, 
            4.274512502951542, 
            3.715494191495923, 
            3.6480851422292457, 
            3.984330896944152, 
            4.123353103522245, 
            4.24098304975487, 
            4.248850939616149, 
            4.267637311344408, 
            4.231326154107112, 
            4.151606586093678, 
            4.081544147093342, 
            4.063174161481037, 
            3.9672974200200364, 
            3.969352656206291, 
            4.037208285889773, 
            4.030592765369006
        ], 
        "shift_vectors": [
            [
                63, 
                0
            ], 
            [
                1, 
                0
            ], 
            [
                1, 
                0
            ], 
            [
                1, 
                0
            ], 
            [
                1, 
                0
            ], 
            [
                1, 
                0
            ], 
            [
                1, 
                0
            ], 
            [
                1, 
                0
            ], 
            [
                -3, 
                0
            ], 
            [
                -3, 
                0
            ], 
            [
                -4, 
                -1
            ], 
            [
                -3, 
                0
            ], 
            [
                1, 
                0
            ], 
            [
                1, 
                0
            ], 
            [
                1, 
                0
            ], 
            [
                1, 
                0
            ], 
            [
                1, 
                0
            ], 
            [
                -5, 
                0
            ], 
            [
                -3, 
                0
            ], 
            [
                -5, 
                0
            ], 
            [
                -3, 
                0
            ], 
            [
                -5, 
                0
            ], 
            [
                -5, 
                0
            ]
        ], 
        "stand_dev": [
            85.8154296844692, 
            84.57471821071441, 
            83.6604597824408, 
            82.90495629988993, 
            82.72493230191107, 
            82.8358905762074, 
            83.17851783631045, 
            83.67052291896506, 
            84.39774198503441, 
            84.70370578521458, 
            84.5072813851646, 
            83.96631784560452, 
            83.33375370952707, 
            82.74509434686759, 
            82.25857433239604, 
            82.14571711962982, 
            82.60966239509732, 
            83.23494438060249, 
            83.76372592439748, 
            84.40587323889476, 
            85.15995132835472, 
            85.92754876225165, 
            86.80579923929896
        ]
    }
}