{
    "frame_states": [
        0, 
        0, 
        1, 
        1, 
        1, 
        1, 
        1, 
        1, 
        1, 
        1, 
        1, 
        1, 
        1, 
        1, 
        1, 
        1, 
        1, 
        1, 
        1, 
        1, 
        1, 
        1, 
        1, 
        1, 
        1, 
        1, 
        1, 
        1, 
        1, 
        1, 
        1, 
        1, 
        1, 
        1, 
        1, 
        1, 
        1, 
        1, 
        1, 
        1, 
        1, 
        1, 
        1, 
        1
    ], 
    "phase1": {
        "rmsdiffs": [
            6.755005774160782, 
            5.009796089630453, 
            6.1949825025796725, 
            6.15061389581779, 
            6.073165733575323, 
            5.35375873272685, 
            6.200438687987453, 
            6.116135009920256, 
            4.861598678879658, 
            4.781485804979121, 
            6.150347084313245, 
            4.892198161530047, 
            6.180748489190319, 
            4.840447249734758, 
            4.815380920533885, 
            6.053194396889793, 
            4.714321384589409, 
            4.889294779707959, 
            5.233834855973206, 
            6.330231167883635, 
            4.711717119319111, 
            6.224949449829285, 
            6.215715564529482, 
            4.803221365862715, 
            5.294947362425545, 
            4.670128755275786, 
            4.7472076738867095, 
            6.028858899318411, 
            6.10095791926178, 
            5.012122758229056, 
            6.220120019909275, 
            6.125142874993926, 
            5.113246305043299, 
            4.74375602017277, 
            6.181066383560041, 
            6.104685767103466, 
            5.494873600858398, 
            6.253167515900737, 
            5.077968426989787, 
            4.8579039274770315, 
            4.892641983088755, 
            5.540744911581544, 
            5.509894515875392, 
            5.283445190353018
        ], 
        "shift_vectors": [
            [
                -20, 
                -3
            ], 
            [
                1, 
                0
            ], 
            [
                -1, 
                0
            ], 
            [
                -1, 
                0
            ], 
            [
                -1, 
                0
            ], 
            [
                1, 
                0
            ], 
            [
                -1, 
                0
            ], 
            [
                -1, 
                0
            ], 
            [
                1, 
                0
            ], 
            [
                1, 
                0
            ], 
            [
                -1, 
                0
            ], 
            [
                1, 
                0
            ], 
            [
                -1, 
                0
            ], 
            [
                1, 
                0
            ], 
            [
                1, 
                0
            ], 
            [
                -1, 
                0
            ], 
            [
                1, 
                0
            ], 
            [
                1, 
                0
            ], 
            [
                1, 
                0
            ], 
            [
                -1, 
                0
            ], 
            [
                1, 
                0
            ], 
            [
                -1, 
                0
            ], 
            [
                -1, 
                0
            ], 
            [
                1, 
                0
            ], 
            [
                1, 
                0
            ], 
            [
                1, 
                0
            ], 
            [
                1, 
                0
            ], 
            [
                -1, 
                0
            ], 
            [
                -1, 
                0
            ], 
            [
                1, 
                0
            ], 
            [
                -1, 
                0
            ], 
            [
                -1, 
                0
            ], 
            [
                1, 
                0
            ], 
            [
                1, 
                0
            ], 
            [
                -1, 
                0
            ], 
            [
                -1, 
                0
            ], 
            [
                1, 
                0
            ], 
            [
                -1, 
                0
            ], 
            [
                1, 
                0
            ], 
            [
                1, 
                0
            ], 
            [
                1, 
                0
            ], 
            [
                2, 
                1
            ], 
            [
                1, 
                0
            ], 
            [
                1, 
                0
            ]
        ], 
        "stand_dev": [
            86.84923925721937, 
            86.74532978407778, 
            86.78682374566874, 
            86.77014772647014, 
            86.81924196772856, 
            87.03012338500683, 
            86.92037823098305, 
            86.86895719578233, 
            86.90331571005372, 
            86.88645541157092, 
            86.88152547153398, 
            86.89728539019175, 
            86.96268373110055, 
            86.89287736005163, 
            86.9345375357685, 
            86.96275097397913, 
            86.987713396749, 
            87.28177029189621, 
            87.170903307658, 
            87.04859441881413, 
            87.07807085207483, 
            87.10419290786633, 
            87.16206728906747, 
            87.16276164417668, 
            87.32808752462638, 
            87.26635745732933, 
            87.31232275458193, 
            87.310610981273, 
            87.35927303543703, 
            87.52821973427042, 
            87.45000640902867, 
            87.40740231846843, 
            87.48687532025274, 
            87.47455813131303, 
            87.5633761902429, 
            87.53360575343899, 
            87.74159385983386, 
            87.63937943648126, 
            87.67476271489328, 
            87.69193771151679, 
            87.74724283003715, 
            88.09636613450863, 
            87.9290716701856, 
            88.08696329335233
        ]
    }
}