{"phase1": {"shift_vectors": [[-37, 0], [5, 0], [3, 0], [9, 0], [5, 0], [5, 0], [5, 0], [5, 0], [5, 0], [6, 1], [6, 1], [6, 1], [3, 0], [-7, 0], [-7, 0], [5, 0], [6, 1], [7, 0], [7, 0]], "stand_dev": [94.95656974155324, 94.90026000085551, 94.72483581794576, 94.0854697518061, 93.8586987091777, 93.60702386967404, 93.25296645910306, 92.94649633835667, 92.67284596852038, 92.34818329529926, 92.07066307021003, 91.87368768575891, 91.81942265222055, 91.76314814824862, 91.66477730494775, 91.54197057294206, 91.47285649827256, 91.37931860080089, 91.30888543758945], "rmsdiffs": [7.575489811339105, 4.069177078935928, 3.9629079985081415, 4.545603480887737, 3.615297526203705, 3.6702475952343745, 3.6378863331443423, 3.8583152638704337, 4.145164466151321, 4.143802926661455, 4.036346426608325, 4.1513695396120305, 4.352705961687089, 4.418823432384795, 4.459385103283371, 4.027158458434909, 4.142848041907051, 4.13475244880319, 4.409344681420552]}, "horizontal_movement": [[4.416666666666667, 7.6923076923076925, 3.9285714285714284, 4.153846153846154, 4.642857142857143, 4.666666666666667, 5.4, 7.0, 6.875, 9.375, 8.5, 0.11764705882352941, 0.0, 4.105263157894737, 1.263157894736842, 10.263157894736842, 10.35, 10.904761904761905, 10.571428571428571, 11.285714285714286], [6.074074074074074, 11.481481481481481, 5.888888888888889, 5.857142857142857, 5.482758620689655, 5.379310344827586, 5.379310344827586, 6.448275862068965, 6.448275862068965, 8.0, 7.857142857142857, 0.3448275862068966, 0.41379310344827586, 4.466666666666667, 1.967741935483871, 10.193548387096774, 11.612903225806452, 11.84375, 11.548387096774194, 12.1875], [4.3478260869565215, 7.722222222222222, 3.9565217391304346, 3.9130434782608696, 4.238095238095238, 3.857142857142857, 3.8636363636363638, 4.904761904761905, 4.625, 5.826086956521739, 4.791666666666667, -1.8461538461538463, -2.9375, -1.0526315789473684, -1.9375, 4.230769230769231, 4.4, 3.4615384615384617, 2.3333333333333335, 0.4], [3.6153846153846154, 10.555555555555555, 4.666666666666667, 4.827586206896552, 6.129032258064516, 6.823529411764706, 7.088235294117647, 8.545454545454545, 8.777777777777779, 10.128205128205128, 9.40625, 1.9166666666666667, 1.3513513513513513, 5.525, 2.72972972972973, 11.594594594594595, 12.692307692307692, 12.177777777777777, 11.714285714285714, 12.28888888888889], [4.979166666666667, 11.0, 5.9375, 5.979166666666667, 6.166666666666667, 6.333333333333333, 6.8125, 8.104166666666666, 8.395833333333334, 9.645833333333334, 9.170212765957446, 2.1914893617021276, 1.6458333333333333, 5.895833333333333, 3.0208333333333335, 11.085106382978724, 12.446808510638299, 11.695652173913043, 11.58695652173913, 12.046511627906977], [2.8378378378378377, 5.472222222222222, 3.4545454545454546, 2.8372093023255816, 2.975609756097561, 2.6744186046511627, 3.048780487804878, 4.175, 3.883720930232558, 4.45, 4.108108108108108, -3.393939393939394, -3.4838709677419355, -1.2424242424242424, -4.638888888888889, 3.75, 3.3684210526315788, 2.8823529411764706, 3.0, 2.1666666666666665], [3.8, 9.117647058823529, 2.4782608695652173, 2.652173913043478, 3.55, 2.4347826086956523, 4.0, 4.391304347826087, 5.1923076923076925, 6.423076923076923, 6.642857142857143, -0.2222222222222222, 0.19047619047619047, 3.090909090909091, -0.25, 7.888888888888889, 7.206896551724138, 7.2, 6.72, 7.956521739130435], [1.44, 4.761904761904762, 2.88, 1.96, 1.5925925925925926, 1.096774193548387, 0.9285714285714286, 1.2592592592592593, 1.9230769230769231, 2.0, 2.5357142857142856, -5.0, -5.423076923076923, -0.44, -4.481481481481482, 3.25, 3.7142857142857144, 3.793103448275862, 3.8333333333333335, 4.032258064516129], [0.06896551724137931, 2.076923076923077, 0.8275862068965517, 0.03225806451612903, 0.03225806451612903, -0.3225806451612903, -0.43333333333333335, 0.5357142857142857, 1.032258064516129, 1.1666666666666667, 0.03225806451612903, -7.387096774193548, -7.9655172413793105, -4.206896551724138, -7.033333333333333, 0.13333333333333333, 0.0, -0.25806451612903225, -0.34375, -0.0967741935483871]], "frame_states": [0, 0, 0, 0, 0, 0, 0, 0, 0, 0, 0, 0, 0, 1, 1, 1, 1, 1, 1], "brightness": [129, 129, 127, 127, 126, 126, 125, 125, 125, 124, 124, 124, 124, 124, 124, 125, 125, 125, 126, 126, 126], "mean_vector_length": [[4.55409255338946, 7.959395073461506, 4.19562634876499, 4.575790874941428, 4.95517363357598, 5.424864273451989, 5.5698359415024745, 7.083194309887097, 6.940617226320056, 9.377599661174518, 8.796720029880232, 4.298455250140842, 2.9418212538159283, 5.042365056554348, 4.043427725053953, 10.33398236658092, 10.395398185773391, 10.99605538651291, 10.657510700688809, 11.396787909277549], [6.074074074074074, 11.489329059691157, 5.888888888888889, 5.862938487863156, 5.566007364219763, 5.563650515451565, 5.440818313245416, 6.514723917735072, 6.625574536438125, 8.034586963428769, 7.911355201479372, 2.643566798529975, 2.385831272404968, 5.416552506059643, 3.151901874829535, 10.197938162953605, 11.619612028837466, 11.852549773324535, 11.559242679636558, 12.198194828975167], [4.396656766331202, 9.275638512462008, 4.168365507786231, 4.167877668590536, 4.4561780296652165, 4.249342474360948, 3.9169099516653962, 5.113732988835896, 5.0061571332438906, 5.84912248774136, 5.869789977287229, 4.10478292120302, 4.714254951396977, 6.173316696363311, 5.765845492365763, 5.2043734038071054, 4.782456909245997, 4.4405454738987284, 3.310456949966158, 1.082842712474619], [3.9637273205749555, 11.876255138090487, 5.107894351350011, 5.373544291706876, 6.803574767772166, 7.110612376417574, 7.3427986069444104, 8.7010559711254, 8.800737567669437, 10.364832463648362, 9.595443581078436, 3.1325102685688457, 2.5485792033139205, 6.220573304101082, 3.5558762033990376, 11.634666341798695, 13.046734043826936, 12.365251746506944, 11.894357956810193, 12.479520434903666], [4.98122957319985, 11.001159898165604, 5.9375, 5.979166666666667, 6.166666666666667, 6.333333333333333, 6.840124989318949, 8.14167790716463, 8.4519091023095, 9.69662116629089, 9.220092710934843, 2.3708775650982616, 1.74298827411186, 5.92859350157638, 3.076583100481296, 11.106040736119908, 12.515558909782987, 11.709461260805854, 11.619238871405994, 12.08655371705825], [3.4709801269321567, 7.58773039272011, 4.32871972106298, 3.453749286589073, 3.7181846166964707, 3.541473348414663, 3.602127058202028, 4.588358000344376, 4.172102838128886, 4.779655763941068, 4.6913056723008335, 5.522297697720597, 4.895335640848434, 5.7203107252725784, 6.667426245160155, 5.415231841306329, 4.104767429583825, 4.344217917632888, 4.071980882318471, 3.0456557033820935], [3.9003263471890475, 9.284466774517833, 2.4962701548857864, 2.7948769722953672, 3.66586395315504, 2.967349173617139, 4.394094670873368, 5.10213605860201, 5.221864072210332, 6.8284509687358454, 8.267682557833329, 4.029813031428467, 3.183528417276497, 5.033334392381798, 4.340868119425083, 8.223947993387865, 8.374067104865379, 8.129532493020244, 8.115236859197148, 10.623102390930008], [2.520904022489173, 6.1339273628997, 3.376568542494924, 2.786274169979695, 2.5364919027495767, 1.8866219798141473, 2.0807063753631043, 1.6365471572183574, 2.008785121642723, 2.655579070619838, 3.12377072659783, 5.921945087101642, 6.1610615664562935, 4.863368577724242, 5.995428592525964, 4.687015448180612, 5.213297846464536, 5.149280287192401, 5.105757221630973, 4.861883898375317], [1.9181867930334306, 4.619489506389794, 2.140381648685016, 1.8266908709022416, 1.8723106632368576, 1.3949238931328798, 1.3666666666666667, 0.5379377767249481, 1.0402913223611032, 1.2407180184183224, 1.650742839502367, 7.580645161290323, 8.10344827586207, 5.448275862068965, 8.255082528083284, 2.071687392548186, 1.4867974849798233, 1.707392686453899, 1.5968672263200556, 1.1317111604385346]],