{"phase1": {"shift_vectors": [[-44, -13], [1, 0], [1, 0], [1, 0], [1, 0], [1, 0], [1, 0], [-1, 0], [1, 0], [1, 0], [-1, 0], [1, 0], [1, 0], [1, 0], [1, 0], [-1, 0], [1, 0], [1, 0], [1, 0], [1, 0], [-1, 0], [1, 0], [1, 0], [1, 0], [1, 0], [1, 0], [1, 0], [-1, 0], [1, 0], [1, 0], [1, 0], [-1, 0], [1, 0], [1, 0], [-1, 0], [-1, 0], [-1, 0], [1, 0], [1, 0], [-1, 0], [-1, 0]], "stand_dev": [100.7389364573001, 100.81479551103762, 100.7165472469101, 100.70013161729175, 100.5791951644327, 100.41662026765836, 100.29068644397405, 100.20631357938286, 100.21831958072453, 100.03610818271432, 99.98836887442347, 99.98296038411287, 100.04817062888642, 99.92572518805285, 99.79522357353888, 99.76777366935248, 99.65675180325161, 99.48376610567244, 99.29488594107983, 99.04396488886181, 98.90387701183681, 98.68444613887651, 98.64335358977694, 98.67485230371744, 98.68836279234031, 98.47242139678146, 98.27024092417126, 98.25204685186505, 98.12127992292129, 97.99572576438794, 97.87586393130509, 97.82488341319703, 97.5593052288555, 97.44020342904575, 97.29467086086105, 97.20392857388495, 97.20898188856071, 97.19336104523414, 97.15930719426328, 97.12759898889249, 97.05748858566402], "rmsdiffs": [8.163612318045104, 5.5193609689102185, 5.145798974645536, 4.955322913618231, 5.114217943950949, 4.897140567883483, 4.948045584214061, 5.145574680563226, 5.349349971967377, 5.545961982743151, 5.121979327458904, 4.862635352356563, 5.17077007361902, 5.102783751741839, 5.11772128178806, 4.644160087438141, 5.066639897796018, 4.963597270250833, 5.014563211388258, 5.212884552965435, 5.080559074328118, 5.269620992799688, 4.992725102300309, 5.03026356727469, 5.127539597077393, 5.224733854776042, 5.307160201096659, 4.824731071038272, 5.102997148651759, 5.198464254313318, 5.221203659866051, 4.63736047276982, 5.074189635015161, 5.299362828862715, 4.013375849186517, 3.9455975964326537, 4.553577474282519, 5.110472760708272, 5.023020384731543, 4.773900235320186, 4.658372538452403]}, "frame_states": [0, 0, 0, 0, 0, 0, 0, 0, 0, 0, 1, 1, 1, 1, 1, 1, 1, 1, 1, 1, 1, 1, 1, 1, 1, 1, 1, 1, 1, 1, 1, 1, 1, 1, 1, 1, 1, 1, 1, 1, 1]}