{"phase1": {"shift_vectors": [[-29, 0], [1, 0], [1, 0], [1, 0], [-1, 0], [1, 0], [1, 0], [-1, 0], [1, 0], [-1, 0], [-1, 0], [-1, 0], [-1, 0], [-3, 0], [1, 0], [1, 0], [1, 0], [-1, 0], [-1, 0], [1, 0], [1, 0], [1, 0], [1, 0], [1, 0], [-1, 0], [1, 0], [1, 0], [1, 0], [1, 0], [1, 0], [-1, 0], [1, 0], [-1, 0], [1, 0], [1, 0], [-1, 0], [-1, 0], [-3, 0], [1, 0], [1, 0], [-1, 0], [-1, 0], [1, 0], [-3, 0], [-3, 0], [-3, 0], [-3, 0], [-3, 0], [-3, 0], [-3, 0], [-3, 0], [-1, 0], [-3, 0], [-3, 0], [-1, 0], [-3, 0], [-3, 0], [-3, 0], [-3, 0], [-3, 0], [-3, 0], [-5, 0], [-3, 0], [-3, 0], [-1, 0]], "stand_dev": [72.95159396083908, 73.16943276988175, 73.1643768225275, 73.01524082187608, 73.03211006552152, 73.03559342584762, 72.93346620091279, 73.04611953511781, 73.13475320689865, 73.03672181157722, 73.03863340578931, 72.95624301883464, 73.2556827958499, 73.18777456871305, 73.03164609157191, 72.93921297875201, 73.04840047754439, 72.94899713265445, 72.84040116630814, 72.85902321086857, 72.77248434441216, 72.69820301208719, 72.65085479433189, 72.63574152712643, 72.91674348186076, 72.99474068729391, 72.83865460645514, 72.77388178342991, 72.75195038196068, 72.79150603313218, 72.79798803694699, 72.85850275387227, 72.86551733221903, 72.9897860943852, 73.01636821004396, 73.00873441044061, 73.46384571255612, 73.39567229903375, 73.30660694134275, 73.27944961965534, 73.28614323152001, 73.27228196926426, 73.26140490376308, 73.2944475762044, 73.2782741858594, 73.21073936748056, 73.1998535996614, 73.13171050788937, 73.40669977121036, 73.3751343726576, 73.39141318000887, 73.3146307447175, 73.32009153559602, 73.34184322139333, 73.37017889506134, 73.36109237857836, 73.45121441882145, 73.4873069210577, 73.42582088116285, 73.3614430266677, 73.56672088857016, 73.3661479143379, 73.14680038789544, 73.13511785341257, 73.157402949112], "rmsdiffs": [8.74464063131627, 7.067707610757029, 6.91041584544781, 7.095421732607172, 4.9340829697337885, 7.0772294115196965, 7.175923889814105, 4.838066773626477, 6.97604983190148, 5.606297226937382, 5.4575387074053205, 5.687763361859494, 5.740724754718853, 6.6152576969721055, 7.1392610864898085, 7.169216831038096, 7.080958667892899, 5.445679493272929, 5.758420535150399, 7.140161587411647, 7.059288872186576, 7.124498048254047, 7.1304196122169134, 7.088030753933076, 6.139725298673802, 7.2517705403161115, 7.089833312121708, 7.16368082066511, 7.23093701967988, 7.145894062151173, 5.307255215303074, 7.2078338678308445, 5.7739420125344685, 7.02794246623021, 7.219330708038125, 5.686017467824881, 6.2228055561571995, 6.215498176527572, 7.016701391513429, 7.08031771703018, 5.824352203895893, 5.2233000918734565, 7.12763448565894, 5.887389886195236, 6.06106887474586, 6.106919181331863, 5.7926287840278725, 5.629676574100205, 6.490747685124447, 6.21974589250894, 5.9669828225732315, 6.226847221978099, 6.310300940461055, 6.15871005780741, 6.130342481404681, 6.227073071448039, 6.295711954258153, 5.9319043399403695, 5.481529488462122, 5.126135309663362, 5.812462851716262, 5.640543848613934, 5.586169488273527, 5.920896955446933, 5.973823892661972]}, "frame_states": [0, 0, 0, 0, 0, 0, 0, 1, 1, 1, 1, 1, 1, 1, 1, 1, 1, 1, 1, 1, 1, 1, 1, 1, 1, 1, 1, 1, 1, 1, 1, 1, 1, 1, 1, 1, 1, 1, 1, 1, 1, 1, 1, 1, 1, 1, 1, 1, 1, 1, 1, 1, 1, 1, 1, 1, 1, 1, 1, 1, 1, 1, 1, 1, 1]}