{
    "frame_states": [
        1, 
        1, 
        1, 
        1, 
        1, 
        1, 
        1, 
        1, 
        1, 
        1, 
        1, 
        1, 
        1, 
        1, 
        1, 
        1, 
        1, 
        1, 
        1, 
        1, 
        1, 
        1, 
        1, 
        1, 
        1, 
        1, 
        1, 
        1, 
        1, 
        1, 
        1, 
        1, 
        1, 
        1, 
        1, 
        1, 
        1, 
        1, 
        1, 
        1, 
        1, 
        1, 
        1, 
        1, 
        1, 
        1, 
        1, 
        1, 
        1, 
        1, 
        1, 
        1, 
        1, 
        1
    ], 
    "phase1": {
        "rmsdiffs": [
            8.663332435552089, 
            5.7993851567933765, 
            5.73382789231859, 
            5.660671826689225, 
            5.8423226064351335, 
            6.490159143681398, 
            6.603300181848578, 
            5.901127036050043, 
            5.9237030830353445, 
            6.522567260857093, 
            5.919153708889113, 
            6.083891221444232, 
            6.224523803031746, 
            6.20878306374708, 
            6.14611577956318, 
            6.216422934605988, 
            6.288248293214378, 
            6.068135989499833, 
            7.087753231474938, 
            6.203744851505173, 
            6.207698439001442, 
            6.306878553823558, 
            6.259920313392939, 
            6.041880583696961, 
            6.280842868013224, 
            6.047153939689382, 
            6.154491427938425, 
            6.215961037709821, 
            5.78930962158935, 
            6.2146457897273075, 
            5.814965866615886, 
            5.542708541812552, 
            5.7598350565169865, 
            6.002457040528257, 
            5.726319365253421, 
            5.782640239143078, 
            6.103741850170411, 
            5.889299070128377, 
            5.90498640717017, 
            5.973302426659969, 
            5.871821521628481, 
            6.152986418884651, 
            6.972903625050479, 
            5.80105609198004, 
            5.895579657904317, 
            5.908076559383971, 
            5.953319979586409, 
            5.971317942967379, 
            6.315127375440684, 
            6.058228294174514, 
            5.903171992727804, 
            5.854277550710944, 
            5.747501782033735, 
            5.55044835671215
        ], 
        "shift_vectors": [
            [
                15, 
                0
            ], 
            [
                1, 
                0
            ], 
            [
                1, 
                0
            ], 
            [
                1, 
                0
            ], 
            [
                1, 
                0
            ], 
            [
                -1, 
                0
            ], 
            [
                -1, 
                0
            ], 
            [
                1, 
                0
            ], 
            [
                1, 
                0
            ], 
            [
                -1, 
                0
            ], 
            [
                1, 
                0
            ], 
            [
                1, 
                0
            ], 
            [
                1, 
                0
            ], 
            [
                1, 
                0
            ], 
            [
                1, 
                0
            ], 
            [
                1, 
                0
            ], 
            [
                -1, 
                0
            ], 
            [
                1, 
                0
            ], 
            [
                -1, 
                0
            ], 
            [
                -1, 
                0
            ], 
            [
                -1, 
                0
            ], 
            [
                -1, 
                0
            ], 
            [
                -1, 
                0
            ], 
            [
                -1, 
                0
            ], 
            [
                -1, 
                0
            ], 
            [
                -1, 
                0
            ], 
            [
                -1, 
                0
            ], 
            [
                -1, 
                0
            ], 
            [
                1, 
                0
            ], 
            [
                -1, 
                0
            ], 
            [
                1, 
                0
            ], 
            [
                1, 
                0
            ], 
            [
                1, 
                0
            ], 
            [
                1, 
                0
            ], 
            [
                3, 
                0
            ], 
            [
                3, 
                0
            ], 
            [
                3, 
                0
            ], 
            [
                3, 
                0
            ], 
            [
                3, 
                0
            ], 
            [
                3, 
                0
            ], 
            [
                3, 
                0
            ], 
            [
                1, 
                0
            ], 
            [
                3, 
                0
            ], 
            [
                1, 
                0
            ], 
            [
                1, 
                0
            ], 
            [
                1, 
                0
            ], 
            [
                1, 
                0
            ], 
            [
                1, 
                0
            ], 
            [
                1, 
                0
            ], 
            [
                1, 
                0
            ], 
            [
                1, 
                0
            ], 
            [
                1, 
                0
            ], 
            [
                1, 
                0
            ], 
            [
                1, 
                0
            ]
        ], 
        "stand_dev": [
            75.21257847848428, 
            75.09807570024456, 
            75.00502673013601, 
            74.93481745413467, 
            74.86045269152838, 
            74.79191352105495, 
            74.7820143255708, 
            74.47196500945454, 
            74.3739431648298, 
            74.32456269099627, 
            74.20755720584226, 
            74.18749392779155, 
            74.0890595161357, 
            73.78468052585502, 
            73.53688782939325, 
            73.31435766612363, 
            73.156673271846, 
            73.07502599080311, 
            73.42086511574759, 
            73.25642935280565, 
            73.25330035735077, 
            73.15077182995947, 
            73.05521632384735, 
            72.82390732667007, 
            72.91279360119088, 
            72.70501609502455, 
            72.64131266325028, 
            72.51552498948428, 
            72.38025880477096, 
            72.26496773255619, 
            72.32207297061082, 
            72.12828501044812, 
            72.1851963819798, 
            72.2789034616451, 
            72.40996368590427, 
            72.34045988715064, 
            72.49886888151687, 
            72.45300124429595, 
            72.46303072610274, 
            72.64808792331506, 
            72.78061992412536, 
            72.90304519323179, 
            73.41864788925103, 
            73.35466942067187, 
            73.372883068754, 
            73.42193996079244, 
            73.5929026017728, 
            73.52194664574974, 
            73.87433103565502, 
            73.84918562768415, 
            73.7885603622913, 
            73.78394953588051, 
            73.95704569425646, 
            74.1593740062946
        ]
    }
}