{
    "frame_states": [
        0, 
        0, 
        0, 
        0, 
        0, 
        0, 
        0, 
        0, 
        0, 
        0, 
        0, 
        0, 
        1, 
        1, 
        1, 
        1
    ], 
    "phase1": {
        "rmsdiffs": [
            7.465746811037225, 
            5.843385224411032, 
            5.5814950854409675, 
            5.692639863305202, 
            5.778285904946404, 
            5.816795350175424, 
            5.725310640409123, 
            5.78348213623023, 
            6.794367957179033, 
            5.448580261134717, 
            5.488657174476195, 
            5.749319498026613, 
            6.0050156372044485, 
            5.985177414501844, 
            5.958920583415154, 
            5.744755835176203
        ], 
        "shift_vectors": [
            [
                -49, 
                0
            ], 
            [
                3, 
                0
            ], 
            [
                3, 
                0
            ], 
            [
                3, 
                0
            ], 
            [
                3, 
                0
            ], 
            [
                3, 
                0
            ], 
            [
                3, 
                0
            ], 
            [
                3, 
                0
            ], 
            [
                6, 
                -1
            ], 
            [
                3, 
                0
            ], 
            [
                3, 
                0
            ], 
            [
                3, 
                0
            ], 
            [
                3, 
                0
            ], 
            [
                3, 
                0
            ], 
            [
                3, 
                0
            ], 
            [
                3, 
                0
            ]
        ], 
        "stand_dev": [
            85.44112021579492, 
            84.81445445644727, 
            84.31482233675341, 
            83.9853089933135, 
            83.58332427130411, 
            83.36380481067545, 
            83.1970228394153, 
            82.99902553141814, 
            82.98657647138735, 
            82.95539766470648, 
            82.97988706223472, 
            83.01748100246826, 
            83.09155271621304, 
            83.14977784094962, 
            83.23461324991239, 
            83.19529508274915
        ]
    }
}