{"phase1": {"shift_vectors": [[-15, 0], [1, 0], [1, 0], [1, 0], [1, 0], [1, 0], [1, 0], [1, 0], [1, 0], [-1, 0], [1, 0], [1, 0], [-1, 0], [-1, 0], [-1, 0], [-1, 0], [-1, 0], [-1, 0], [-1, 0], [-1, 0], [-1, 0], [-1, 0], [-1, 0], [-1, 0], [-1, 0], [-1, 0], [-1, 0], [-1, 0], [-1, 0], [-1, 0], [-1, 0], [-1, 0]], "stand_dev": [76.60069864130028, 76.67757065787082, 76.66335126197349, 76.7387406493368, 76.71759399222655, 76.72480389045678, 76.75412526718637, 76.78922470134368, 77.04675698574381, 76.99159670900974, 77.24438183669744, 77.46862907259018, 77.60991444007134, 77.50047715095799, 77.1714343672953, 76.8373715026141, 76.6077458957679, 76.27685260282414, 75.83540163419755, 75.45010208336866, 75.6650565363608, 75.71725147491907, 75.97619275833915, 76.38951816172154, 77.03482681263256, 77.38985783240337, 77.54680148426054, 77.40076711630371, 77.29699001084907, 77.09542306370487, 77.05427532660664, 76.97405807475025], "rmsdiffs": [7.069381553966058, 3.206655913750561, 3.5117255212109213, 2.8058193371400626, 3.8523033146005186, 4.178608864161047, 4.3403012675420705, 4.187690309754543, 4.454916750634749, 5.391078560668182, 3.9675429611186357, 3.9625063114744745, 5.598756134058029, 5.55653434257283, 5.64219184469834, 5.720512302065899, 5.621006088044755, 5.606872537231138, 5.6764582929430105, 5.75384700412656, 6.371664199991035, 5.964634150221789, 6.052526844489745, 6.059252148766383, 6.025641104613984, 5.996978387708805, 6.068846235242856, 6.162250812175804, 6.16774300127576, 6.189633176475712, 6.20469004686283, 6.219604230708398]}, "frame_states": [1, 1, 1, 1, 1, 1, 1, 1, 1, 1, 1, 1, 1, 1, 1, 1, 1, 1, 1, 1, 1, 1, 1, 1, 1, 1, 1, 1, 1, 1, 1, 1]}