{
    "frame_states": [
        1, 
        1, 
        1, 
        1, 
        1, 
        1, 
        1, 
        1, 
        1, 
        1, 
        1, 
        1, 
        1, 
        1, 
        1, 
        1, 
        1, 
        1, 
        1, 
        1, 
        1, 
        1, 
        1, 
        1, 
        1, 
        1, 
        1, 
        1, 
        1, 
        1
    ], 
    "phase1": {
        "rmsdiffs": [
            8.682627514551204, 
            6.1011128909474825, 
            7.14186516573628, 
            7.108280197465174, 
            6.170854645240519, 
            7.040069631814474, 
            5.585922094669191, 
            5.613529282615477, 
            6.837029993649556, 
            5.93886396536373, 
            5.710996022539867, 
            5.851020952216158, 
            6.607713057357605, 
            5.961885912832301, 
            7.219459866574807, 
            7.117292708845879, 
            6.243303489569926, 
            7.054826955836978, 
            6.92181037566886, 
            7.6206535796281285, 
            7.533836326406319, 
            7.532720025260476, 
            7.046536683922751, 
            7.56347652779965, 
            7.550549236644686, 
            5.930890021097833, 
            5.676285983809116, 
            7.2863646794335715, 
            7.3513989432781255, 
            6.370368474845347
        ], 
        "shift_vectors": [
            [
                13, 
                0
            ], 
            [
                -1, 
                0
            ], 
            [
                1, 
                0
            ], 
            [
                1, 
                0
            ], 
            [
                -1, 
                0
            ], 
            [
                1, 
                0
            ], 
            [
                -1, 
                0
            ], 
            [
                -1, 
                0
            ], 
            [
                1, 
                0
            ], 
            [
                -1, 
                0
            ], 
            [
                -1, 
                0
            ], 
            [
                -1, 
                0
            ], 
            [
                -1, 
                0
            ], 
            [
                -1, 
                0
            ], 
            [
                1, 
                0
            ], 
            [
                1, 
                0
            ], 
            [
                -1, 
                0
            ], 
            [
                -1, 
                0
            ], 
            [
                -1, 
                0
            ], 
            [
                1, 
                0
            ], 
            [
                1, 
                0
            ], 
            [
                1, 
                0
            ], 
            [
                -2, 
                -1
            ], 
            [
                1, 
                0
            ], 
            [
                1, 
                0
            ], 
            [
                -1, 
                0
            ], 
            [
                -1, 
                0
            ], 
            [
                1, 
                0
            ], 
            [
                1, 
                0
            ], 
            [
                -1, 
                0
            ]
        ], 
        "stand_dev": [
            83.221077036106, 
            83.16137338807346, 
            83.11606549311377, 
            83.11031326226941, 
            83.13494916018573, 
            83.26921946692528, 
            83.14697362477773, 
            83.08196100195904, 
            83.09010640019058, 
            83.03693412165121, 
            83.00095071684834, 
            82.78294609087492, 
            82.8870873772596, 
            82.66544705948695, 
            82.4036163573766, 
            82.34976494107244, 
            82.21054511030765, 
            82.25144004122609, 
            82.00503250875757, 
            81.75177727870216, 
            81.67750450415531, 
            81.58542339713264, 
            81.26416760987912, 
            81.06768770625654, 
            81.33539280591992, 
            81.15583828682072, 
            81.12586692353278, 
            80.92719814219355, 
            80.86390900480721, 
            80.90514135913212
        ]
    }
}