{
    "brightness": [
        94, 
        94, 
        93, 
        93, 
        93, 
        93, 
        93, 
        93, 
        93, 
        93, 
        93, 
        93, 
        94, 
        94, 
        94, 
        94, 
        94, 
        95
    ], 
    "horizontal_movement": [
        [
            0.9583333333333334, 
            0.8846153846153846, 
            1.0, 
            1.0, 
            2.0357142857142856, 
            1.9615384615384615, 
            4.961538461538462, 
            0.88, 
            0.8846153846153846, 
            1.8518518518518519, 
            1.0, 
            1.0357142857142858, 
            1.037037037037037, 
            1.0, 
            1.0, 
            0.8846153846153846, 
            0.8846153846153846
        ], 
        [
            0.5, 
            0.5357142857142857, 
            0.5357142857142857, 
            0.6071428571428571, 
            1.6896551724137931, 
            1.5, 
            3.888888888888889, 
            0.4230769230769231, 
            0.3076923076923077, 
            1.2692307692307692, 
            0.24, 
            0.23076923076923078, 
            0.2608695652173913, 
            -0.041666666666666664, 
            0.0, 
            0.0, 
            0.04
        ], 
        [
            -4.428571428571429, 
            -2.3333333333333335, 
            -2.2857142857142856, 
            -3.9166666666666665, 
            -3.1666666666666665, 
            -1.7, 
            5.0, 
            -3.5, 
            -3.4, 
            -1.4615384615384615, 
            -0.4, 
            -0.8125, 
            -0.8333333333333334, 
            -3.1538461538461537, 
            -1.3571428571428572, 
            -0.3333333333333333, 
            -1.0625
        ], 
        [
            0.6111111111111112, 
            0.6857142857142857, 
            0.6111111111111112, 
            0.8333333333333334, 
            1.7777777777777777, 
            1.6944444444444444, 
            5.0344827586206895, 
            0.8, 
            0.8529411764705882, 
            1.878787878787879, 
            0.8787878787878788, 
            0.8235294117647058, 
            0.8235294117647058, 
            0.7428571428571429, 
            0.6857142857142857, 
            0.6571428571428571, 
            0.5277777777777778
        ], 
        [
            0.6071428571428571, 
            0.5517241379310345, 
            0.43333333333333335, 
            0.40625, 
            1.3142857142857143, 
            1.2941176470588236, 
            3.8181818181818183, 
            0.11764705882352941, 
            0.25, 
            1.096774193548387, 
            0.3793103448275862, 
            0.3125, 
            0.26666666666666666, 
            0.1, 
            0.3548387096774194, 
            0.5517241379310345, 
            0.06451612903225806
        ], 
        [
            -2.235294117647059, 
            -1.8, 
            -1.625, 
            -1.6470588235294117, 
            -2.25, 
            -3.75, 
            -4.4, 
            -3.25, 
            -2.7222222222222223, 
            -2.3181818181818183, 
            -3.35, 
            -2.608695652173913, 
            -3.1666666666666665, 
            -3.2, 
            -2.0625, 
            -2.7142857142857144, 
            -2.411764705882353
        ], 
        [
            -4.0, 
            -3.9583333333333335, 
            -3.8846153846153846, 
            -3.72, 
            -2.730769230769231, 
            -2.7037037037037037, 
            -4.529411764705882, 
            -3.642857142857143, 
            -3.5, 
            -2.4642857142857144, 
            -3.142857142857143, 
            -2.92, 
            -2.9166666666666665, 
            -3.125, 
            -3.0434782608695654, 
            -3.25, 
            -3.36
        ], 
        [
            -4.0, 
            -3.925925925925926, 
            -4.0, 
            -3.888888888888889, 
            -3.0, 
            -2.9615384615384617, 
            -5.666666666666667, 
            -4.16, 
            -3.769230769230769, 
            -3.0, 
            -3.8333333333333335, 
            -3.5384615384615383, 
            -3.4814814814814814, 
            -3.5555555555555554, 
            -3.4444444444444446, 
            -3.740740740740741, 
            -4.0
        ], 
        [
            -2.75, 
            -2.7142857142857144, 
            -2.75, 
            -2.3333333333333335, 
            -1.5, 
            -1.8181818181818181, 
            -3.3333333333333335, 
            -2.9166666666666665, 
            -2.7916666666666665, 
            -1.7916666666666667, 
            -2.933333333333333, 
            -2.3333333333333335, 
            -2.4347826086956523, 
            -2.4583333333333335, 
            -2.28, 
            -2.4814814814814814, 
            -2.5925925925925926
        ]
    ],