{"phase1": {"shift_vectors": [[-4, 3], [-1, 0], [1, 0], [1, 0], [1, 0], [-1, 0], [-1, 0], [1, 0], [1, 0], [-1, 0], [1, 0], [1, 0], [1, 0], [-1, 0], [-1, 0], [-1, 0], [-1, 0], [-1, 0], [1, 0], [-1, 0], [-1, 0], [-1, 0], [-1, 0], [1, 0], [-1, 0], [1, 0], [-1, 0], [1, 0], [1, 0], [1, 0], [1, 0], [1, 0]], "stand_dev": [68.18725940798953, 68.30933744570835, 68.27255183618217, 68.16904423114323, 68.21604594114874, 68.1963419395503, 68.1638850856251, 68.17674924967521, 68.09064102808395, 68.11129982480422, 68.1251638256888, 68.14391412192093, 68.09853645681436, 68.02681497187397, 67.91868886248861, 67.86580476085655, 67.82013795930806, 67.71362457953835, 67.64192750426922, 67.58666472138745, 67.5278495023107, 67.52360451145218, 67.53949489709656, 67.5446100663164, 67.49343513206281, 67.44364888966723, 67.32235991818673, 67.28491881594721, 67.32567986936257, 67.27012311519971, 67.27300134826086, 67.2201400096249], "rmsdiffs": [7.057413395843072, 5.825067173972349, 5.734069735313511, 5.680268817064541, 5.679436117224412, 5.718898027103619, 5.859036078849218, 5.3024675771321785, 5.0503911781159045, 5.897278253703121, 5.413383098491287, 5.450653576695692, 5.8296676014668645, 5.878103774340514, 5.945797529300266, 5.8570362014890955, 5.741793112015865, 5.808251839230595, 5.7316231633147225, 5.760670095080736, 5.8355875367267185, 5.885403270558706, 5.940684461635527, 5.396882734009801, 5.893019781252743, 5.632820690128801, 6.253933903666639, 4.360010277418697, 4.172637349656393, 3.2995279798153585, 2.890984252737117, 4.394170867279775]}, "horizontal_movement": [[0.0, 0.0, 0.0, 0.0, 0.0, 0.0, 0.03125, 0.0, 0.0, 0.0, 0.0, 0.0, -0.03125, -0.03125, -0.03125, 0.0, 0.0, 0.0, -0.03125, -0.03125, 0.0, 0.0, 0.0, 0.0625, 0.09375, 0.90625, 0.0, 0.0, 0.0, 0.375, -0.03125, -0.03125, -0.09375], [-0.037037037037037035, 0.0, 0.0, 0.0, 0.0, 0.0, 0.0, 0.0, 0.0, 0.0, -0.037037037037037035, 0.0, -0.07142857142857142, 0.0, -0.06896551724137931, 0.0, 0.0, 0.0, 0.0, 0.0, 0.0, 0.0, -0.034482758620689655, 0.0, 0.0, 0.6551724137931034, 0.0, 0.0, 0.0, 0.896551724137931, 0.0, 0.034482758620689655, -0.13793103448275862], [0.0, 0.0, 0.2, 0.0, 0.0, 0.0, 0.0, 0.0, 0.0, 0.13636363636363635, 0.0, 0.0, 0.0, 0.043478260869565216, -0.125, 0.0, 0.0, 0.0, 0.0, 0.0, 0.0, 0.043478260869565216, 0.0, 0.0, 0.05, 0.5652173913043478, -0.30434782608695654, -0.17391304347826086, -0.3333333333333333, 0.75, 0.0, 0.125, 0.0], [0.0, 0.041666666666666664, 0.0, 0.0, 0.0625, 0.16666666666666666, 0.25, 0.0425531914893617, 0.0, 0.0, 0.0, 0.020833333333333332, 0.0425531914893617, 0.0425531914893617, 0.10869565217391304, 0.0, 0.0, 0.0, 0.02127659574468085, 0.1276595744680851, 0.15217391304347827, 0.1702127659574468, 0.0, 0.06382978723404255, 0.3404255319148936, 1.0, 0.06382978723404255, 0.16666666666666666, 0.02127659574468085, 0.851063829787234, 0.02127659574468085, 0.0, -0.02127659574468085], [0.0, 0.0, 0.0, 0.0, 0.0, 0.0625, 0.14583333333333334, 0.020833333333333332, 0.0, 0.0, 0.0, 0.0, 0.020833333333333332, 0.0, 0.0425531914893617, 0.0, 0.0, 0.0, 0.0, 0.020833333333333332, 0.08333333333333333, 0.0625, 0.0, 0.0, 0.10416666666666667, 0.9166666666666666, 0.0, 0.08333333333333333, 0.0, 0.9375, 0.0, 0.0, 0.0], [0.0, 0.0, 0.0, 0.0, 0.0, 0.0, 0.022727272727272728, 0.0, 0.0, 0.0, 0.023255813953488372, 0.0, 0.0, 0.0, 0.0, 0.0, 0.022727272727272728, -0.022727272727272728, 0.0, 0.0, 0.0, 0.0, -0.022727272727272728, 0.0, 0.04878048780487805, 0.9545454545454546, 0.045454545454545456, -0.022727272727272728, 0.0, 0.9772727272727273, 0.0, 0.0, -0.046511627906976744], [0.5, 1.1538461538461537, 0.5769230769230769, 0.42857142857142855, 1.1851851851851851, 1.5, 1.6666666666666667, 1.04, 0.7307692307692307, 0.8888888888888888, 0.9166666666666666, 1.0384615384615385, 1.5384615384615385, 1.5, 2.85, 1.0769230769230769, 1.1538461538461537, 1.2916666666666667, 1.4583333333333333, 1.76, 1.7692307692307692, 1.6666666666666667, 0.8846153846153846, 1.2857142857142858, 1.7777777777777777, 2.0, 1.3461538461538463, 1.3448275862068966, 0.9642857142857143, 1.6551724137931034, 0.9666666666666667, 0.5714285714285714, 0.3448275862068966], [0.20689655172413793, 0.8, 0.20689655172413793, 0.1935483870967742, 0.6774193548387096, 1.096774193548387, 1.1935483870967742, 0.8709677419354839, 0.6129032258064516, 0.5, 0.3333333333333333, 0.5666666666666667, 0.75, 0.7333333333333333, 0.9166666666666666, 0.3, 0.3333333333333333, 0.3333333333333333, 0.5666666666666667, 0.9032258064516129, 0.8709677419354839, 0.9032258064516129, 0.3793103448275862, 0.6129032258064516, 1.0, 1.2580645161290323, 0.6428571428571429, 0.8275862068965517, 0.6206896551724138, 1.4827586206896552, 0.6896551724137931, 0.5862068965517241, 0.5], [-0.2, -0.07407407407407407, -0.11538461538461539, -0.21428571428571427, -0.13793103448275862, 0.0, 0.2413793103448276, -0.034482758620689655, -0.1724137931034483, -0.1, 0.0, -0.03125, -0.0625, 0.0, -0.23076923076923078, -0.03125, -0.03125, 0.0, 0.0, 0.25806451612903225, 0.21875, 0.15625, -0.034482758620689655, 0.0, 0.5806451612903226, 0.9354838709677419, 0.034482758620689655, 0.0625, 0.0, 0.9310344827586207, 0.0, -0.37037037037037035, -0.4444444444444444]], "frame_states": [1, 1, 1, 1, 1, 1, 1, 1, 1, 1, 1, 1, 1, 1, 1, 1, 1, 1, 1, 1, 1, 1, 1, 1, 1, 1, 1, 1, 1, 1, 1, 1], "brightness": [70, 70, 70, 70, 70, 70, 70, 70, 70, 70, 70, 70, 70, 70, 70, 70, 70, 70, 69, 69, 69, 69, 69, 69, 69, 69, 69, 69, 69, 69, 69, 69, 69, 69],