{
    "frame_states": [
        0, 
        0, 
        0, 
        0, 
        0, 
        0, 
        0, 
        0, 
        0, 
        0, 
        0, 
        0, 
        1, 
        1, 
        1, 
        1, 
        1, 
        1, 
        1, 
        1, 
        1, 
        1, 
        1, 
        1, 
        1, 
        1, 
        1, 
        1, 
        1, 
        1, 
        1, 
        1, 
        1, 
        1, 
        1, 
        1, 
        1, 
        1, 
        1
    ], 
    "phase1": {
        "rmsdiffs": [
            8.550864638633303, 
            6.113034624012865, 
            6.061695495180794, 
            5.898506745314841, 
            6.528277106200636, 
            6.011643812564667, 
            5.773068001173318, 
            5.550950908774768, 
            5.973498802793356, 
            6.022894721328315, 
            6.006675919728726, 
            6.224805139140263, 
            6.121740839048476, 
            5.358739758814863, 
            5.252564677901459, 
            5.651563940904122, 
            5.899305978131838, 
            6.0095412972931905, 
            6.003479208132305, 
            5.648927199953856, 
            5.61423514969447, 
            4.980155543879624, 
            5.736077191377282, 
            5.910549279221842, 
            6.229529307330451, 
            5.871890216515377, 
            6.04498262454911, 
            5.965325726871231, 
            6.8092079578853415, 
            6.258923302261318, 
            6.009034017864771, 
            5.976581572947761, 
            6.136741670522321, 
            6.190677300199043, 
            5.892527901428551, 
            5.858395806453004, 
            6.27169525887349, 
            6.121303564532651, 
            6.043326584701086
        ], 
        "shift_vectors": [
            [
                -57, 
                0
            ], 
            [
                1, 
                0
            ], 
            [
                3, 
                0
            ], 
            [
                3, 
                0
            ], 
            [
                6, 
                1
            ], 
            [
                3, 
                0
            ], 
            [
                3, 
                0
            ], 
            [
                3, 
                0
            ], 
            [
                3, 
                0
            ], 
            [
                1, 
                0
            ], 
            [
                2, 
                1
            ], 
            [
                2, 
                1
            ], 
            [
                7, 
                0
            ], 
            [
                7, 
                0
            ], 
            [
                5, 
                0
            ], 
            [
                5, 
                0
            ], 
            [
                5, 
                0
            ], 
            [
                3, 
                0
            ], 
            [
                3, 
                0
            ], 
            [
                3, 
                0
            ], 
            [
                3, 
                0
            ], 
            [
                3, 
                0
            ], 
            [
                3, 
                0
            ], 
            [
                2, 
                -1
            ], 
            [
                2, 
                -1
            ], 
            [
                3, 
                0
            ], 
            [
                3, 
                0
            ], 
            [
                2, 
                -1
            ], 
            [
                6, 
                -5
            ], 
            [
                2, 
                -1
            ], 
            [
                1, 
                0
            ], 
            [
                3, 
                0
            ], 
            [
                1, 
                0
            ], 
            [
                3, 
                0
            ], 
            [
                2, 
                -1
            ], 
            [
                2, 
                -1
            ], 
            [
                2, 
                -1
            ], 
            [
                1, 
                0
            ], 
            [
                1, 
                0
            ]
        ], 
        "stand_dev": [
            80.28190180727258, 
            80.22414236564681, 
            80.21157809093809, 
            80.15046236596582, 
            80.09009542244851, 
            79.99786425858244, 
            79.90063005839495, 
            79.90668705234694, 
            79.99228629926962, 
            80.02972788225318, 
            80.16553169805884, 
            79.88924736917407, 
            79.7200301448573, 
            79.48624426757992, 
            79.43047961624895, 
            79.53202735378042, 
            79.6631655966374, 
            79.61919565181798, 
            79.72224379054092, 
            79.68314899727639, 
            79.66673556653453, 
            79.72100449102153, 
            79.64806343145366, 
            79.54613103201325, 
            79.66391462188098, 
            79.4727910864914, 
            79.34131259080854, 
            79.21325087919354, 
            78.48881951103341, 
            78.15922988973523, 
            78.16349841234701, 
            78.13275858289528, 
            78.16783926744013, 
            78.23263857004177, 
            78.25004249989733, 
            78.1677383543803, 
            78.29717575986298, 
            78.30544737794031, 
            78.31836408420372
        ]
    }
}