{
    "frame_states": [
        1, 
        1, 
        1, 
        1, 
        1, 
        1, 
        1, 
        1, 
        1, 
        1, 
        1, 
        1, 
        1, 
        1, 
        1, 
        1, 
        1, 
        1, 
        1, 
        1, 
        1, 
        1, 
        1, 
        1, 
        1, 
        1, 
        1, 
        1, 
        1, 
        1, 
        1, 
        1
    ], 
    "phase1": {
        "rmsdiffs": [
            7.057413395843072, 
            5.825067173972349, 
            5.734069735313511, 
            5.680268817064541, 
            5.679436117224412, 
            5.718898027103619, 
            5.859036078849218, 
            5.3024675771321785, 
            5.0503911781159045, 
            5.897278253703121, 
            5.413383098491287, 
            5.450653576695692, 
            5.8296676014668645, 
            5.878103774340514, 
            5.945797529300266, 
            5.8570362014890955, 
            5.741793112015865, 
            5.808251839230595, 
            5.7316231633147225, 
            5.760670095080736, 
            5.8355875367267185, 
            5.885403270558706, 
            5.940684461635527, 
            5.396882734009801, 
            5.893019781252743, 
            5.632820690128801, 
            6.253933903666639, 
            4.360010277418697, 
            4.172637349656393, 
            3.2995279798153585, 
            2.890984252737117, 
            4.394170867279775
        ], 
        "shift_vectors": [
            [
                -4, 
                3
            ], 
            [
                -1, 
                0
            ], 
            [
                1, 
                0
            ], 
            [
                1, 
                0
            ], 
            [
                1, 
                0
            ], 
            [
                -1, 
                0
            ], 
            [
                -1, 
                0
            ], 
            [
                1, 
                0
            ], 
            [
                1, 
                0
            ], 
            [
                -1, 
                0
            ], 
            [
                1, 
                0
            ], 
            [
                1, 
                0
            ], 
            [
                1, 
                0
            ], 
            [
                -1, 
                0
            ], 
            [
                -1, 
                0
            ], 
            [
                -1, 
                0
            ], 
            [
                -1, 
                0
            ], 
            [
                -1, 
                0
            ], 
            [
                1, 
                0
            ], 
            [
                -1, 
                0
            ], 
            [
                -1, 
                0
            ], 
            [
                -1, 
                0
            ], 
            [
                -1, 
                0
            ], 
            [
                1, 
                0
            ], 
            [
                -1, 
                0
            ], 
            [
                1, 
                0
            ], 
            [
                -1, 
                0
            ], 
            [
                1, 
                0
            ], 
            [
                1, 
                0
            ], 
            [
                1, 
                0
            ], 
            [
                1, 
                0
            ], 
            [
                1, 
                0
            ]
        ], 
        "stand_dev": [
            68.18725940798953, 
            68.30933744570835, 
            68.27255183618217, 
            68.16904423114323, 
            68.21604594114874, 
            68.1963419395503, 
            68.1638850856251, 
            68.17674924967521, 
            68.09064102808395, 
            68.11129982480422, 
            68.1251638256888, 
            68.14391412192093, 
            68.09853645681436, 
            68.02681497187397, 
            67.91868886248861, 
            67.86580476085655, 
            67.82013795930806, 
            67.71362457953835, 
            67.64192750426922, 
            67.58666472138745, 
            67.5278495023107, 
            67.52360451145218, 
            67.53949489709656, 
            67.5446100663164, 
            67.49343513206281, 
            67.44364888966723, 
            67.32235991818673, 
            67.28491881594721, 
            67.32567986936257, 
            67.27012311519971, 
            67.27300134826086, 
            67.2201400096249
        ]
    }
}