{"phase1": {"shift_vectors": [[-28, -3], [-1, 0], [-1, 0], [-1, 0], [-1, 0], [-1, 0], [-1, 0], [1, 0], [-1, 0], [-1, 0], [-1, 0], [-1, 0], [1, 0], [1, 0], [1, 0], [1, 0], [-1, 0], [1, 0], [1, 0], [1, 0], [-1, 0], [-1, 0], [1, 0], [1, 0], [-1, 0], [-1, 0], [-1, 0], [-1, 0], [1, 0], [1, 0], [1, 0], [-1, 0], [-1, 0], [-1, 0], [-1, 0], [-1, 0], [-1, 0], [-1, 0], [-1, 0], [-1, 0], [-1, 0], [-1, 0], [-1, 0], [-1, 0], [-1, 0], [1, 0], [-1, 0], [-1, 0], [-1, 0], [-1, 0], [-1, 0]], "stand_dev": [77.26344489075372, 77.15164737035316, 77.08948307652803, 77.03362457442492, 76.9596650693358, 77.00163705516066, 77.01544322811746, 76.95758048128496, 77.03217651009888, 77.15937764059835, 77.10499125416361, 77.08577109137485, 77.31669927538584, 77.1689485392401, 77.07588016030336, 77.02714784917274, 77.06638364380132, 77.16500719388593, 77.27809406202898, 77.31021406738797, 77.29764543318795, 77.57632054250125, 77.51757973546208, 77.38551783319366, 77.47807061586605, 77.35031188981932, 77.3689840178898, 77.21216003462585, 77.17152999871078, 77.11477753929219, 77.18923062493779, 77.11178763311895, 77.11596281689174, 77.1303851487603, 77.04411718856257, 76.94975355808177, 77.37402886585737, 77.17454485894754, 77.16787080628158, 77.11422804306457, 77.28887730433681, 77.39824120968915, 77.52485616610795, 77.55677980534094, 77.53457433283282, 77.5934465387289, 77.56287682803061, 77.61988674529537, 77.94009461131427, 77.81402915712408, 77.80718137189612], "rmsdiffs": [8.056550564208427, 6.141116407345568, 5.937430229115366, 6.088335707025911, 6.155725959913172, 5.660923322248069, 5.8325329207178225, 5.596218169321467, 6.2857850522294205, 6.298572688310321, 5.804010434516675, 5.819996677702197, 5.635907188271586, 5.81464552581271, 6.044826894602262, 5.7117015886147975, 5.999772499019696, 5.485317339219833, 5.690223826159453, 5.717873668642755, 5.693579269364722, 6.590393096659139, 5.5983294667820545, 5.826529678632325, 6.032855761164856, 6.0816504271396035, 6.014052112629534, 5.768329219001486, 5.835186008796944, 6.08618904538441, 6.135824619910637, 5.730779341008473, 5.976237504524493, 5.877998389498323, 5.604451105696239, 5.621864067222909, 6.205461020655374, 5.664245086928987, 5.8926948311871925, 5.89936212508374, 5.8736019731597615, 5.636831150097587, 5.89692331416288, 6.036974910952102, 5.832630556071314, 6.070533228155796, 5.632459118580715, 5.643774913157661, 6.212358742669848, 5.5443670590878185, 5.779174021735309]}, "frame_states": [0, 0, 0, 0, 0, 0, 0, 1, 1, 1, 1, 1, 1, 1, 1, 1, 1, 1, 1, 1, 1, 1, 1, 1, 1, 1, 1, 1, 1, 1, 1, 1, 1, 1, 1, 1, 1, 1, 1, 1, 1, 1, 1, 1, 1, 1, 1, 1, 1, 1, 1]}