{"phase1": {"shift_vectors": [[-15, 0], [1, 0], [1, 0], [1, 0], [1, 0], [1, 0], [1, 0], [1, 0], [1, 0], [-1, 0], [1, 0], [1, 0], [-1, 0], [-1, 0], [-1, 0], [-1, 0], [-1, 0], [-1, 0], [-1, 0], [-1, 0], [-1, 0], [-1, 0], [-1, 0], [-1, 0], [-1, 0], [-1, 0], [-1, 0], [-1, 0], [-1, 0], [-1, 0], [-1, 0], [-1, 0]], "stand_dev": [76.60069864130028, 76.67757065787082, 76.66335126197349, 76.7387406493368, 76.71759399222655, 76.72480389045678, 76.75412526718637, 76.78922470134368, 77.04675698574381, 76.99159670900974, 77.24438183669744, 77.46862907259018, 77.60991444007134, 77.50047715095799, 77.1714343672953, 76.8373715026141, 76.6077458957679, 76.27685260282414, 75.83540163419755, 75.45010208336866, 75.6650565363608, 75.71725147491907, 75.97619275833915, 76.38951816172154, 77.03482681263256, 77.38985783240337, 77.54680148426054, 77.40076711630371, 77.29699001084907, 77.09542306370487, 77.05427532660664, 76.97405807475025], "rmsdiffs": [7.069381553966058, 3.206655913750561, 3.5117255212109213, 2.8058193371400626, 3.8523033146005186, 4.178608864161047, 4.3403012675420705, 4.187690309754543, 4.454916750634749, 5.391078560668182, 3.9675429611186357, 3.9625063114744745, 5.598756134058029, 5.55653434257283, 5.64219184469834, 5.720512302065899, 5.621006088044755, 5.606872537231138, 5.6764582929430105, 5.75384700412656, 6.371664199991035, 5.964634150221789, 6.052526844489745, 6.059252148766383, 6.025641104613984, 5.996978387708805, 6.068846235242856, 6.162250812175804, 6.16774300127576, 6.189633176475712, 6.20469004686283, 6.219604230708398]}, "horizontal_movement": [[0.8064516129032258, 1.0, 0.6666666666666666, 0.5, 0.36666666666666664, 0.06666666666666667, 0.3333333333333333, 0.9310344827586207, 1.0357142857142858, 1.0, 0.9166666666666666, -0.16666666666666666, -0.631578947368421, -2.85, -0.75, -1.125, -1.8571428571428572, -0.875, 1.0, -0.7333333333333333, 0.11764705882352941, 0.125, -2.590909090909091, -2.1153846153846154, -0.5769230769230769, 0.03571428571428571, 0.1, 0.0, 0.03125, 0.09375, 0.0625, -0.03125, 0.03225806451612903], [0.9375, 1.0, 0.46875, 0.5625, 0.21875, 0.03125, 0.46875, 0.90625, 0.96875, 1.0, 0.71875, 0.90625, 0.9375, 0.3125, 0.03125, 0.28125, 0.28125, 0.78125, 1.0, 0.25, 0.967741935483871, 1.0344827586206897, 0.0, -1.7777777777777777, -2.48, -2.8260869565217392, -5.476190476190476, -6.05, -6.0, -5.555555555555555, -6.625, -8.647058823529411, -8.842105263157896], [0.84375, 1.0, 0.5161290322580645, 0.5483870967741935, 0.3225806451612903, 0.03225806451612903, 0.45161290322580644, 0.875, 0.96875, 1.0, 0.9032258064516129, 0.8709677419354839, 1.0, 0.41935483870967744, 0.03225806451612903, 0.45161290322580644, 0.3870967741935484, 0.7741935483870968, 1.0, 0.1875, 0.75, 1.0, 0.03125, 0.0, 0.0, 0.03125, 0.0, 0.09375, 0.0, 0.09375, 0.03125, 0.0, 0.0], [1.0714285714285714, 1.2093023255813953, 0.6585365853658537, 0.85, 0.75, 0.46153846153846156, 0.9117647058823529, 1.5151515151515151, 1.6896551724137931, 1.2592592592592593, 1.7, -0.3181818181818182, -1.0, -4.0, -4.4, -6.896551724137931, -7.92, -10.73076923076923, -28.266666666666666, -11.285714285714286, -10.689655172413794, -9.6875, -10.606060606060606, -9.6, -9.516129032258064, -8.161290322580646, -6.538461538461538, -4.62962962962963, -1.4074074074074074, 0.0, 0.2222222222222222, 0.20588235294117646, 0.34210526315789475], [1.4146341463414633, 1.372093023255814, 0.8888888888888888, 0.7111111111111111, 0.4883720930232558, 0.3181818181818182, 0.7555555555555555, 0.9347826086956522, 0.9782608695652174, 0.9791666666666666, 0.8333333333333334, 0.8333333333333334, 0.9791666666666666, 0.5208333333333334, 0.3125, 0.2708333333333333, 0.2127659574468085, 0.5, 1.0, 0.1956521739130435, 0.6666666666666666, 0.3684210526315789, -1.2105263157894737, -2.638888888888889, -4.571428571428571, -5.742857142857143, -7.7272727272727275, -9.709677419354838, -12.413793103448276, -14.516129032258064, -17.615384615384617, -18.65625, -16.473684210526315], [0.9791666666666666, 1.0, 0.6041666666666666, 0.3958333333333333, 0.25, 0.08333333333333333, 0.5416666666666666, 1.0, 1.0416666666666667, 1.0208333333333333, 0.7083333333333334, 0.75, 0.8958333333333334, 0.5833333333333334, 0.1875, 0.16666666666666666, 0.1875, 0.4166666666666667, 1.0, 0.25, 0.6875, 0.8958333333333334, 0.0625, 0.041666666666666664, 0.041666666666666664, 0.08333333333333333, 0.125, 0.08333333333333333, 0.10416666666666667, 0.041666666666666664, 0.02127659574468085, 0.06818181818181818, 0.0], [0.6, 0.6521739130434783, 0.8181818181818182, 0.13636363636363635, 0.5217391304347826, -1.1666666666666667, -1.608695652173913, -2.909090909090909, -3.590909090909091, -4.608695652173913, -4.904761904761905, -7.478260869565218, -7.95, -9.2, -9.4, -9.9, -11.45, -12.434782608695652, -28.0, -16.266666666666666, -16.2, -15.766666666666667, -14.903225806451612, -14.448275862068966, -12.482758620689655, -12.0, -9.931034482758621, -8.692307692307692, -5.636363636363637, -4.375, -0.5652173913043478, -1.2608695652173914, 0.041666666666666664], [0.8620689655172413, 1.0, 0.7333333333333333, 0.3, 0.26666666666666666, 0.06666666666666667, 0.7741935483870968, 0.5333333333333333, 0.7096774193548387, 0.3, 0.6551724137931034, 0.3793103448275862, 0.4827586206896552, 0.4827586206896552, 0.4666666666666667, 0.06666666666666667, 0.13333333333333333, 0.41379310344827586, 1.5, -2.0344827586206895, -3.9310344827586206, -6.275862068965517, -8.192307692307692, -8.310344827586206, -10.066666666666666, -12.0, -13.296296296296296, -14.851851851851851, -17.227272727272727, -18.192307692307693, -19.785714285714285, -19.551724137931036, -19.433333333333334], [0.25925925925925924, 0.5384615384615384, 0.5833333333333334, 0.20833333333333334, 0.45454545454545453, 0.08695652173913043, 0.9090909090909091, 0.5238095238095238, 0.9047619047619048, 0.3684210526315789, 0.25, 0.25, 0.3, 0.7, 0.45, 0.0, -0.15789473684210525, 0.1, 1.45, 0.0, 0.16666666666666666, 0.375, 0.16666666666666666, 0.34615384615384615, 0.04, 0.0, 0.38461538461538464, 0.25, 0.0, -1.608695652173913, -3.4166666666666665, -6.2592592592592595, -8.16]], "frame_states": [1, 1, 1, 1, 1, 1, 1, 1, 1, 1, 1, 1, 1, 1, 1, 1, 1, 1, 1, 1, 1, 1, 1, 1, 1, 1, 1, 1, 1, 1, 1, 1], "brightness": [97, 97, 97, 97, 97, 97, 97, 96, 96, 95, 94, 93, 91, 90, 88, 87, 86, 85, 84, 84, 84, 85, 85, 86, 86, 86, 86, 86, 85, 85, 85, 85, 85, 84],