{"phase1": {"shift_vectors": [[-45, 0], [1, 0], [1, 0], [1, 0], [1, 0], [1, 0], [1, 0], [1, 0], [1, 0], [1, 0], [1, 0], [1, 0], [1, 0], [1, 0], [1, 0], [1, 0], [1, 0], [1, 0], [1, 0]], "stand_dev": [96.45393473131331, 96.33618118457622, 96.32026937162954, 96.20091033404637, 96.24142930201218, 96.25141895602883, 96.25475526743973, 96.26393047418918, 96.23864514108084, 96.20175852616178, 96.19327195695236, 96.18479143986387, 96.17534847317027, 96.07609115732346, 95.9528328119877, 95.81117086243016, 95.75408656043257, 95.67095204495973, 95.61062195449337], "rmsdiffs": [7.25161722520931, 5.564755684221357, 5.3457004012931755, 5.525645620204346, 5.26473926883095, 5.204268575574465, 5.25157112724076, 5.374262615568988, 5.490327562941175, 5.524895443123868, 5.465351811414816, 5.463516943167679, 5.642298937300401, 5.993194787368937, 5.58048709365048, 5.613190476054238, 5.639670343717899, 5.635439365196882, 5.673142530016692]}, "horizontal_movement": [[0.0, 0.0, 0.0, 0.0, 0.0, 0.0, 0.0, 0.0, 0.0, 0.0, 0.0, 0.0, 0.0, 0.0, 0.0, 0.0, 0.0, 0.0, 0.0, 0.0], [-0.08333333333333333, 0.16666666666666666, -0.5, 0.75, 0.5833333333333334, 0.75, 1.3333333333333333, 1.3076923076923077, 1.6153846153846154, 2.0, 1.9230769230769231, 5.571428571428571, 2.875, 3.0588235294117645, 3.25, 3.0588235294117645, 2.888888888888889, 2.6315789473684212, 2.6842105263157894, 2.8947368421052633], [-0.625, -0.5, -0.375, 0.375, 0.75, 1.375, 1.375, 1.625, 2.875, 2.75, 3.1666666666666665, 7.5, 4.333333333333333, 4.666666666666667, 4.833333333333333, 5.0, 4.75, 4.75, 4.75, 4.0], [0.024390243902439025, -0.1, 0.0, 0.05263157894736842, 0.07894736842105263, 0.02631578947368421, 0.0, 0.0, 0.0, 0.07692307692307693, 0.0, 0.058823529411764705, 0.0, 0.02631578947368421, 0.0, 0.0, 0.0, 0.0, 0.0, 0.0], [0.08695652173913043, 0.11363636363636363, 0.4090909090909091, 0.4772727272727273, 0.8809523809523809, 1.0465116279069768, 1.0952380952380953, 1.1538461538461537, 1.5609756097560976, 1.8048780487804879, 2.125, 5.105263157894737, 2.8048780487804876, 2.8333333333333335, 3.1463414634146343, 3.225, 3.268292682926829, 3.225, 3.263157894736842, 3.25], [-0.022222222222222223, -0.16279069767441862, 0.11627906976744186, 0.32558139534883723, 0.3023255813953488, 0.40476190476190477, 0.5641025641025641, 0.5, 0.7567567567567568, 0.8055555555555556, 0.967741935483871, 2.3333333333333335, 0.7105263157894737, 0.5405405405405406, 0.5789473684210527, 0.38235294117647056, 0.37142857142857144, 0.19444444444444445, 0.02857142857142857, 0.02631578947368421], [3.761904761904762, 3.5, 3.8095238095238093, 3.8636363636363638, 3.772727272727273, 3.4583333333333335, 3.5, 3.391304347826087, 3.909090909090909, 3.6153846153846154, 3.5, 7.619047619047619, 3.4285714285714284, 3.4444444444444446, 3.5185185185185186, 3.2222222222222223, 3.074074074074074, 3.0357142857142856, 3.3333333333333335, 3.5], [0.7333333333333333, 0.6551724137931034, 0.9666666666666667, 1.1785714285714286, 1.2222222222222223, 1.2222222222222223, 1.2222222222222223, 1.2222222222222223, 1.2307692307692308, 1.5769230769230769, 1.4166666666666667, 3.4285714285714284, 2.04, 2.076923076923077, 2.16, 2.4782608695652173, 2.3043478260869565, 2.1818181818181817, 2.0, 2.1818181818181817], [-0.04, -0.19230769230769232, 0.15384615384615385, 0.4230769230769231, 0.38461538461538464, 0.11538461538461539, 0.11538461538461539, 0.0, 0.16, 0.19230769230769232, 0.04, -0.36, 0.1111111111111111, -0.14814814814814814, -0.03571428571428571, -0.1724137931034483, -0.4, -0.43333333333333335, -0.4666666666666667, -0.3]], "frame_states": [0, 0, 0, 0, 0, 0, 0, 0, 0, 0, 1, 1, 1, 1, 1, 1, 1, 1, 1], "brightness": [90, 90, 90, 90, 90, 90, 90, 90, 90, 90, 90, 90, 90, 90, 90, 90, 90, 90, 90, 90, 90], "mean_vector_length": [[0.0, 0.0, 0.0, 0.0, 0.0, 0.0, 0.0, 0.0, 0.0, 0.0, 0.0, 0.0, 0.0, 0.0, 0.0, 0.0, 0.0, 0.0, 0.0, 0.0], [0.75, 0.16666666666666666, 1.0, 1.0833333333333333, 0.5833333333333334, 0.9166666666666666, 1.5135231383473648, 1.3201752046283368, 1.6248542788936662, 2.0, 1.9306938087379066, 5.606691505873422, 2.8878667597447425, 3.317188968509924, 3.2801513696684106, 3.116380783483961, 3.8235765797269017, 3.6416440624674387, 3.665974191496309, 4.073889851742182], [0.625, 1.0, 0.375, 0.875, 0.75, 1.375, 1.375, 1.625, 2.875, 2.75, 3.1666666666666665, 7.571075364982729, 4.442705357315968, 4.776229204688717, 4.936367198930264, 5.0990195135927845, 4.855041041599003, 4.855041041599003, 4.830286163200807, 4.061552812808831], [0.024390243902439025, 0.1, 0.0, 0.05263157894736842, 0.07894736842105263, 0.02631578947368421, 0.0, 0.0, 0.0, 0.07692307692307693, 0.0, 0.058823529411764705, 0.0, 0.02631578947368421, 0.0, 0.0, 0.0, 0.0, 0.0, 0.0], [0.15217391304347827, 0.22727272727272727, 0.5280924540340861, 0.4772727272727273, 0.8809523809523809, 1.052001580872088, 1.1103431813135227, 1.1659522039743482, 1.576807576601793, 1.824668007337607, 2.14024846515307, 5.116252547569103, 2.8499643053238524, 2.8439107209147827, 3.1541742598244684, 3.229950975679639, 3.288135784274972, 3.2373105625617655, 3.2761163816439636, 3.2851229586821917], [0.06666666666666667, 0.20930232558139536, 0.2558139534883721, 0.37209302325581395, 0.41461458429642306, 0.5729641691010948, 0.7980107049967299, 0.7400636182861176, 0.8712450804729672, 0.926643711197707, 1.10074534276186, 2.715625493697303, 0.8259053368257586, 0.7113822879136007, 0.7505048336839157, 0.4579751608409519, 0.4913725436338734, 0.3753675854434967, 0.21535197679973586, 0.18421052631578946], [3.769632269531827, 3.5561849080681722, 3.876111697031818, 3.934573786265298, 3.7834576353408993, 3.4929712315882093, 3.510730362613627, 3.4278892535588072, 3.9568091615402223, 3.6587833884190526, 3.548489190370512, 7.699145374232164, 3.463477742739251, 3.4897625202938647, 3.546780769859959, 3.2548802944681396, 3.1106895034430693, 3.0804097758754656, 3.3745843628741232, 3.5333049587906222], [0.7333333333333333, 0.6694556400818309, 0.9804737854124366, 1.1870024277678495, 1.2309654806481403, 1.2222222222222223, 1.2309654806481403, 1.2571952559258948, 1.2795702780898428, 1.6200479459874266, 1.4400259707431895, 3.4869082603563313, 2.04, 2.076923076923077, 2.1765685424949237, 2.4782608695652173, 2.3223571114075257, 2.227272727272727, 2.143739893644017, 2.238003089886354], [0.48, 0.4390082139374268, 0.5, 0.4230769230769231, 0.5, 0.7692307692307693, 0.8261041794084261, 0.9098790095958609, 0.9320225231898308, 0.8995788624070283, 0.9531370849898476, 1.8233353450560565, 0.6880181934274622, 0.7441049129519468, 0.7445782843779741, 1.0020713711858815, 1.1140377150291454, 0.6964307408997391, 0.7771236166328256, 0.6161760458079525]],