{"phase1": {"shift_vectors": [[33, 0], [-1, 0], [-1, 0], [-1, 0], [-1, 0], [-1, 0], [-1, 0], [-1, 0], [-1, 0], [-1, 0], [-1, 0], [-1, 0], [1, 0], [-1, 0], [-1, 0], [-1, 0], [-1, 0], [-1, 0], [-1, 0], [-1, 0], [-1, 0], [-1, 0], [-3, 0], [-1, 0], [-1, 0], [-1, 0], [-1, 0], [-1, 0], [-1, 0], [1, 0], [-1, 0], [-3, 0]], "stand_dev": [82.59736320415708, 82.43969891827706, 82.28995518352235, 82.10927191995134, 81.92075670546069, 81.78724414562937, 81.7755633835226, 81.6571694345071, 81.60251445435345, 81.54261364353438, 81.52735577068619, 81.40341933335691, 81.2777444734445, 81.11676019383535, 80.964779876587, 80.82202396396751, 80.65462492713797, 80.44036969277336, 80.32414881944634, 80.24215301470166, 80.17524530880239, 80.08052328466506, 79.8820079298198, 79.8453731810592, 79.79312316682548, 79.8412172147841, 79.8385249098307, 79.83803247044291, 79.81640598243884, 79.7918720427087, 79.73575119251682, 79.66956800616367], "rmsdiffs": [8.032655185669862, 4.678258945808904, 4.647223637033516, 4.680418853039621, 4.765140509556135, 4.361824996642907, 4.494406674748592, 4.784524115702286, 4.490147931552653, 4.238786899586698, 4.35775590360321, 4.191363946689854, 5.972075370323935, 4.241501675494634, 4.43893682609491, 4.595591565046305, 4.810313392756524, 4.617486212800671, 4.423029392916901, 4.642775493653798, 4.314173061187733, 4.5948607823805965, 5.4448317781747555, 4.467553867463206, 4.981079660255581, 4.3693176079216425, 4.331443450491547, 4.448297430037972, 4.417560514269755, 5.72489833650439, 4.887494466098837, 4.934535684446004]}, "frame_states": [0, 0, 0, 0, 0, 0, 0, 0, 1, 1, 1, 1, 1, 1, 1, 1, 1, 1, 1, 1, 1, 1, 1, 1, 1, 1, 1, 1, 1, 1, 1, 1]}