{"phase1": {"shift_vectors": [[-7, -2], [1, 0], [1, 0], [1, 0], [-1, 0], [-1, 0], [-1, 0], [-1, 0], [1, 0], [-1, 0], [-1, 0], [-1, 0], [-1, 0], [-1, 0], [-1, 0], [1, 0], [1, 0], [-1, 0], [1, 0], [1, 0], [1, 0], [1, 0], [-1, 0], [1, 0], [1, 0], [1, 0], [1, 0], [1, 0], [-1, 0], [-1, 0], [1, 0], [1, 0], [1, 0], [1, 0], [-1, 0], [1, 0], [1, 0], [-1, 0], [1, 0], [-1, 0], [-1, 0], [-1, 0], [1, 0], [-1, 0], [-1, 0], [1, 0], [-1, 0], [-1, 0], [1, 0], [-1, 0], [-1, 0], [-1, 0], [-1, 0], [1, 0], [1, 0], [-1, 0], [1, 0], [1, 0], [-1, 0], [-1, 0], [-1, 0], [-1, 0], [-1, 0], [-1, 0], [-1, 0], [-1, 0], [1, 0], [-1, 0], [1, 0], [1, 0], [-1, 0], [1, 0], [1, 0], [-1, 0], [-1, 0], [1, 0], [-1, 0], [-1, 0], [-1, 0], [1, 0], [1, 0], [-1, 0], [1, 0], [-1, 0], [1, 0], [1, 0], [1, 0], [-1, 0], [1, 0], [1, 0], [-1, 0], [1, 0], [1, 0], [1, 0], [1, 0], [1, 0], [1, 0], [1, 0], [1, 0]], "stand_dev": [77.69264991225349, 77.4912595470225, 77.46654408248268, 77.76799321177084, 77.59071731284708, 77.50329350932628, 77.43644640118994, 77.39574503912486, 77.41423707167134, 77.40982068598255, 77.47392303526857, 77.43429830823152, 77.55005474825616, 77.48993478916985, 77.47605632044528, 77.80973115204101, 77.63381045126044, 77.44611637505355, 77.5131322410292, 77.41469673773143, 77.40910895341395, 77.26737510448636, 77.30673822990278, 77.31398585869005, 77.67164276127433, 77.60011870937518, 77.53435119318468, 77.70740523595704, 77.5384049349671, 77.422343757461, 77.46743291088295, 77.41671194460905, 77.45805729734481, 77.42829036509059, 77.4961915874501, 77.53082224263112, 77.85011239148237, 77.77673528571341, 77.71036442578426, 77.91580571190302, 77.70563300113099, 77.7094551592952, 77.67459507164249, 77.65177265234578, 77.6174819183247, 77.52699677372303, 77.60134594858657, 77.59674613321125, 78.01206479875515, 77.69927151879345, 77.72587234745635, 77.99349801751607, 77.89786907234392, 77.82977151068222, 77.88247878985453, 77.90427058997622, 77.97530195325112, 77.9927513313456, 78.06624092459373, 78.10934461222362, 78.54113900773353, 78.49647974381051, 78.53188048863197, 78.72913701353386, 78.5124226336467, 78.51674395838486, 78.49881383502888, 78.44780010692592, 78.45283008495352, 78.49647957587779, 78.6387816809819, 78.66517689534113, 79.01076227645811, 78.82334589065876, 78.75187173406677, 78.85046906856736, 78.66542913132048, 78.62236632299825, 78.70239714801062, 78.66747433516248, 78.7234323729075, 78.70120040956219, 78.7374887354742, 78.66325831249358, 79.33321820817275, 79.15321550548039, 79.10776115558245, 79.19654330568365, 78.98966951546525, 78.94659284340476, 78.9536789039434, 78.85736143445435, 78.97145644900797, 78.95329906440058, 78.97042929986749, 79.00619093112886, 79.46287978465658, 79.2942521023565, 79.25679297969396], "rmsdiffs": [8.60123974044384, 6.362437930112686, 5.973948689566615, 6.537606059753298, 6.037172568093129, 6.258878583245185, 6.22720988337988, 6.419548804315022, 6.510241987745303, 6.217373543983715, 6.338662886744548, 6.143240337408078, 6.311025493148442, 6.641761644287121, 6.408775269276907, 6.2757842334436615, 6.844195661901392, 6.2438274162038265, 6.303800952683388, 5.112452620436629, 6.269299536260874, 6.509202252410742, 6.179085958811786, 6.576965978434242, 6.90087458767145, 6.5436793965787725, 6.552787471607881, 6.890285208582277, 6.202791102224338, 6.232507777030802, 6.528815720098668, 6.689480721351653, 6.8281737458256035, 6.62264055615365, 6.338109077131915, 6.100505806953891, 6.628480883622752, 6.621340437664036, 6.518857988682739, 6.235148935395674, 6.359270325669722, 6.7598174000128335, 5.6182712029001864, 6.859048336270168, 6.767953191450815, 5.730592355924704, 6.884573525958196, 6.486368341787657, 6.857880829610202, 7.02799751615745, 6.805124862613269, 7.223424421429852, 6.9510575710668565, 6.723722656174575, 6.803167317532259, 6.754341005123543, 6.746324114862233, 6.690493740063475, 6.924432197582087, 6.902592823649497, 7.1633516128509305, 7.2261765387480805, 7.136991673513455, 7.39317418416983, 6.962166120233287, 7.026704038171993, 7.081485996794461, 6.818210424477488, 6.889099017442454, 7.008127097747881, 7.049211594718363, 7.0330883891812785, 7.214692716455137, 6.826973260671972, 6.804979854925605, 7.126835180533405, 6.897485045133129, 6.858989395257631, 6.728855093636127, 6.941045490570821, 6.821693841588812, 6.84269623325242, 6.771370660032216, 6.743301383259564, 7.130329383243488, 6.835072682180004, 6.681476768137765, 7.29837157265846, 6.734966385478704, 6.156051501746707, 6.940002648329794, 6.189697437932851, 5.976180767643618, 6.34532983744401, 6.676481754980465, 5.44470113731691, 6.366934791034157, 5.715358936154722, 5.469491028985578]}, "frame_states": [1, 1, 1, 1, 1, 1, 1, 1, 1, 1, 1, 1, 1, 1, 1, 1, 1, 1, 1, 1, 1, 1, 1, 1, 1, 1, 1, 1, 1, 1, 1, 1, 1, 1, 1, 1, 1, 1, 1, 1, 1, 1, 1, 1, 1, 1, 1, 1, 1, 1, 1, 1, 1, 1, 1, 1, 1, 1, 1, 1, 1, 1, 1, 1, 1, 1, 1, 1, 1, 1, 1, 1, 1, 1, 1, 1, 1, 1, 1, 1, 1, 1, 1, 1, 1, 1, 1, 1, 1, 1, 1, 1, 1, 1, 1, 1, 1, 1, 1]}