{
    "frame_states": [
        0, 
        0, 
        0, 
        0, 
        0, 
        0, 
        0, 
        0, 
        0, 
        0, 
        0, 
        0, 
        0, 
        1, 
        1, 
        1, 
        1, 
        1, 
        1
    ], 
    "phase1": {
        "rmsdiffs": [
            7.575489811339105, 
            4.069177078935928, 
            3.9629079985081415, 
            4.545603480887737, 
            3.615297526203705, 
            3.6702475952343745, 
            3.6378863331443423, 
            3.8583152638704337, 
            4.145164466151321, 
            4.143802926661455, 
            4.036346426608325, 
            4.1513695396120305, 
            4.352705961687089, 
            4.418823432384795, 
            4.459385103283371, 
            4.027158458434909, 
            4.142848041907051, 
            4.13475244880319, 
            4.409344681420552
        ], 
        "shift_vectors": [
            [
                -37, 
                0
            ], 
            [
                5, 
                0
            ], 
            [
                3, 
                0
            ], 
            [
                9, 
                0
            ], 
            [
                5, 
                0
            ], 
            [
                5, 
                0
            ], 
            [
                5, 
                0
            ], 
            [
                5, 
                0
            ], 
            [
                5, 
                0
            ], 
            [
                6, 
                1
            ], 
            [
                6, 
                1
            ], 
            [
                6, 
                1
            ], 
            [
                3, 
                0
            ], 
            [
                -7, 
                0
            ], 
            [
                -7, 
                0
            ], 
            [
                5, 
                0
            ], 
            [
                6, 
                1
            ], 
            [
                7, 
                0
            ], 
            [
                7, 
                0
            ]
        ], 
        "stand_dev": [
            94.95656974155324, 
            94.90026000085551, 
            94.72483581794576, 
            94.0854697518061, 
            93.8586987091777, 
            93.60702386967404, 
            93.25296645910306, 
            92.94649633835667, 
            92.67284596852038, 
            92.34818329529926, 
            92.07066307021003, 
            91.87368768575891, 
            91.81942265222055, 
            91.76314814824862, 
            91.66477730494775, 
            91.54197057294206, 
            91.47285649827256, 
            91.37931860080089, 
            91.30888543758945
        ]
    }
}