{"phase1": {"shift_vectors": [[-15, 0], [-1, 0], [-1, 0], [1, 0], [1, 0], [-1, 0], [1, 0], [1, 0], [1, 0], [-1, 0], [-1, 0], [1, 0], [1, 0], [1, 0], [1, 0], [1, 0], [1, 0], [-1, 0], [-1, 0], [-1, 0], [-1, 0], [1, 0], [-1, 0], [1, 0], [1, 0], [1, 0], [-1, 0], [-1, 0], [1, 0], [-1, 0], [-1, 0], [1, 0], [1, 0], [-1, 0], [1, 0], [1, 0], [-1, 0], [-1, 0], [-1, 0], [1, 0], [-1, 0], [-1, 0]], "stand_dev": [88.09474847828947, 87.96159794983753, 87.93439083809507, 88.05251943371563, 87.95056280534985, 87.94327114163558, 88.00469333744462, 88.02367433565352, 88.07027178001181, 88.0888003975836, 88.17855129166033, 88.12881135413656, 88.30143371127095, 88.30553154342553, 88.32273115827508, 88.36818883034695, 88.3020771992137, 88.27345811185042, 88.29787352146057, 88.29827955124574, 88.33701536574108, 88.33174047698486, 88.32260075897639, 88.31441738746317, 88.4224057465043, 88.43065851612312, 88.36546515939361, 88.38089486786221, 88.30939084878328, 88.3227802289411, 88.3614961920868, 88.3261424857449, 88.34320090302664, 88.29905542350046, 88.31899441661055, 88.30607051990981, 88.6254144979139, 88.61637075080743, 88.63255952189324, 88.69419019642031, 88.67243230780315, 88.64086941690039], "rmsdiffs": [7.7901464827191935, 5.928942975448547, 5.967977710677063, 6.088331780026109, 5.823426269317012, 6.09602526920355, 5.974395099134006, 5.767447051143275, 5.746193919992816, 5.970636867863786, 6.042775562438203, 5.711812324890985, 6.016523645157158, 6.036426189449449, 5.8842734445081994, 5.8913317636654945, 5.775454345042562, 6.1702283557493685, 5.989844619621255, 5.977056855958757, 5.872797796266594, 5.852519680532836, 5.909939271633929, 5.722021662620158, 6.102004525111621, 6.023500245520867, 5.857301901705883, 6.371751868556764, 5.607024496132155, 5.941950978367008, 5.692500717925164, 5.797856573344189, 5.940360655356004, 5.8114964997566725, 5.8312333204825935, 5.803329949059642, 6.184843644420561, 5.927424701245985, 5.917626311707658, 6.021146370647561, 5.88581097406854, 5.913297585312607]}, "frame_states": [1, 1, 1, 1, 1, 1, 1, 1, 1, 1, 1, 1, 1, 1, 1, 1, 1, 1, 1, 1, 1, 1, 1, 1, 1, 1, 1, 1, 1, 1, 1, 1, 1, 1, 1, 1, 1, 1, 1, 1, 1, 1]}