{
    "frame_states": [
        0, 
        0, 
        0, 
        0, 
        0, 
        0, 
        0, 
        0, 
        0, 
        0, 
        0, 
        0, 
        0, 
        1, 
        1, 
        1
    ], 
    "phase1": {
        "rmsdiffs": [
            8.301507838908927, 
            5.3281045310958834, 
            5.239553576545726, 
            4.926907754811331, 
            4.647191083250409, 
            5.327531729743205, 
            5.414188470454378, 
            5.677254676098034, 
            6.096894475026651, 
            6.388273427523484, 
            6.178425949654218, 
            6.180593313893333, 
            7.035768948149916, 
            5.703975799574572, 
            6.286362081505572, 
            6.79043616085041
        ], 
        "shift_vectors": [
            [
                57, 
                0
            ], 
            [
                3, 
                2
            ], 
            [
                3, 
                0
            ], 
            [
                3, 
                0
            ], 
            [
                3, 
                0
            ], 
            [
                -1, 
                0
            ], 
            [
                -1, 
                0
            ], 
            [
                -1, 
                0
            ], 
            [
                -1, 
                0
            ], 
            [
                -1, 
                0
            ], 
            [
                4, 
                1
            ], 
            [
                4, 
                1
            ], 
            [
                -11, 
                0
            ], 
            [
                -4, 
                3
            ], 
            [
                -4, 
                3
            ], 
            [
                -4, 
                3
            ]
        ], 
        "stand_dev": [
            88.79902682905434, 
            88.6280512565065, 
            88.58367787622932, 
            88.59587013344242, 
            88.69450994194098, 
            88.82244662031735, 
            89.03724738923798, 
            89.32101714497684, 
            89.57569759044883, 
            89.60487683493808, 
            89.68926692035949, 
            89.76001854755681, 
            90.25083792269787, 
            90.4541912868383, 
            90.47712785627286, 
            90.24071882608479
        ]
    }
}