{"phase1": {"shift_vectors": [[25, 28], [5, 0], [5, 0], [4, -3], [-2, 1], [-2, -1], [1, 0], [-1, 0], [3, 0], [-1, 0], [3, 2], [3, 2], [-2, -1], [-1, 0], [-1, 0], [-1, 0], [-2, 1], [-2, 1], [5, 0], [17, -4], [5, 0], [-1, 0], [-2, 1], [-4, -1], [-4, 3], [-4, 3], [-5, 4], [-6, 5], [-5, 4], [4, 3], [-1, 0], [-4, 19], [4, 3], [9, -2], [2, 1], [10, 9], [2, -1], [2, 1], [3, 2], [6, -5], [-5, 0], [-4, 1], [-1, 0], [-3, -2], [-1, 0], [-3, -2], [9, -4], [4, 3], [3, -2], [7, -2], [1, 0], [-10, -5], [-4, -3], [-8, -1], [-8, -3], [-11, 0], [-5, 0], [-3, -2], [-1, 0], [1, 0], [10, -5], [13, -4], [-13, 18], [15, 16], [4, 1], [-5, -4], [-5, -4], [-7, -6], [-5, -4], [4, -3], [4, -3], [8, -1], [4, -3], [6, -3], [3, -2], [10, -7], [1, 0], [-10, 5], [-3, -2], [-5, -4], [-5, -4], [-5, -4], [-7, -4], [-18, -5], [-6, -1], [-6, 1], [-4, 3], [-8, 1], [-5, 0], [-2, 1], [-10, 5], [-8, -7], [-3, 0], [4, 3], [1, 0], [-6, -5], [-3, -2], [-5, -4], [-3, -2], [-5, -4], [-5, -4], [4, -3], [-1, 0], [13, 0], [8, -1], [8, -1], [7, -2], [7, -6], [-3, -2], [-3, -2], [-2, -1], [3, 2], [2, 1], [-2, 1], [-2, 1], [-2, -1], [-3, 2], [-1, 0], [-3, 2], [-4, 3], [-1, 0], [-4, 3], [2, -1], [6, -11], [-4, 1], [0, -11], [2, -9], [2, 9], [-1, 0], [-3, -2], [-1, 0], [-1, 0], [-1, 0], [5, 2], [4, 3], [9, 6], [7, 2], [8, -5], [6, -3], [13, 4], [-4, 3], [-4, 3], [-3, 2], [-7, -6], [-8, -3], [-8, -3], [-8, -1], [-15, -2], [-5, -2], [-2, -1], [-4, 3], [-4, 3], [1, 0], [1, 0], [7, -2], [-1, 0], [-1, 0], [4, -3], [1, 0], [4, 3], [2, -1], [-2, 1], [1, 0], [-8, 7], [3, 2], [4, 3], [3, 2], [8, -5], [-2, 1], [-2, 1], [-1, 0], [4, 3], [4, -3], [3, -2], [-1, 0], [-5, 0], [1, 0], [1, 0], [3, 2], [4, 3], [1, 0], [2, 1], [2, 1], [4, -3], [-4, 3], [-10, 7], [-4, 3], [4, 3], [2, 1], [1, 0], [2, -1], [5, -4], [4, -1], [2, 1], [5, 4], [9, -8], [1, 0], [4, -3], [-1, 0], [11, -14], [-5, 0], [-8, 7], [6, -5], [0, -11], [-2, -1], [-2, -1], [-4, 1], [3, -10], [1, 0], [-2, -1], [1, 0], [-4, -1], [1, 0], [1, 0], [-1, 0], [1, 0], [2, -3], [0, 7], [-2, 7], [9, 0], [6, 1], [1, 0], [3, -2], [0, -5]], "stand_dev": [80.87388777363815, 80.79933667447435, 80.88309808445646, 80.34894963507908, 80.35147045041826, 80.22697879569668, 80.25650295741583, 81.27533002544554, 81.335086999468, 82.33818783787062, 82.79015037313742, 83.4611081507711, 83.68468340857544, 83.5373592164463, 84.05424748726105, 85.83942871934147, 86.36582057876444, 87.0824995762985, 86.9969921233219, 86.24515296336065, 86.3449285394744, 86.64647777524105, 86.84780473938942, 86.91910448583128, 87.55366328338187, 87.96448325744967, 88.2981898716848, 88.19295106128428, 88.29122861836619, 87.86329302480706, 87.25299258958067, 88.83306784397362, 88.49165456493263, 87.88134000713185, 88.24400454413455, 89.1416752445667, 89.28577864550627, 89.79685083596179, 89.83622368845832, 90.12130311669105, 90.26755466373542, 90.24034764481024, 90.24911945122635, 90.0194748707945, 89.98501794346826, 90.19921140259846, 90.15431520640942, 90.15193337722613, 90.03921230935198, 90.09863153243707, 90.16924970117084, 89.93157181138645, 89.6001190732631, 89.60212098485671, 89.00719410962938, 88.80716457099471, 88.74088570534268, 88.34674847490697, 88.28869128039194, 87.90074597078711, 86.6714864916387, 86.81771021057173, 88.0106254756692, 87.69472197393046, 87.3118610280077, 87.29160072976434, 87.56152148518653, 87.42508222490122, 87.28823726401939, 87.23685688786766, 87.08820105569346, 87.15853751043915, 87.05583489430401, 86.60893894274774, 86.49473655037897, 86.05457333452256, 86.42632343897591, 86.68602873448862, 86.40259944263411, 85.8448613964, 85.493370986401, 85.19240842680006, 84.79102973948902, 84.42082230574516, 84.57200169515413, 84.77920346548291, 85.22662913503852, 85.30962067690918, 85.30845181173325, 85.49238068578119, 86.15256889048476, 85.15419956183723, 85.32026200276698, 87.0726079813932, 86.68706069629333, 86.49331561398932, 85.95049516740924, 85.24129946825094, 84.82834054429395, 84.40110616344512, 85.15154084520647, 84.74706900439661, 86.10368785032186, 87.26823138749288, 87.09036955415033, 87.39439681505, 86.82302779197241, 86.26549128102683, 86.86482030857113, 86.47697668556172, 86.7490063145, 88.22253429914439, 88.88777124364755, 90.05271490203816, 90.57627473030195, 91.32141840213795, 92.37755313054507, 91.95177298668882, 92.61729286101426, 93.09044182001132, 92.6427287496258, 93.64307629109496, 92.63763688715967, 90.44939794646459, 90.91316070994645, 88.37431507485334, 86.74920711861499, 88.30848677742505, 86.6969034814203, 85.81246964047142, 85.51787973102792, 84.35405464737036, 84.484526424028, 84.97898338154994, 85.87730826911464, 87.60877919529212, 88.31587843356864, 87.90058607649424, 87.51501066993745, 88.00668985159759, 89.72487520865116, 91.27690543758771, 91.71673580431614, 90.31700754087375, 89.92039453746692, 89.47145257222819, 89.50093238736979, 89.43734371339755, 89.01924169882699, 88.81033580739017, 89.67627175150348, 90.61883348345773, 91.16261283728151, 92.00943065099074, 91.50692906940998, 91.7781857842265, 91.86222863191261, 90.12563358770724, 89.72324984736062, 90.66806231735917, 90.26532730168202, 90.41533416071414, 90.16839025284675, 91.77052006617738, 92.13372800230113, 93.11913377558712, 93.98963416556387, 93.01803917068725, 93.34155597901034, 93.58127597309085, 93.60386292956184, 94.09516978188495, 93.4193840820258, 92.33001849428793, 91.81806360197167, 92.02320605624203, 92.64910894906461, 93.29517260667961, 94.49278387822578, 95.23097243616104, 95.89649480089155, 96.1715091369555, 96.57327864202229, 96.12983971121294, 96.7926677698376, 97.89137779992365, 98.29058412005361, 98.22768039986404, 98.39138106576934, 98.4144315307215, 98.29801923753247, 97.86927845922956, 97.63659239472723, 98.21035751582635, 98.57218923873477, 97.33982456601942, 97.69132032215998, 96.97783394126546, 96.63051068307946, 93.92071845092048, 93.93899817223937, 95.45857272878901, 93.3322071396007, 91.09123489657993, 91.1518317054553, 90.54720379351515, 90.95875727339259, 89.46602656161109, 89.33082575325894, 89.18362211449926, 89.29663605751759, 89.71609116379922, 90.19902229989256, 90.29217227417973, 90.80728409344958, 91.75858199301496, 91.37976726707133, 93.69714259134084, 95.29449184394662, 94.75642532870451, 94.8751748257968, 94.80235348349142, 94.21538123670202, 92.61084064114061],