{"phase1": {"shift_vectors": [[-14, -47], [29, -2], [63, 0], [31, 0], [31, 0], [26, 3], [45, 18], [15, 4], [13, 4], [11, 6], [-10, 17], [-19, 14], [-22, 11], [-13, 4], [-29, 8], [-18, 5], [-21, 0], [-25, -4], [-38, -9], [-27, -4], [-30, -1], [-31, 0], [-61, 2], [-38, 1], [-42, 1], [-37, 2], [-55, 0], [-27, 0], [-23, 0], [-29, -2], [-57, -2], [37, 2], [42, -3], [45, -10], [30, -7], [42, 1], [42, 3], [46, 5]], "stand_dev": [64.20928709378008, 62.1198915668496, 58.15784855060615, 54.72274615009467, 49.263585586423524, 43.67929545286213, 46.037602935687424, 47.045965183311935, 46.680475486611165, 45.85641211991595, 42.09245808023687, 40.88881311805702, 40.423178361732916, 40.999825174858245, 41.481341159865806, 42.738907159531934, 44.77962260015065, 47.069811621316624, 52.21941134693245, 52.47721832161165, 53.05496224083318, 52.716518325736416, 52.583206860334286, 52.05958058916067, 51.35756842263525, 50.28694273627159, 47.38853680919879, 45.92698038515375, 45.47977289484086, 47.24397977231059, 51.87870249501665, 53.1757364906724, 53.60464342024642, 51.494395801525606, 50.704029010944566, 51.43274873742113, 51.861718128189956, 52.3946498882299], "rmsdiffs": [10.132550208733596, 5.293470371237317, 8.204895257186287, 7.339292622686678, 7.958857843426181, 8.392929898097687, 9.574915474268055, 7.843237121197206, 7.599515691609615, 7.345084194693157, 7.752327048568218, 7.506396454483917, 7.771855906703852, 7.281916733211649, 7.784370165509828, 6.846103074305632, 6.896516281112696, 6.8512180536642155, 8.101827316856612, 7.023514507351187, 6.864388015180957, 6.815051572281678, 7.716727391184485, 7.198254625570047, 7.397303717627806, 7.567372521527445, 8.669503973428881, 8.510412754339805, 8.730163386000475, 8.6969345377833, 9.241858389489149, 7.311255675042844, 7.692098003568642, 7.3993277005528055, 9.393553994024183, 7.374907420627963, 7.577188986816017, 6.923075901667375]}, "horizontal_movement": [[0, 14.833333333333334, 34.4375, 42.2, 0, 6.5, 4.75, 1.1481481481481481, -30.785714285714285, -5.5, 8.333333333333334, -3.0625, 15.0, 16.210526315789473, 63.82608695652174, 75.10526315789474, 0, 24.75, 12.65, 42.333333333333336, 68.66666666666667, 63.535714285714285, 2.4193548387096775, 1.606060606060606, 0, 63.86666666666667, 60.53333333333333, 66.04166666666667, 90.0, 48.75, 52.166666666666664, 62.75, 62.5, 59.0625, 59.19047619047619, 57.13333333333333, 94.27777777777777, 47.833333333333336, 43.583333333333336], [-2.4, -18.6875, -13.333333333333334, -19.666666666666668, 0, 0.14705882352941177, -7.457142857142857, -21.696969696969695, -48.04347826086956, -31.771428571428572, -28.0, -27.555555555555557, -23.125, -25.045454545454547, 14.764705882352942, 20.0, -46.375, -10.0, -3.764705882352941, 22.61904761904762, 35.666666666666664, 57.68421052631579, -0.52, -0.13043478260869565, 47.5, 60.56521739130435, 64.91666666666667, 64.6, 88.2, 45.32, 46.0, 63.36842105263158, 58.470588235294116, 57.84848484848485, 52.458333333333336, 52.96774193548387, 49.27272727272727, 42.114285714285714, 44.275], [-72.5, -33.0, -24.8, 0, 0, 4.434782608695652, -4.166666666666667, -11.352941176470589, -26.625, -23.17391304347826, -20.366666666666667, -27.733333333333334, -30.181818181818183, -44.2, -6.428571428571429, -3.5714285714285716, -38.285714285714285, -55.81481481481482, -56.61290322580645, -36.125, -34.333333333333336, -3.2413793103448274, -61.370370370370374, -48.05263157894737, 69.0, 60.2, 63.666666666666664, 49.5, 56.0, 32.9375, 44.0, 53.2, 4.571428571428571, 52.2, 52.65217391304348, 53.666666666666664, 75.2, 43.95, 39.608695652173914], [-33.2, 12.551724137931034, 29.733333333333334, 31.12, 42.5, 20.774193548387096, -2.2333333333333334, -14.307692307692308, -34.94117647058823, -17.324324324324323, -13.948717948717949, -20.666666666666668, -18.48148148148148, -29.346153846153847, 2.52, 12.357142857142858, -34.5, -42.07692307692308, -48.375, -18.87878787878788, -59.45454545454545, 8.875, -45.31818181818182, -35.78947368421053, -58.5, 55.0, 53.0, 57.0, 22.0, 48.84848484848485, 51.911764705882355, 63.86486486486486, 58.26086956521739, 63.07692307692308, 57.78378378378378, 53.625, 100.0909090909091, 47.05714285714286, 42.57575757575758], [-1.7727272727272727, -8.625, -21.833333333333332, -11.666666666666666, 0, 5.242424242424242, 0.42857142857142855, -6.851851851851852, -22.789473684210527, -10.04, -20.38095238095238, -23.79310344827586, -24.942857142857143, -35.725, -1.8918918918918919, 5.6, -40.275, -50.48780487804878, -68.93478260869566, -39.8780487804878, -74.83783783783784, -8.941176470588236, -67.83333333333333, -60.21875, -40.07692307692308, 25.615384615384617, 55.2, 58.22222222222222, 66.5, 9.222222222222221, 6.833333333333333, 28.933333333333334, 19.0, 40.78947368421053, 44.916666666666664, 37.714285714285715, 86.4, 32.42307692307692, 30.724137931034484], [-90.5, -6.44, 15.636363636363637, 0, 0, 26.34375, 16.083333333333332, 7.290322580645161, 6.25, -5.90625, -12.115384615384615, -21.6875, -27.555555555555557, -44.95348837209303, -7.0227272727272725, -1.275, -49.67857142857143, -53.95238095238095, -64.8157894736842, -39.6, -79.11764705882354, -28.51219512195122, -88.21428571428571, -77.9090909090909, -40.17857142857143, 9.464285714285714, 8.8, 0.2857142857142857, -32.625, -14.238095238095237, -8.178571428571429, 2.5588235294117645, -49.13636363636363, 5.233333333333333, 5.137931034482759, 7.628571428571429, 14.266666666666667, 7.357142857142857, 5.954545454545454], [-5.5, 3.32, 28.333333333333332, 31.045454545454547, 0, 34.75, 16.5, -15.818181818181818, -21.0625, -3.9545454545454546, 6.2, 8.476190476190476, 20.142857142857142, -0.7241379310344828, 37.54545454545455, 40.628571428571426, 23.766666666666666, -14.702702702702704, -30.90909090909091, -8.666666666666666, -34.12, -16.38235294117647, -82.5625, -80.37931034482759, -47.25, -14.076923076923077, 24.818181818181817, 17.444444444444443, 0, 50.608695652173914, 54.56, 56.607142857142854, 39.294117647058826, 53.416666666666664, 48.75757575757576, 51.28125, 15.32258064516129, 32.26470588235294, 29.08108108108108], [11.470588235294118, 1.8666666666666667, 13.25, 8.523809523809524, -1.1666666666666667, 26.954545454545453, 17.0, -1.7, 0, -12.454545454545455, 8.846153846153847, -8.5, 25.25, -17.5625, 23.083333333333332, 21.483870967741936, 1.0, -22.571428571428573, -40.0, -4.375, 1.411764705882353, 16.766666666666666, -46.19444444444444, -45.90909090909091, -33.2, -19.032258064516128, -20.857142857142858, -15.695652173913043, -42.75, -28.074074074074073, -21.75, -3.4285714285714284, -41.833333333333336, 3.272727272727273, 7.655172413793103, 6.064516129032258, 2.3043478260869565, 8.0, 5.108108108108108], [-8.11111111111111, 1.0, 15.166666666666666, 18.071428571428573, 30.11111111111111, 25.542857142857144, 17.65714285714286, 6.805555555555555, 15.709677419354838, 10.75, 16.464285714285715, 17.833333333333332, 9.636363636363637, -37.69230769230769, 1.8928571428571428, 1.9230769230769231, -13.6, -30.41176470588235, -22.05, -7.32, 13.52, 13.0, -50.74193548387097, -44.92, 19.458333333333332, 9.185185185185185, 11.866666666666667, 11.666666666666666, -31.38888888888889, -27.29032258064516, -24.583333333333332, -10.757575757575758, -52.2, -5.296296296296297, -1.9375, -2.175, -0.625, -0.03125, -1.6666666666666667]], "frame_states": [0, 0, 0, 0, 0, 0, 0, 0, 0, 0, 0, 0, 0, 0, 0, 0, 0, 0, 0, 0, 0, 0, 0, 0, 0, 0, 0, 0, 0, 0, 0, 0, 0, 0, 0, 0, 0, 0], "brightness": [85, 79, 77, 77, 78, 96, 105, 111, 115, 124, 128, 131, 134, 140, 144, 147, 149, 151, 152, 155, 156, 158, 158, 159, 160, 159, 157, 151, 149, 151, 148, 144, 138, 131, 132, 134, 136, 139, 140, 142],