{
    "brightness": [
        85, 
        86, 
        86, 
        86, 
        85, 
        86, 
        87, 
        88, 
        89, 
        92, 
        95, 
        98, 
        100, 
        104, 
        106, 
        107, 
        107, 
        108, 
        109, 
        109, 
        109, 
        110
    ], 
    "horizontal_movement": [
        [
            -16.666666666666668, 
            -0.025, 
            1.0, 
            0.7619047619047619, 
            -5.947368421052632, 
            -1.0555555555555556, 
            -0.7894736842105263, 
            -1.6388888888888888, 
            -4.92, 
            -0.868421052631579, 
            -1.7037037037037037, 
            -1.775, 
            -1.24, 
            0.18421052631578946, 
            0.6363636363636364, 
            0.925, 
            -0.84375, 
            -0.868421052631579, 
            -1.7105263157894737, 
            -0.75, 
            -1.5555555555555556
        ], 
        [
            -5.583333333333333, 
            1.9473684210526316, 
            1.8611111111111112, 
            3.0526315789473686, 
            -1.4210526315789473, 
            -0.39473684210526316, 
            2.3947368421052633, 
            2.051282051282051, 
            2.6216216216216215, 
            3.725, 
            1.4594594594594594, 
            2.3846153846153846, 
            3.56, 
            3.0, 
            3.657142857142857, 
            4.5, 
            3.7857142857142856, 
            2.0277777777777777, 
            0.8285714285714286, 
            1.4285714285714286, 
            1.5666666666666667
        ], 
        [
            -0.9166666666666666, 
            6.823529411764706, 
            9.444444444444445, 
            9.243243243243244, 
            11.344827586206897, 
            6.2368421052631575, 
            7.0256410256410255, 
            5.7, 
            9.696969696969697, 
            6.230769230769231, 
            5.27027027027027, 
            5.125, 
            8.897435897435898, 
            5.575, 
            5.5, 
            5.625, 
            7.612903225806452, 
            3.324324324324324, 
            1.4, 
            2.05, 
            1.2
        ], 
        [
            -21.923076923076923, 
            -4.311111111111111, 
            -2.5238095238095237, 
            -2.9166666666666665, 
            -7.777777777777778, 
            -3.717391304347826, 
            -2.022727272727273, 
            -2.9565217391304346, 
            -6.67741935483871, 
            -1.0212765957446808, 
            -1.837837837837838, 
            -0.9787234042553191, 
            -1.6097560975609757, 
            -0.14583333333333334, 
            -0.2553191489361702, 
            0.7916666666666666, 
            -0.4375, 
            -0.25, 
            -0.9583333333333334, 
            0.15217391304347827, 
            -1.0888888888888888
        ], 
        [
            -42.6875, 
            -11.705882352941176, 
            -10.764705882352942, 
            -11.128205128205128, 
            -22.6, 
            -10.0, 
            -9.303030303030303, 
            -10.851851851851851, 
            -2.8461538461538463, 
            -3.3333333333333335, 
            0.38461538461538464, 
            0.24242424242424243, 
            5.416666666666667, 
            3.25, 
            2.84375, 
            2.935483870967742, 
            3.36, 
            0.48484848484848486, 
            -0.34375, 
            0.37142857142857144, 
            -0.8888888888888888
        ], 
        [
            -3.875, 
            3.8518518518518516, 
            6.521739130434782, 
            6.777777777777778, 
            7.954545454545454, 
            3.5757575757575757, 
            3.5789473684210527, 
            0.05714285714285714, 
            2.3636363636363638, 
            -1.6451612903225807, 
            -3.56, 
            -0.9285714285714286, 
            -2.375, 
            -1.2424242424242424, 
            -1.032258064516129, 
            0.6111111111111112, 
            1.0357142857142858, 
            -0.4375, 
            -1.8333333333333333, 
            -1.2857142857142858, 
            -3.5714285714285716
        ], 
        [
            -37.82608695652174, 
            -9.485714285714286, 
            -7.264705882352941, 
            -6.71875, 
            -15.064516129032258, 
            -5.794871794871795, 
            -3.6666666666666665, 
            -5.054054054054054, 
            -8.24, 
            0.5128205128205128, 
            -1.368421052631579, 
            -0.15, 
            -0.18421052631578946, 
            0.95, 
            1.275, 
            1.875, 
            1.9473684210526316, 
            1.725, 
            0.38461538461538464, 
            1.525, 
            -1.1282051282051282
        ], 
        [
            -41.54545454545455, 
            -14.486486486486486, 
            -13.2, 
            -13.86111111111111, 
            -32.592592592592595, 
            -13.242424242424242, 
            -10.625, 
            -12.236842105263158, 
            -25.5, 
            -10.03448275862069, 
            -8.137931034482758, 
            -2.8823529411764706, 
            -5.7894736842105265, 
            -0.8620689655172413, 
            2.5416666666666665, 
            1.0689655172413792, 
            0.5833333333333334, 
            2.21875, 
            1.7575757575757576, 
            0.43333333333333335, 
            -1.5517241379310345
        ], 
        [
            -1.4166666666666667, 
            6.107142857142857, 
            6.655172413793103, 
            4.764705882352941, 
            4.714285714285714, 
            3.5, 
            3.878787878787879, 
            1.1071428571428572, 
            6.2727272727272725, 
            3.7333333333333334, 
            4.148148148148148, 
            4.645161290322581, 
            12.285714285714286, 
            4.333333333333333, 
            4.575757575757576, 
            5.2368421052631575, 
            9.64864864864865, 
            2.8684210526315788, 
            1.9736842105263157, 
            1.5263157894736843, 
            -1.0833333333333333
        ]
    ],