{"phase1": {"shift_vectors": [[-60, 1], [-23, 0], [-23, 2], [-22, 1], [-41, 2], [-19, 0], [-19, 0], [-17, -2], [-34, -3], [-19, 0], [-21, 0], [-21, 0], [-42, -1], [-20, -1], [-19, -2], [-21, -4], [-38, -9], [-19, -4], [-19, -4], [-19, -4], [-35, -8], [-17, -4], [-15, -4], [-15, -4], [-29, -6], [-13, -2], [-13, -2], [-14, -1], [-27, -4], [-13, -2], [-14, -1], [-14, -1], [-29, -2], [-14, -1], [-13, -2], [-17, -4], [-33, -8], [-17, -4], [-17, -4], [-18, -3], [-39, -6], [-21, -2], [-21, -2], [-21, -2], [-40, -5], [-21, -2], [-21, -2], [-23, -2], [-43, -2], [-19, 0], [-16, -1], [-15, 0], [-30, -1], [-17, -2], [-18, -3], [-17, -4], [-26, -9], [-12, -3], [-14, -3], [-16, -3], [-30, -3], [-15, -2], [-14, -1], [-15, -2], [-25, 0], [-11, 0], [-12, -1], [-11, -2], [-24, -5], [-12, -3], [-12, -3], [-12, -3], [-26, -5], [-13, -4], [-14, -3], [-13, -2], [-21, -6], [-3, -4], [-2, -3], [-2, -3], [0, -5], [2, -3], [0, 1], [0, 1], [2, 7], [2, 3], [2, 3], [4, 5], [8, 9], [2, 3], [1, 2], [2, 3], [4, -5], [4, 5], [5, -6], [7, -10], [15, -18], [4, 5], [2, 3], [0, -3], [-1, -4], [0, -1], [0, 1], [1, 2], [4, 5], [2, 3], [2, 3], [2, 3], [-1, 12], [-4, 7], [-2, 7], [-1, 4], [1, 4], [4, -1], [4, 5], [2, 3], [4, 5], [0, -1], [0, -1], [0, -1], [0, -1], [0, -1], [-2, -3], [-3, -4], [-4, 3], [-1, -2], [-1, -2], [-1, -2], [0, 3], [0, 1], [1, 2], [2, 3], [5, 0], [2, 3], [2, 3], [1, 2], [2, 3]], "stand_dev": [83.34272449543876, 82.63205989562358, 82.39065084999676, 82.204055948282, 83.33039596265868, 84.10142593566158, 84.06533369384847, 84.21658842817358, 84.96656113231538, 84.8812606729952, 85.01313969872733, 85.75493057628512, 88.07112398613826, 89.37210803482972, 90.44005389775722, 92.0633108361331, 94.54676973825866, 94.98789933389031, 94.20271945300905, 93.33287120829682, 93.42167497947402, 92.32340843955524, 91.65681264488171, 90.8246591593989, 89.85624126896776, 89.89546797430349, 90.36125036645629, 91.01812864198826, 93.4935753597215, 94.68668149893055, 95.27360074164535, 95.78094142998047, 97.012178541252, 97.52651365801665, 98.05414309098961, 98.4897379140394, 96.9520259582141, 95.71371225853275, 94.69872469515228, 93.57170439709445, 91.25467119670307, 91.4551294345505, 91.14523392497773, 90.73582506459802, 89.82330240371175, 88.46006996641448, 86.99724652347942, 87.40706748810852, 87.24034859877885, 86.63783921856951, 86.15591099892869, 85.74263666900585, 85.13458511350512, 85.11028488715321, 85.08767077562287, 84.78567272683073, 82.59618799695046, 81.4451553634307, 80.57474143614584, 79.37816320038716, 77.13634878788238, 76.352895294306, 75.65596692621466, 75.14267833553912, 73.4933118555869, 73.15369611330222, 72.92948142888974, 73.26420471093043, 74.23346827052357, 74.82730471091872, 75.66827250396626, 76.45278986508265, 76.05397353602594, 74.54429659840096, 72.99027571855495, 72.02222757371763, 71.03523729356829, 70.22999232902082, 69.7306079799904, 69.69103393254868, 69.38014785508692, 69.56587747006891, 69.62283962584725, 69.90161466434301, 71.14631914604206, 71.20755459237147, 71.58745140537562, 72.00611690694262, 72.41230509155261, 72.42375815940684, 72.30596673261357, 72.45232240450372, 72.27417500896453, 72.20993458529647, 71.94992287410713, 71.6516313715778, 70.91953762121942, 70.37871767269971, 69.28333650895175, 68.81368323756632, 68.73610359952265, 68.71271959711927, 68.80383389181931, 68.94083918246328, 69.11224520608626, 69.39660925496575, 69.54521826959214, 69.56498134262642, 71.10106831264159, 71.70955691987785, 72.18491817622844, 72.36772707530288, 72.63806632957397, 72.8728434333998, 72.45057701260913, 71.96301148313357, 71.28457102917099, 71.05651519265085, 71.16128793249167, 71.09437527986096, 71.32079699901223, 71.66732294598835, 72.35762234694522, 72.97097844324325, 73.57942041638856, 73.62024570212036, 73.5994039419217, 73.52910664329737, 73.59799063526465, 73.63633594258347, 73.70715731289566, 73.97113727741693, 73.79438808968305, 73.58135785824834, 73.36188258526558, 72.98899142262793, 72.76854585832682], "rmsdiffs": [10.13490053318713, 5.671479984554208, 5.953993033983325, 6.014940022571563, 7.620568179737259, 6.018164488534476, 5.682305312646435, 6.123793180767152, 6.980964533899105, 5.710965978092878, 5.790041680351242, 5.755072372674308, 6.6261951110916435, 5.6555031259713155, 5.743945208415015, 5.743304900399982, 6.434158578065895, 5.558438566928789, 5.320985611300097, 5.554201647975286, 6.632942342370021, 5.696333585270343, 5.657483857290767, 5.809632064003806, 6.5141418067047665, 5.079593778051904, 5.0980216495817485, 4.678113742866341, 5.428984798860468, 4.7291864553918765, 4.358715189847297, 4.229035267266632, 5.124560082423225, 4.56135085993102, 4.728952356079709, 4.0468884660223905, 4.5270454307953045, 3.9995056911375064, 4.0691862051313095, 4.096406275272226, 4.540810906188359, 4.161626509714796, 4.103852265266336, 4.042438074217665, 5.207933186506656, 4.5618628721921635, 4.639311185326282, 4.580284133489608, 5.229156790429025, 4.4890520091214805, 4.536420933362677, 4.301048450991662, 5.058173389863155, 4.339491063435292, 4.584369307391535, 4.745552349507604, 4.988225415033645, 4.619213041110314, 4.726286186726034, 4.925186359578521, 5.6103039899885765, 5.273519384994295, 4.9582404511039, 5.4099321033750964, 5.993820214087806, 4.558440616201957, 4.792386059484727, 4.457809269857147, 5.660464538277599, 4.883028454362877, 4.650182243836288, 4.668777702582623, 6.6207295468846015, 5.5496364868595665, 5.596649606881328, 5.517267071452738, 6.7884210391394495, 6.754209394140093, 5.623071142741547, 6.126915435444551, 7.210657885927422, 6.215796180736859, 6.830910475026539, 6.13049714945231, 7.228912923666584, 5.577890411752336, 5.5445962139375, 6.677190626060147, 7.743661168351677, 6.948523123980291, 6.631492106739281, 7.0342259759507835, 5.94397359004506, 7.710648567895262, 5.347163049302946, 6.754549608950237, 7.3624452459763665, 7.535739395345663, 7.159843741189526, 5.5207797550383635, 6.560265872866375, 5.672248943584408, 5.225431220627076, 5.38390565069668, 6.351964520768178, 5.560061585647369, 5.264492645861622, 5.944006824217901, 6.857768730383036, 6.168593703142477, 6.2182199741068, 6.115597931504293, 6.248764538262462, 5.422447434361455, 7.856143861217537, 7.507182152172509, 7.964692548890533, 4.921282779841486, 6.157987387930933, 5.622444482944078, 6.585315327272493, 6.532159435757093, 7.36921954937273, 7.596516768232432, 6.799693157431194, 7.325557338170593, 7.146210178358338, 7.017391377639448, 5.615497342102448, 4.806767513368688, 6.076738368389434, 6.9507235324770935, 5.9019674344705, 7.252352191712469, 7.280779576111171, 6.999896647906197, 7.286519591315552]}, "frame_states": [0, 0, 0, 0, 0, 0, 0, 0, 0, 0, 0, 0, 0, 0, 0, 0, 0, 0, 0, 0, 0, 0, 0, 0, 0, 0, 0, 0, 0, 0, 0, 0, 0, 0, 0, 0, 0, 0, 0, 0, 0, 0, 0, 0, 0, 0, 0, 0, 0, 0, 0, 0, 0, 0, 0, 0, 0, 0, 0, 0, 0, 0, 0, 0, 0, 0, 0, 0, 0, 0, 0, 0, 0, 0, 0, 0, 0, 0, 0, 0, 0, 0, 0, 0, 0, 0, 0, 0, 0, 0, 0, 0, 0, 0, 0, 0, 0, 0, 0, 0, 0, 0, 0, 0, 0, 0, 0, 0, 0, 1, 1, 1, 1, 1, 1, 1, 1, 1, 1, 1, 1, 1, 1, 1, 1, 1, 1, 1, 1, 1, 1, 1, 1, 1, 1, 1, 1]}