{"phase1": {"shift_vectors": [[-3, 42], [-9, 2], [-12, 1], [-21, 0], [-5, 0], [-9, 0], [-11, -2], [-23, -2], [-7, -2], [-11, -2], [-11, -2], [-6, -1], [-3, 0], [-5, 0], [-6, 1], [-10, 1], [-3, 2], [7, 2], [3, 2], [-12, 1], [-5, 2], [-2, 1], [-2, -1], [-31, 0], [-19, 2], [-10, 3], [-18, 5], [-37, 4], [2, 1], [2, 1], [1, 0], [2, -1], [1, 0], [3, 2], [-12, 1]], "stand_dev": [61.29138218782449, 61.47245667803611, 60.93881190105098, 59.805290225998064, 59.174829061290495, 58.4858351247871, 57.71267868660126, 55.891009084363105, 54.86126511622731, 54.08228164735049, 53.13941471756453, 53.23132782057119, 54.00369436845228, 54.77391612720302, 55.47638636532919, 55.49803526976987, 55.590717064588354, 55.778403637604534, 56.3225092810986, 58.42086963302411, 59.45025188796668, 60.14549585571797, 60.4354293382334, 60.19609013694692, 60.54176626678826, 61.10536127868828, 61.543578161454036, 61.269692730202614, 59.969088620564094, 58.21655972066497, 57.18016783722198, 56.07205083912367, 55.96034728757316, 56.102836043297934, 55.95350049637283], "rmsdiffs": [10.187604436000989, 7.179761685269436, 6.911392578437199, 7.639983358548725, 6.808056122820857, 6.655449160030207, 6.643258509423289, 7.226279021696224, 6.203425670479052, 6.3563307601465615, 6.350926498755752, 6.915497374302965, 5.85933801444807, 5.7994143216527245, 5.724115117620775, 6.417703054788942, 5.417266518046042, 5.648691079294345, 5.2813902501602366, 6.647052861762731, 5.786033312923668, 5.750190914919254, 5.802698816775866, 7.027209802871561, 6.1614723181699045, 6.040646045809106, 6.017657019606193, 6.797724450705258, 6.188919273310391, 6.414259838913026, 6.680355013436551, 7.431330043701654, 6.491905731587702, 6.762638353235031, 6.368112613488954]}, "horizontal_movement": [[13.851851851851851, 25.166666666666668, 13.28, 11.363636363636363, 12.347826086956522, 10.6, 17.0, -0.038461538461538464, 15.875, 22.095238095238095, 15.558823529411764, 13.586206896551724, 4.391304347826087, 8.586206896551724, 4.066666666666666, 7.758620689655173, 8.88888888888889, 26.565217391304348, 4.166666666666667, 6.875, 10.0, 9.31578947368421, -19.53846153846154, -7.695652173913044, -5.590909090909091, -4.904761904761905, 2.2777777777777777, 7.714285714285714, 6.846153846153846, -0.25, 17.076923076923077, 34.142857142857146, 36.2, 0, 62.61538461538461, 38.666666666666664], [14.931034482758621, 26.09090909090909, 10.774193548387096, 9.214285714285714, 3.3214285714285716, -10.615384615384615, 0.34615384615384615, -15.25925925925926, -0.7307692307692307, -1.3333333333333333, 3.6538461538461537, 8.12, 5.615384615384615, 20.31578947368421, 13.409090909090908, 19.88, 17.142857142857142, 41.666666666666664, 17.21875, 20.322580645161292, 17.066666666666666, 15.935483870967742, -13.466666666666667, 2.7, 2.896551724137931, 9.15, 15.692307692307692, 18.708333333333332, 18.454545454545453, 8.384615384615385, 28.666666666666668, 38.69565217391305, 46.52173913043478, 55.357142857142854, 11.11111111111111, 12.791666666666666], [3.8181818181818183, -2.1176470588235294, -1.7619047619047619, -3.0, -5.541666666666667, -20.555555555555557, -3.090909090909091, -11.28, -0.6666666666666666, -2.9047619047619047, 4.388888888888889, 9.40625, 6.264705882352941, 6.809523809523809, 5.580645161290323, 11.161290322580646, 7.592592592592593, 16.655172413793103, -1.9705882352941178, 1.78125, 4.633333333333334, -12.851851851851851, -12.806451612903226, 1.4, 18.0, 20.76, 37.4375, 41.166666666666664, 36.55882352941177, 64.63636363636364, 35.457142857142856, 31.4375, 22.866666666666667, 36.333333333333336, 20.653846153846153, 21.48], [12.071428571428571, 13.428571428571429, 10.090909090909092, 9.210526315789474, 5.542857142857143, -2.869565217391304, 3.911764705882353, -12.033333333333333, 2.2580645161290325, 4.666666666666667, 6.0, 7.0, 3.533333333333333, 5.761904761904762, 4.08, 8.782608695652174, 8.956521739130435, 26.25, 5.833333333333333, 7.0, 6.111111111111111, 10.210526315789474, -24.53125, -12.214285714285714, -7.625, -11.71875, -1.119047619047619, -0.32558139534883723, 1.2682926829268293, -6.027777777777778, 3.236842105263158, 4.297297297297297, 4.2439024390243905, 7.363636363636363, 7.105263157894737, 6.72972972972973], [15.692307692307692, 4.571428571428571, 9.379310344827585, 5.409090909090909, -1.1764705882352942, -18.285714285714285, -4.565217391304348, -22.904761904761905, -6.333333333333333, -11.789473684210526, -0.42857142857142855, 0.7586206896551724, -0.3076923076923077, -5.043478260869565, 3.34375, 7.151515151515151, 7.078947368421052, 18.153846153846153, 3.13953488372093, 6.232558139534884, 6.428571428571429, 2.1923076923076925, -21.023809523809526, -8.3, -5.4, 3.9615384615384617, 4.512195121951219, 4.414634146341464, 7.25, 4.346153846153846, 7.7272727272727275, 11.517241379310345, 9.689655172413794, 8.5625, 13.7, 15.826086956521738], [6.1891891891891895, 0.8421052631578947, 1.7777777777777777, 1.631578947368421, -1.2142857142857142, -20.0, -4.648648648648648, -19.083333333333332, -4.605263157894737, -7.0285714285714285, -1.2926829268292683, -0.2972972972972973, -3.8378378378378377, -9.75, -4.725, -0.05128205128205128, 3.3055555555555554, 10.214285714285714, -4.09375, 4.36, 0.5416666666666666, -11.0, -29.105263157894736, -13.2, 15.461538461538462, 36.2, 5.043478260869565, 12.482758620689655, 31.25, 32.0, 22.2, 19.379310344827587, 9.642857142857142, 8.185185185185185, 14.625, 17.419354838709676], [13.647058823529411, 17.25925925925926, 10.285714285714286, 9.914285714285715, 7.375, -12.64, 10.685714285714285, -1.1764705882352942, 11.15625, 4.894736842105263, 15.774193548387096, 14.44, 9.620689655172415, 9.235294117647058, 5.65625, 11.647058823529411, 12.588235294117647, 31.161290322580644, 7.0, 8.617647058823529, 6.605263157894737, 3.8214285714285716, -15.225, -5.921052631578948, -1.95, -5.0, 1.435897435897436, 3.358974358974359, 1.9230769230769231, -11.085714285714285, 0.8529411764705882, 0.9090909090909091, 0.9375, 1.0, 3.92, 5.294117647058823], [15.5, 22.666666666666668, 6.166666666666667, 2.6, -1.0, -26.307692307692307, -7.285714285714286, -19.05, -6.96, -7.92, -0.16129032258064516, 2.25, -1.5, -4.310344827586207, -1.1176470588235294, 2.903225806451613, 3.28125, 9.0, -2.121212121212121, -0.8387096774193549, 0.6060606060606061, -4.111111111111111, -22.114285714285714, -10.4375, -7.787878787878788, 1.0740740740740742, 2.903225806451613, -3.1739130434782608, 4.75, 0.7647058823529411, 9.68421052631579, 14.5, 25.11764705882353, 50.666666666666664, 23.571428571428573, 16.5], [-8.484848484848484, -21.25, -8.75, -8.384615384615385, -11.2, -38.526315789473685, -9.724137931034482, -22.3125, -9.333333333333334, -16.333333333333332, -3.5185185185185186, -4.035714285714286, -8.214285714285714, -12.666666666666666, -3.4571428571428573, -1.5757575757575757, 1.6111111111111112, 27.964285714285715, 5.2, 7.0, 13.11111111111111, -1.75, -10.545454545454545, 12.846153846153847, 8.263157894736842, 31.666666666666668, 11.5, 10.5, 12.826086956521738, 2.6315789473684212, 1.5357142857142858, 5.222222222222222, 3.7142857142857144, 5.685714285714286, 3.0285714285714285, 5.0]], "frame_states": [0, 0, 0, 0, 0, 0, 0, 0, 0, 0, 0, 0, 0, 0, 0, 0, 0, 0, 0, 0, 0, 0, 0, 0, 0, 0, 0, 0, 0, 0, 0, 0, 0, 0, 0], "brightness": [121, 121, 123, 124, 124, 125, 124, 124, 124, 124, 125, 127, 128, 130, 131, 132, 133, 134, 133, 133, 133, 132, 134, 135, 137, 140, 142, 141, 140, 139, 139, 139, 139, 139, 139, 143, 147],