{
    "frame_states": [
        0, 
        0, 
        0, 
        0, 
        0, 
        0, 
        0, 
        0, 
        0, 
        0, 
        0, 
        0, 
        0, 
        0, 
        0, 
        0, 
        0, 
        0, 
        0, 
        0, 
        0, 
        0, 
        0, 
        0, 
        0, 
        0, 
        0, 
        0, 
        0, 
        0, 
        0, 
        0, 
        0, 
        0, 
        0, 
        0, 
        0, 
        0
    ], 
    "phase1": {
        "rmsdiffs": [
            8.341649489964732, 
            6.017772880464888, 
            6.228337018219309, 
            6.248229831440994, 
            4.622384108021883, 
            4.355687807782373, 
            5.538781186934294, 
            6.615780236700558, 
            5.292984134380751, 
            6.61667719379411, 
            6.4715828177152, 
            5.917667050157942, 
            5.703615964485627, 
            5.497144486175876, 
            5.268343327906856, 
            5.717183131012973, 
            6.028782399767218, 
            5.253007060841495, 
            4.949883455155521, 
            5.306281014310936, 
            4.920927887592215, 
            4.90529035650959, 
            4.366833610876519, 
            5.440785445495068, 
            5.47801130999551, 
            5.177448490741625, 
            3.839031899567918, 
            6.252601608877359, 
            5.212481235450278, 
            4.093788646435465, 
            4.550014369699199, 
            5.786435548794317, 
            5.199936115985753, 
            4.2290953263651225, 
            6.1234178048273105, 
            6.067878525341452, 
            5.324918759782504, 
            4.302829210213228
        ], 
        "shift_vectors": [
            [
                -19, 
                4
            ], 
            [
                -9, 
                8
            ], 
            [
                -11, 
                6
            ], 
            [
                9, 
                8
            ], 
            [
                3, 
                -2
            ], 
            [
                5, 
                -4
            ], 
            [
                10, 
                -7
            ], 
            [
                22, 
                -11
            ], 
            [
                3, 
                2
            ], 
            [
                9, 
                8
            ], 
            [
                9, 
                8
            ], 
            [
                9, 
                8
            ], 
            [
                5, 
                -4
            ], 
            [
                4, 
                -3
            ], 
            [
                6, 
                1
            ], 
            [
                18, 
                15
            ], 
            [
                9, 
                8
            ], 
            [
                2, 
                1
            ], 
            [
                3, 
                -2
            ], 
            [
                10, 
                -3
            ], 
            [
                5, 
                -4
            ], 
            [
                3, 
                -2
            ], 
            [
                -1, 
                0
            ], 
            [
                -11, 
                -8
            ], 
            [
                -3, 
                -2
            ], 
            [
                1, 
                0
            ], 
            [
                2, 
                1
            ], 
            [
                -12, 
                1
            ], 
            [
                -5, 
                0
            ], 
            [
                -4, 
                1
            ], 
            [
                -10, 
                -1
            ], 
            [
                -20, 
                -3
            ], 
            [
                -7, 
                2
            ], 
            [
                -5, 
                4
            ], 
            [
                6, 
                5
            ], 
            [
                9, 
                8
            ], 
            [
                5, 
                4
            ], 
            [
                3, 
                2
            ]
        ], 
        "stand_dev": [
            55.45363548696582, 
            56.307833344172195, 
            57.4587422274758, 
            59.227315700333, 
            58.86689868066974, 
            57.86961657818081, 
            56.629950544646235, 
            55.80924823523938, 
            55.59594998439656, 
            56.13455352385833, 
            57.33163650817921, 
            59.74071046388781, 
            59.21973560193684, 
            58.747144576232714, 
            58.68648295507386, 
            60.004031988599685, 
            61.35099168470649, 
            61.55293323011242, 
            60.87374138570594, 
            60.19843130950141, 
            59.700654342566004, 
            59.59195115622499, 
            59.3500452676119, 
            57.769678358317854, 
            57.2276871375202, 
            56.983730096824324, 
            57.122081350876904, 
            57.1146420386987, 
            57.3257131560201, 
            57.28933168804114, 
            56.88721312762075, 
            56.35678047029054, 
            56.42400255111762, 
            57.09667654621589, 
            57.889165054232016, 
            59.229786149146946, 
            59.87052564703467, 
            60.05572448973169
        ]
    }
}