{"phase1": {"shift_vectors": [[5, -12], [-1, 0], [-3, 0], [1, 0], [1, 0], [1, 0], [4, 1], [1, 0], [1, 0], [2, 1], [3, 0], [2, -1], [2, -1], [2, -1], [2, -1], [1, 0], [1, 0], [1, 0], [3, 2], [2, 1], [-3, 2], [-3, 2], [-3, 2], [2, 1], [-3, 2], [-4, 3], [-5, 4], [-2, 1], [-1, 0], [-1, 0], [2, -1], [1, 0], [2, -1], [1, 0], [-2, -1], [2, -1], [-1, 0], [-1, 0], [-5, 0], [-1, 0], [-1, 0], [-1, 0], [-3, 0], [-3, 0], [-1, 0], [-1, 0], [-5, 0], [-3, 0], [-5, 0], [-5, 0], [-12, 1], [-5, 2], [-7, 2], [-3, 2], [-7, 0], [1, 0], [5, 0], [6, -1], [8, -3], [6, -3], [13, -4], [10, -7], [19, -14], [6, -3], [2, -1], [1, 0], [-5, 2], [-7, 4], [-9, 6], [-10, 5], [-23, 8], [-12, 3], [-13, 2], [-14, 1], [-28, 1], [-13, 0], [-12, -1], [-9, -2], [9, -8], [9, -8], [5, -4], [3, -2], [3, -2], [-2, -1], [1, 0], [-5, 0], [-11, 6], [-5, 4], [-5, 2], [-7, 0], [-14, 1], [-9, 0], [-12, -1], [-9, -2], [-15, -6], [3, -2], [3, -2], [5, -4], [26, -9], [5, -4]], "stand_dev": [49.81310175671987, 49.760010022025085, 49.79082291780153, 49.788587573241294, 49.78339050464219, 49.87377091209798, 49.75879679846696, 49.74422271238976, 49.81454985221202, 49.90561850122544, 50.19909987262435, 50.43018075979172, 50.675620758800754, 50.797928645450014, 50.9457398356652, 50.96514250203714, 50.98792757169203, 51.05306863911048, 51.03100294087423, 51.01102886261245, 50.87089640605129, 50.72807760998763, 50.607733218596636, 50.48921393609366, 50.339435615063536, 50.01270186750545, 49.239628637988474, 48.950278215946604, 48.6988512547534, 48.50303354061208, 48.27117590001031, 48.11055363708496, 48.00937519257066, 47.79652515740953, 47.29367820855193, 47.12858519485614, 46.86565824939444, 46.656687361314546, 46.23266618720162, 46.02856520731169, 45.783063485133844, 45.40677281747605, 44.663946940746605, 44.3423122935309, 43.990795980790104, 43.627420215100145, 42.93218244843471, 42.436772208689156, 42.0279043644826, 41.57551125368196, 40.49851682101426, 40.03031603812142, 39.7347424806219, 39.412625291320566, 39.20164609299973, 39.10017871968127, 39.00094265137531, 38.54581482081533, 37.529257573210415, 37.40434487231251, 37.28490051504223, 37.16851379507551, 37.98042203295189, 38.53448893040193, 38.98278993605666, 39.7259503966739, 40.20867645119587, 40.077628349557344, 39.774283091958715, 39.35023060347109, 38.38744897214549, 38.05228120413081, 38.730133986089015, 39.89224568168096, 42.081569117603365, 43.123474817509184, 44.07369932505833, 44.86600935272277, 45.22355963734476, 44.888784494126575, 44.590042423207024, 44.36228112192516, 44.402466111631156, 44.81002616885297, 45.346260813752515, 46.729334811676104, 49.24265696113187, 50.60740292143114, 51.6516263149102, 52.00357183578475, 53.409034662212356, 53.19857660520205, 52.866224727376334, 52.39553525218539, 51.90857316073232, 51.32695178258333, 50.29755439582498, 49.36025441266885, 47.42789931739268, 46.72254714131326], "rmsdiffs": [10.400623993547422, 2.808175615396342, 3.409226944941342, 3.541625318117586, 3.29910635850628, 3.1185155292610607, 4.050380960077744, 3.6179771009369093, 3.7848737783900583, 3.84360100142432, 4.348607003523905, 3.2815261165182092, 3.730752890217069, 2.969496779838368, 4.492085951535381, 3.6699503956864072, 3.602684884351478, 2.957322650575521, 4.5346115888601055, 3.559430477417014, 4.806741510746408, 5.009246162616365, 5.137990019612627, 4.380770291665367, 4.506949614468681, 5.089613239041926, 5.124117280046647, 4.127255536307166, 3.8757199341315576, 3.322335142354255, 4.936744148945908, 4.171089462784919, 4.282149326812169, 4.319156920219269, 4.585811968885824, 4.635487526225567, 4.046714160456036, 3.6003408666075236, 4.6467888422201815, 4.177971622546482, 4.02156365924315, 4.401171379461305, 5.103633834681608, 4.441242850864198, 4.168424772540961, 4.260446977806932, 5.040475282760098, 4.577499498314892, 4.424265488119054, 4.363560033731518, 5.294670210377489, 4.6989887545279965, 4.095865854467923, 4.6618140361462155, 5.393138230047922, 4.631085477928213, 4.464485599824589, 4.561397283227448, 5.196051771488092, 4.2319625495122, 4.892444328222632, 4.386763956267075, 5.429166608669464, 4.701281367545679, 4.608121811868614, 4.770004959484916, 5.780697246173313, 5.120522337654572, 5.24446253307497, 5.270334238199554, 6.257306396777772, 5.447564377242749, 5.485797493808658, 5.552312949728808, 6.417063964468568, 5.48466237373731, 5.483564774790221, 5.654872091929334, 7.671673439895022, 6.612511607070176, 5.96315770013688, 5.745614438947308, 6.750996841895157, 5.410133900041134, 5.457885981580463, 5.349588908253987, 6.342099078791796, 5.456045155213974, 5.507372998839666, 5.548064591608121, 6.277112559766598, 5.451181636039074, 5.522611437369161, 5.702597995743053, 6.427255874717923, 6.590345842466898, 6.471926301483326, 6.334563286341447, 7.390775673663657, 6.098730220873698]}, "frame_states": [0, 0, 1, 1, 1, 1, 1, 1, 1, 1, 1, 1, 1, 1, 1, 1, 1, 1, 1, 1, 1, 1, 1, 1, 1, 1, 1, 1, 1, 1, 1, 1, 1, 1, 1, 1, 1, 1, 1, 1, 1, 1, 1, 1, 1, 1, 0, 0, 0, 0, 0, 0, 0, 0, 0, 0, 0, 0, 0, 0, 0, 0, 0, 0, 0, 0, 0, 0, 0, 0, 0, 0, 0, 0, 0, 0, 0, 0, 0, 0, 0, 0, 0, 0, 0, 0, 0, 0, 0, 0, 0, 0, 0, 0, 0, 0, 0, 0, 0, 0]}