{
    "frame_states": [
        0, 
        0, 
        0, 
        0, 
        0, 
        0, 
        0, 
        0, 
        0, 
        0, 
        0, 
        0, 
        0, 
        0, 
        0, 
        0, 
        0, 
        0, 
        0, 
        0, 
        0, 
        0, 
        0, 
        0, 
        0, 
        0, 
        0, 
        0, 
        0, 
        0, 
        0, 
        0, 
        0, 
        0, 
        0
    ], 
    "phase1": {
        "rmsdiffs": [
            10.187604436000989, 
            7.179761685269436, 
            6.911392578437199, 
            7.639983358548725, 
            6.808056122820857, 
            6.655449160030207, 
            6.643258509423289, 
            7.226279021696224, 
            6.203425670479052, 
            6.3563307601465615, 
            6.350926498755752, 
            6.915497374302965, 
            5.85933801444807, 
            5.7994143216527245, 
            5.724115117620775, 
            6.417703054788942, 
            5.417266518046042, 
            5.648691079294345, 
            5.2813902501602366, 
            6.647052861762731, 
            5.786033312923668, 
            5.750190914919254, 
            5.802698816775866, 
            7.027209802871561, 
            6.1614723181699045, 
            6.040646045809106, 
            6.017657019606193, 
            6.797724450705258, 
            6.188919273310391, 
            6.414259838913026, 
            6.680355013436551, 
            7.431330043701654, 
            6.491905731587702, 
            6.762638353235031, 
            6.368112613488954
        ], 
        "shift_vectors": [
            [
                -3, 
                42
            ], 
            [
                -9, 
                2
            ], 
            [
                -12, 
                1
            ], 
            [
                -21, 
                0
            ], 
            [
                -5, 
                0
            ], 
            [
                -9, 
                0
            ], 
            [
                -11, 
                -2
            ], 
            [
                -23, 
                -2
            ], 
            [
                -7, 
                -2
            ], 
            [
                -11, 
                -2
            ], 
            [
                -11, 
                -2
            ], 
            [
                -6, 
                -1
            ], 
            [
                -3, 
                0
            ], 
            [
                -5, 
                0
            ], 
            [
                -6, 
                1
            ], 
            [
                -10, 
                1
            ], 
            [
                -3, 
                2
            ], 
            [
                7, 
                2
            ], 
            [
                3, 
                2
            ], 
            [
                -12, 
                1
            ], 
            [
                -5, 
                2
            ], 
            [
                -2, 
                1
            ], 
            [
                -2, 
                -1
            ], 
            [
                -31, 
                0
            ], 
            [
                -19, 
                2
            ], 
            [
                -10, 
                3
            ], 
            [
                -18, 
                5
            ], 
            [
                -37, 
                4
            ], 
            [
                2, 
                1
            ], 
            [
                2, 
                1
            ], 
            [
                1, 
                0
            ], 
            [
                2, 
                -1
            ], 
            [
                1, 
                0
            ], 
            [
                3, 
                2
            ], 
            [
                -12, 
                1
            ]
        ], 
        "stand_dev": [
            61.29138218782449, 
            61.47245667803611, 
            60.93881190105098, 
            59.805290225998064, 
            59.174829061290495, 
            58.4858351247871, 
            57.71267868660126, 
            55.891009084363105, 
            54.86126511622731, 
            54.08228164735049, 
            53.13941471756453, 
            53.23132782057119, 
            54.00369436845228, 
            54.77391612720302, 
            55.47638636532919, 
            55.49803526976987, 
            55.590717064588354, 
            55.778403637604534, 
            56.3225092810986, 
            58.42086963302411, 
            59.45025188796668, 
            60.14549585571797, 
            60.4354293382334, 
            60.19609013694692, 
            60.54176626678826, 
            61.10536127868828, 
            61.543578161454036, 
            61.269692730202614, 
            59.969088620564094, 
            58.21655972066497, 
            57.18016783722198, 
            56.07205083912367, 
            55.96034728757316, 
            56.102836043297934, 
            55.95350049637283
        ]
    }
}