{
<<<<<<< HEAD
    "brightness": [
        139, 
        139, 
        138, 
        138, 
        135, 
        135, 
        134, 
        133, 
        132, 
        131, 
        131, 
        130
    ], 
    "horizontal_movement": [
        [
            1.0588235294117647, 
            -0.2222222222222222, 
            0.0625, 
            0.0, 
            0.0, 
            -0.5789473684210527, 
            -1.3333333333333333, 
            -2.764705882352941, 
            -2.888888888888889, 
            -3.3529411764705883, 
            0.125
        ], 
        [
            0.8928571428571429, 
            -0.14814814814814814, 
            0.44, 
            0.07692307692307693, 
            -0.14814814814814814, 
            -0.11538461538461539, 
            -1.0714285714285714, 
            -2.375, 
            -3.0, 
            -3.2962962962962963, 
            0.19230769230769232
        ], 
        [
            2.3448275862068964, 
            1.3214285714285714, 
            2.0714285714285716, 
            2.7777777777777777, 
            1.25, 
            1.303030303030303, 
            0.7058823529411765, 
            1.0, 
            -1.064516129032258, 
            -1.588235294117647, 
            1.9411764705882353
        ], 
        [
            0.3958333333333333, 
            -2.0833333333333335, 
            -0.8125, 
            -0.875, 
            -1.2916666666666667, 
            -1.6041666666666667, 
            -2.8333333333333335, 
            -4.166666666666667, 
            -2.8541666666666665, 
            -4.270833333333333, 
            -0.2916666666666667
        ], 
        [
            3.9047619047619047, 
            2.3846153846153846, 
            2.775, 
            7.341463414634147, 
            3.488888888888889, 
            2.909090909090909, 
            1.8409090909090908, 
            5.371428571428571, 
            1.4130434782608696, 
            1.065217391304348, 
            4.666666666666667
        ], 
        [
            5.777777777777778, 
            4.044444444444444, 
            4.340909090909091, 
            9.386363636363637, 
            3.933333333333333, 
            3.272727272727273, 
            2.217391304347826, 
            4.767441860465116, 
            1.0869565217391304, 
            0.6304347826086957, 
            4.318181818181818
        ], 
        [
            -0.675, 
            -3.475, 
            -2.725, 
            -3.325, 
            -2.075, 
            -3.45, 
            -4.775, 
            -5.7, 
            -4.1, 
            -4.4, 
            -0.9
        ], 
        [
            4.125, 
            1.1, 
            2.05, 
            10.435897435897436, 
            1.875, 
            3.825, 
            1.35, 
            8.575, 
            1.7, 
            -0.075, 
            5.3
        ], 
        [
            4.675675675675675, 
            2.388888888888889, 
            2.342857142857143, 
            8.885714285714286, 
            2.864864864864865, 
            1.2285714285714286, 
            0.8285714285714286, 
            5.966666666666667, 
            0.0, 
            -0.4166666666666667, 
            2.823529411764706
        ]
    ], 
    "mean_vector_length": [
        [
            1.4625579397334894, 
            1.562394756978759, 
            0.25, 
            0.9333333333333333, 
            0.05555555555555555, 
            0.600748082230163, 
            1.5461456348539908, 
            3.214944069709923, 
            2.9020037765277658, 
            3.3529411764705883, 
            0.27588834764831843
        ], 
        [
            1.0469181606780273, 
            0.32697878239800704, 
            1.1351281440492298, 
            1.1472471971056228, 
            0.18518518518518517, 
            1.0093323341199727, 
            1.7411438855524146, 
            2.6782820270936365, 
            3.0064911064067354, 
            3.3128763313316454, 
            0.466273293292987
        ], 
        [
            2.5174285037696946, 
            2.4118861254664483, 
            2.977240024859872, 
            3.9248642943066168, 
            1.5838450247721565, 
            2.3551463153163743, 
            3.09531459157287, 
            4.72917270205454, 
            1.5236614645141533, 
            1.6744196036384016, 
            2.5153473922019973
        ], 
        [
            1.2658954148350197, 
            2.5600409894479284, 
            0.8592216809816516, 
            1.574864521753988, 
            1.3052141987473516, 
            1.6223016998472444, 
            2.8833751470240885, 
            4.476954688327506, 
            2.8541666666666665, 
            4.270833333333333, 
            0.5065355937288493
        ], 
        [
            4.6005329593547915, 
            3.449495237224526, 
            3.8703986766233447, 
            8.266962610414671, 
            4.134832304968442, 
            3.6751823044283003, 
            3.296092588193841, 
            7.165030814677995, 
            3.034706441056662, 
            2.9450728123740935, 
            4.73512140680992
        ], 
        [
            5.839617827163095, 
            4.227917291871136, 
            4.583687794940302, 
            9.469961938572549, 
            4.010282689298999, 
            3.486096004047594, 
            3.094794248964094, 
            5.5299140802125715, 
            1.6077874665645429, 
            1.469911688663388, 
            4.3876117316188035
        ], 
        [
            1.5484186772490096, 
            3.575863450888882, 
            2.8303833973151855, 
            3.662779654051436, 
            2.0986067977499787, 
            3.485672910723254, 
            4.804036824639883, 
            7.185664983917628, 
            4.1, 
            4.424688001760864, 
            1.1071067811865472
        ], 
        [
            4.64479948559771, 
            4.111539135146999, 
            4.044866665990646, 
            11.27186075408493, 
            3.504000161799315, 
            4.865743490837124, 
            3.319105438699814, 
            9.299354687232666, 
            3.585761947170112, 
            3.0093206489393207, 
            5.700706397292045
        ], 
        [
            5.096222273112519, 
            3.8865791521585553, 
            3.3000209674729373, 
            9.869243437654225, 
            3.9296658689333426, 
            3.093114493354468, 
            2.7840109911062414, 
            6.767051814348806, 
            2.885536682185054, 
            2.846455513000523, 
            3.6182439619571496
        ]
    ],