{"phase1": {"shift_vectors": [[-11, 0], [-27, 20], [-12, 7], [-5, 4], [-12, 1], [-12, -13], [0, -11], [-10, -13], [-12, -15], [-20, -39], [-29, -14], [-21, -4], [-19, 2], [-33, -12], [-19, -4], [-27, 6], [-21, 12], [-14, 23], [-9, 8], [-9, 8], [-6, 5], [1, 0], [6, 3], [3, 2], [-6, 1], [22, 3], [16, 5], [11, 6], [3, 2], [9, -8], [-11, -4], [-13, -2], [-4, -1], [28, -11], [11, -6], [-10, -3], [-2, -1], [-18, -5], [-10, -3], [-15, 0], [-12, -1], [7, -2], [23, 0], [-7, 4], [-6, 5], [26, 9], [-5, 4], [5, 4], [3, 2], [7, -2], [13, 0], [-5, 0], [-1, 0], [5, 2], [8, 3], [9, 4], [22, 1], [28, 1], [47, 0], [19, 0], [14, -1], [8, -3], [17, 0], [7, 0], [9, 0], [4, -1], [-3, -2], [-1, 0]], "stand_dev": [77.99344071744495, 77.94396917484265, 78.1324329681028, 77.95554051128161, 77.70751577938431, 76.53496726046696, 75.43270074458371, 74.53093428777574, 73.42368634403536, 71.69161035653677, 72.08061852566563, 72.67037140334428, 73.58934664520132, 73.04662216419162, 72.57055987036622, 75.89014278001977, 78.84049474481981, 84.70002750868903, 86.18894505986889, 87.3542022984568, 87.784490041805, 88.6099349876968, 88.80949749809797, 88.85244852588725, 88.8509906989696, 88.32799471057584, 87.87075825871582, 88.1800474048501, 88.64154575300438, 88.33830296861444, 88.2261647426952, 88.30644529758924, 88.21175980990749, 87.38959495989809, 86.9212178220284, 86.68101046100266, 86.83581007038515, 86.35603442112499, 85.99212945665876, 85.88443462421418, 85.8443019718318, 85.39286193547194, 84.6518301216854, 85.48197451575605, 86.15553569755572, 86.25421015389888, 86.29235972813572, 86.69072296846522, 86.74875234958849, 86.70172104437417, 86.46233478649833, 86.67360939463462, 86.90881515588372, 87.22913803138698, 87.1759579669441, 87.40313937592948, 87.02007060792793, 86.237850701008, 84.80958566336821, 83.90952731892965, 83.39902174579001, 83.45273663127657, 83.4575135761024, 83.54383800006923, 83.23388775825829, 83.22809563488958, 82.99229359379176, 83.08747163906442], "rmsdiffs": [9.031405831391439, 7.291979048878645, 5.863988084473675, 6.2045020940856075, 6.337476556584971, 7.838514402953015, 6.1668977359971215, 5.9329005783191695, 6.2886188938127106, 7.857681686814973, 6.434423811640143, 6.114960062268681, 5.87364900267513, 5.8333947402918875, 5.5416910262828605, 7.34117646941532, 6.921056103291394, 8.122409465069154, 6.614681170507448, 6.648103402498321, 6.745579886328792, 7.7488232569533615, 6.355308281983423, 5.791789385832004, 5.585275106473343, 6.480817281027273, 6.1483095974799795, 6.264057063393164, 6.137884590853954, 6.8634995361286135, 6.035868535073239, 6.08437579443663, 5.91639736814878, 6.887873821115292, 6.031932338575169, 5.702699894980856, 5.637419126438915, 7.020458629189352, 6.186046680722762, 5.893165533056067, 5.687464594824166, 6.474592584861786, 7.1460078783300185, 5.484295975958803, 5.5813874690695195, 6.598009798973395, 6.458123291950902, 6.587036966863865, 6.537538362317224, 6.952322601407636, 6.013284587422117, 6.011870002535324, 6.347645676453816, 6.509757707453999, 6.662687733111493, 5.939989219512014, 6.370823153674051, 6.229439025483276, 6.713338946093365, 5.707516710710682, 5.8798659739638035, 5.868086914044207, 6.43604617657582, 5.7987877259604454, 6.182942428442013, 5.863853865136749, 6.362510072861549, 5.984624273881404]}, "frame_states": [0, 0, 0, 0, 0, 0, 0, 0, 0, 0, 0, 0, 0, 0, 0, 0, 0, 0, 0, 0, 0, 0, 0, 0, 0, 0, 0, 0, 0, 0, 0, 0, 0, 0, 0, 0, 0, 0, 0, 0, 0, 0, 0, 0, 0, 0, 0, 0, 0, 0, 0, 0, 0, 0, 0, 0, 0, 0, 0, 0, 0, 0, 0, 0, 0, 0, 0, 0]}