{"phase1": {"shift_vectors": [[4, -59], [-5, 0], [-4, 1], [-2, 1], [-14, 5], [-2, 1], [-2, 1], [2, 1], [3, 2], [2, 1], [4, 1], [3, 2], [7, 2], [2, 1], [-1, 0], [2, 1], [3, 2], [2, 1], [2, 1], [2, 1], [3, 2], [1, 0], [1, 0], [1, 0], [1, 0], [1, 0], [1, 0], [1, 0], [4, 1], [1, 0], [1, 0], [1, 0]], "stand_dev": [87.80351688510856, 88.64632952548874, 89.62813620882777, 90.52661852392664, 92.2271708032069, 92.83153817352553, 93.22122746407145, 93.46479350739017, 93.90566768207269, 94.184616388939, 94.39335929611643, 94.50932281644144, 94.98546088842863, 94.89391016107314, 94.22934757489921, 93.61533475667403, 92.24697302710965, 91.70700695359541, 91.29802303746135, 90.82403856647957, 90.13989425776687, 89.6181525986937, 89.08522972440734, 88.75159704586353, 88.23931688381546, 88.13015302479278, 87.95498360560441, 87.6606908957409, 87.3066098939573, 87.14079417300796, 86.912579097999, 86.71083886899444], "rmsdiffs": [9.519573850721345, 5.549347537570377, 5.508973935254133, 5.538562163383468, 6.550757518421646, 5.124475080037316, 5.071905485245556, 5.15581942631252, 5.893081169688718, 5.264905143317054, 5.348460037414086, 5.415251388282133, 5.850504011314331, 5.078259541689071, 4.923169046661571, 5.01475499484605, 5.764150258544778, 5.213727394561533, 5.118112714533, 4.947674616633985, 5.638664475483797, 5.052518047406713, 4.8448170916674185, 4.980866276517098, 5.516847940450463, 4.765584305727437, 4.724460023941677, 4.753829140506728, 5.704156257413907, 5.035044981829741, 4.8829006397452694, 5.048369327203564]}, "frame_states": [0, 0, 0, 0, 0, 0, 0, 0, 0, 0, 0, 0, 1, 1, 1, 1, 1, 1, 1, 1, 1, 1, 1, 1, 1, 1, 1, 1, 1, 1, 1, 1]}