{"phase1": {"shift_vectors": [[-55, -2], [3, 0], [5, 0], [5, 0], [12, 1], [-1, 0], [-2, 1], [-3, 2], [-2, 1], [-1, 0], [-1, 0], [-4, 3], [-1, 0], [-1, 0], [-1, 0], [-1, 0], [1, 0], [-1, 0], [-1, 0], [-1, 0], [3, -2], [-1, 0], [-1, 0], [-1, 0], [-2, -1], [-1, 0], [-1, 0], [-1, 0], [-1, 0], [-1, 0], [-1, 0], [-3, -2], [6, -5], [-2, -1], [6, -1], [6, -1], [21, -4], [10, -1], [9, 0], [10, -1], [21, -4], [10, -1], [10, -1], [10, -1], [21, -4], [9, 0], [9, 0], [10, -1], [17, -4], [6, -1], [6, -1], [7, -2], [19, -4], [9, -2], [11, -2], [11, -2], [22, -3], [11, -2], [10, -1], [9, 0], [18, -1], [9, 0], [10, 1], [9, 0], [15, 0], [7, 0], [7, 0], [7, 0], [14, 1], [7, 0], [5, 0], [3, 0], [5, 0], [3, 0], [5, 0], [5, 0], [5, 0], [5, 0], [6, -1], [4, -1], [-5, -2], [2, -1], [3, 0], [3, 0], [1, 0], [5, 0], [3, 0], [3, 0], [11, 0], [3, 0], [3, 0], [3, 0], [-6, -1], [7, 0], [6, -1], [5, 0], [10, -1], [4, -1], [4, -1], [4, -1], [5, -2], [-6, -1], [-6, -1], [-5, 2], [-7, 2], [-2, 1], [-6, 3], [-10, 1], [5, -4], [6, -5], [6, -3], [8, -3], [14, -5], [4, -1], [-7, -2], [-9, 0], [-16, 5], [-8, 3], [-14, 1], [-9, 0], [-19, 0], [-15, 0], [-18, 1], [-21, 2], [-38, 1], [-21, 0], [-21, 0], [-21, 2], [-53, 10], [-27, 4], [-27, 4], [-27, 4], [-63, 0], [-57, 4], [-58, 5], [-59, 4], [-54, -9], [-45, 10], [-45, 8], [-45, 2], [-29, -32], [-30, -7], [-25, -8], [-25, -8], [-12, -15], [-19, -2], [-14, -1], [-15, 0], [-27, -4], [-13, -4], [-13, -4]], "stand_dev": [43.50818293780127, 43.61753957614221, 43.80196766181387, 44.195987303334434, 45.810651297753445, 45.95642138476283, 46.23175609113293, 46.59607146476772, 46.85690586700708, 47.107209146357356, 47.47802488106415, 48.639497107926545, 49.497903321935866, 50.335192240145126, 51.22180441431598, 52.21408867360191, 53.82865760531327, 54.754410982006696, 55.751073290793805, 56.72155397966088, 58.425833510220045, 59.450265829924824, 60.24697853323376, 61.02310603379715, 62.54901339973716, 63.262068563706556, 64.15911179276472, 64.93742026023938, 66.50644231580362, 67.26106802934916, 68.04118989784065, 68.77663377562264, 69.9273998398811, 70.6123208556093, 71.54347093194592, 72.72155008828307, 74.67464104474016, 75.63539845520734, 76.37325099463642, 77.09668845029175, 78.17576292062111, 78.55862309972711, 79.09817832027359, 79.51902349881944, 79.95602319007796, 80.26257235802707, 80.63574937047517, 81.01169576456549, 81.33409215359042, 81.42748290595979, 81.41029146719885, 81.47806570165172, 81.54872174904996, 81.65188290403525, 81.71217916665172, 81.79824589625656, 81.99509828468936, 82.13383771398173, 82.2969832712224, 82.2948675999179, 81.8058829142147, 81.62057241485996, 81.28075971497027, 81.02379155725029, 80.30230049144811, 79.87114649993696, 79.5255373670049, 79.19284467727033, 78.58741518644784, 78.30529060544309, 77.9836143377377, 77.74062585900862, 77.43601969418631, 77.3359135367507, 77.18459052603632, 76.89031113987777, 76.28156584932226, 75.96093852947439, 75.62163943294985, 75.26319289609573, 75.03708308339077, 74.88846982831632, 74.74739965756042, 74.69262379664164, 74.71843752039047, 74.53242957563066, 74.31342056884935, 74.04970729648805, 73.61504849685673, 73.31140790407561, 73.02963737732169, 72.64639774084084, 71.79136793387377, 71.3542905998916, 70.95219694602922, 70.80874752587572, 70.89324536375803, 70.83332228296148, 70.69591081785572, 70.5354194793489, 70.75304481164086, 71.03606539277843, 71.49403594631714, 72.1978415452294, 73.7364787300557, 75.04810333719719, 75.76436868250664, 75.70953428080209, 75.06226325026536, 74.31242402746224, 73.71065791243448, 73.49415108999743, 72.99898710777612, 72.96317785004702, 72.60699334487784, 72.52422795109251, 73.40259960959234, 73.6796700000484, 73.92066280666783, 73.88560847879737, 73.78387438171544, 73.8292507696236, 74.0578183400308, 74.19078283974842, 74.49242184760888, 75.51954509209185, 76.22116257001565, 76.94276890925026, 77.69149155779527, 77.15157067985886, 76.09305887431196, 74.01644163814048, 68.79999280331585, 67.73864769463614, 62.25391422996082, 54.61572550646674, 40.584926071724325, 41.737220408624125, 43.09636387617795, 44.14916923862667, 51.34621075744845, 54.86118705679066, 56.794577230006425, 58.37743794081695, 59.17707634505494, 59.485073486377566, 59.73472997943522, 60.15920536586403, 61.40999255220328, 61.354386657495816, 60.862423374740565], "rmsdiffs": [10.161331468485503, 5.116113393657251, 5.2160769207034, 5.4125158737863766, 6.825270654002042, 6.020674907619964, 6.126720579434066, 7.128757647928892, 6.0615978535796415, 6.098978566804255, 6.052442811697728, 7.004897101899931, 6.164022258651158, 6.1282672824573625, 6.128568393004261, 6.131378045024079, 7.061365640986283, 6.074391388647884, 6.14758039720061, 6.0943610253027565, 6.95708069047449, 5.995298613073415, 5.882709649652777, 5.870332398521893, 6.847552606167459, 5.668439993784609, 5.761094171346407, 5.800636436100352, 6.818965581483794, 5.927071200296903, 5.952656197526176, 6.22947750127344, 6.614228984459985, 6.297889414513747, 5.579790373617663, 5.5791308825891175, 6.596597781076982, 5.52576595611662, 5.508069685516298, 5.485273527451067, 6.270127779304659, 5.36969177677834, 5.372490638172297, 5.353807365327598, 6.193943582570331, 5.361242924093517, 5.296161484124809, 5.290610569497729, 6.025700034436529, 5.213042967593652, 5.303022593567942, 5.248993629818046, 6.134811163640965, 5.288646596468301, 5.323663261295603, 5.468350829733236, 6.192621635952038, 5.51436093280385, 5.296521218764732, 5.221950029060464, 5.84674109308734, 4.6974013376915495, 4.451624500481124, 4.623385723146006, 4.305910150272788, 3.765225949729826, 4.414781707515465, 4.223050831915839, 4.964226327747045, 3.9606354686817915, 3.7404541669866886, 4.220222531318655, 5.146415310794602, 4.361324781090471, 4.65488764661669, 4.609309591265972, 6.058942762691756, 5.1638206537923, 5.136744198701354, 5.4304676734543325, 6.074329546146005, 5.303709901936772, 4.9125005631207594, 5.056251257951282, 6.231487973016622, 5.317774631753468, 5.622764105889219, 5.566592951755007, 6.168732019249463, 5.568143814267767, 5.456155019299542, 5.703006649315954, 6.33328700811251, 5.69979821278711, 5.729457857919569, 5.781292044844866, 6.741566582730495, 5.802515781755601, 5.92801858298172, 5.93194595950207, 7.266223427838452, 6.434593040169224, 6.512903068684603, 6.37402137638213, 7.471543090588333, 7.105186827178484, 6.495180877727451, 6.430609542653402, 7.766950765719828, 6.6279850757454515, 6.70694650514794, 7.007702642313399, 7.8159908751246885, 6.882889975788394, 6.653081730920541, 6.758874674373279, 7.44369620670861, 6.781928404550207, 6.592493920155362, 6.4074513103431405, 7.089603016039143, 6.104208748432875, 6.17760438236569, 6.2570226608368475, 7.052585814835038, 6.146991564601266, 5.956203842003994, 6.101307247369527, 7.189670736250193, 7.2112366316294665, 6.970127987719095, 7.334047244686776, 8.687592499164683, 7.1269388564329486, 7.305283043826479, 7.97553199477641, 8.812389964913704, 7.412880325345011, 7.6741840380167226, 7.617510940953281, 8.843147879606109, 7.249399733660561, 7.221515839486586, 6.835737008067161, 7.630778927449098, 6.06196283174485, 6.122615413398683, 6.447571808225343, 7.219386725780286, 6.772362935975397, 6.924714057998886]}, "frame_states": [0, 0, 0, 0, 0, 0, 0, 0, 0, 0, 0, 0, 0, 1, 1, 1, 1, 1, 1, 1, 1, 1, 1, 1, 1, 1, 1, 1, 1, 0, 0, 0, 0, 0, 0, 0, 0, 0, 0, 0, 0, 0, 0, 0, 0, 0, 0, 0, 0, 0, 0, 0, 0, 0, 0, 0, 0, 0, 0, 0, 0, 0, 0, 0, 0, 0, 0, 0, 0, 0, 0, 0, 0, 0, 0, 1, 1, 1, 1, 1, 1, 1, 1, 1, 1, 1, 1, 1, 1, 1, 1, 1, 1, 1, 1, 0, 0, 0, 0, 0, 0, 0, 0, 0, 0, 0, 0, 0, 0, 0, 0, 0, 0, 0, 0, 0, 0, 0, 0, 0, 0, 0, 0, 0, 0, 0, 0, 0, 0, 0, 0, 0, 0, 0, 0, 0, 0, 0, 0, 0, 0, 0, 0, 0, 0, 0, 0, 0, 0, 0, 0]}