{"phase1": {"shift_vectors": [[-9, -38], [3, 0], [6, -3], [3, 0], [3, 0], [2, 1], [-6, 3], [-5, 4], [-4, 3], [-3, 2], [-1, 0], [-1, 0], [5, 0], [3, -2], [-9, -8], [3, -2], [3, -2], [3, -2], [4, -3], [-1, 0], [-4, 3], [-5, 4], [-5, 4], [5, 0], [7, 0], [8, -3], [11, -12], [7, -6], [11, -6], [4, -3]], "stand_dev": [70.55964313134159, 70.46329429606858, 70.2417757112573, 70.08765126574785, 69.94303420165555, 69.98669442714288, 70.87248727889938, 71.49733324034611, 71.84958073169693, 72.07032895114823, 71.61037054104472, 71.81093838652009, 71.7964380183667, 71.64145225620206, 71.28234669568253, 71.14656542104964, 70.98792648125503, 70.78846962757632, 70.36211587667685, 70.40433750206228, 70.5100091482813, 70.52379355395858, 70.3265870083924, 69.80421020896185, 68.69692194546093, 67.97535090492129, 66.23624243641314, 65.46415968904046, 64.95320334836705, 64.89589987154976], "rmsdiffs": [10.040141254813685, 7.236531966811217, 8.027755677974211, 7.332526357768607, 7.349322218144235, 7.429392757067301, 8.26578237587926, 7.505493284489073, 7.523897413718648, 7.4968486578102205, 8.433413899792686, 7.4051840038186825, 7.150706760461041, 6.903306111318622, 7.55141634720726, 6.595069341367504, 5.999731407825746, 5.743504171896871, 6.413308098147462, 5.126864288916519, 6.788667198018952, 6.812618528230013, 6.9938146482179695, 4.84989875515542, 5.259783631924449, 4.0592124161144465, 5.366903392954941, 6.497068234622761, 7.607803250309517, 6.57943464426719]}, "frame_states": [0, 0, 0, 0, 0, 0, 0, 0, 0, 0, 0, 0, 0, 1, 1, 1, 0, 0, 0, 0, 0, 0, 0, 0, 0, 0, 0, 0, 0, 0]}