{
    "frame_states": [
        0, 
        0, 
        0, 
        0, 
        0, 
        0, 
        0, 
        0, 
        0, 
        0, 
        0, 
        0, 
        0, 
        0, 
        0, 
        0, 
        0, 
        0, 
        0, 
        0, 
        0, 
        0, 
        0, 
        0, 
        0
    ], 
    "phase1": {
        "rmsdiffs": [
            9.043723240824978, 
            5.541247223900341, 
            5.6413670094535044, 
            5.684424008238123, 
            5.450877344941847, 
            6.3683984375821865, 
            5.318021525371894, 
            6.140119954094454, 
            5.58557817946567, 
            5.048335950427371, 
            5.704530939198969, 
            5.841084200873804, 
            5.4136818147326276, 
            5.524508771744159, 
            5.729329375082564, 
            5.960302176488377, 
            5.437994539419245, 
            5.683768276925069, 
            5.557321699961569, 
            6.583111859929664, 
            5.4958629951302775, 
            5.773654406229513, 
            5.965997113910917, 
            6.6137637871424735, 
            6.044426672304458
        ], 
        "shift_vectors": [
            [
                61, 
                2
            ], 
            [
                -1, 
                0
            ], 
            [
                -1, 
                0
            ], 
            [
                10, 
                -1
            ], 
            [
                6, 
                -1
            ], 
            [
                -4, 
                -1
            ], 
            [
                9, 
                -4
            ], 
            [
                9, 
                -2
            ], 
            [
                -3, 
                -2
            ], 
            [
                -3, 
                -2
            ], 
            [
                -4, 
                -1
            ], 
            [
                -12, 
                -1
            ], 
            [
                -1, 
                0
            ], 
            [
                -2, 
                1
            ], 
            [
                3, 
                2
            ], 
            [
                -13, 
                2
            ], 
            [
                -9, 
                2
            ], 
            [
                -9, 
                2
            ], 
            [
                -7, 
                2
            ], 
            [
                3, 
                2
            ], 
            [
                -5, 
                0
            ], 
            [
                1, 
                0
            ], 
            [
                3, 
                2
            ], 
            [
                8, 
                3
            ], 
            [
                3, 
                2
            ]
        ], 
        "stand_dev": [
            44.302506454377394, 
            43.80410079566061, 
            43.315473273333595, 
            43.34212027725039, 
            42.50569387806277, 
            42.218089240407785, 
            41.20408247649398, 
            39.84317985150604, 
            39.39771408204355, 
            38.725910000679924, 
            38.19450624907204, 
            38.569109893060215, 
            38.628486212217354, 
            38.68422979792078, 
            38.91172144032841, 
            39.22578565042205, 
            39.96676754797867, 
            40.836847303893514, 
            41.76527077928414, 
            42.26237966054091, 
            42.497674864724424, 
            42.58120521197638, 
            42.66475768384104, 
            42.91351305461833, 
            43.21581430349518
        ]
    }
}