{
    "frame_states": [
        1, 
        1, 
        1, 
        1, 
        1, 
        1, 
        1, 
        1, 
        1, 
        1, 
        1, 
        1, 
        1, 
        1, 
        1, 
        1, 
        1, 
        1, 
        1, 
        1, 
        1, 
        1, 
        1, 
        1, 
        1, 
        1, 
        1, 
        1, 
        1, 
        1, 
        1, 
        1, 
        1, 
        1, 
        1, 
        1, 
        1, 
        1, 
        1, 
        1, 
        1, 
        1, 
        1, 
        1, 
        1, 
        1, 
        1, 
        1, 
        1, 
        1, 
        1, 
        1
    ], 
    "phase1": {
        "rmsdiffs": [
            8.907151866514486, 
            6.318332934632116, 
            6.1988447239296285, 
            6.143245584925807, 
            6.589294299702242, 
            5.852502063429768, 
            5.596074896141008, 
            5.243346518599671, 
            6.08110321183302, 
            5.724703565806912, 
            5.23687137231066, 
            5.806021838093628, 
            6.41224213856665, 
            5.535113407888285, 
            5.315727984600019, 
            5.819942152309909, 
            8.700745815331075, 
            5.105559344458535, 
            5.2354621063687485, 
            5.396764327451322, 
            5.806334419229789, 
            5.544520731079235, 
            4.629860348971925, 
            4.673028304168478, 
            5.530236121831183, 
            4.880305275918601, 
            4.937863778586746, 
            5.061034194585328, 
            5.286423607784938, 
            4.675639707793965, 
            4.685366624596816, 
            4.78716732124248, 
            5.012531245146316, 
            4.529807671173193, 
            4.4805507166414, 
            4.4188051534916575, 
            5.458887058925153, 
            4.557849912712433, 
            4.50030621651765, 
            4.487315242691243, 
            5.06986873050293, 
            4.548836603974793, 
            4.580111970803959, 
            4.634341993990794, 
            4.984666106367268, 
            4.554425124068454, 
            4.555587999426438, 
            4.5518000474982205, 
            5.122455431093593, 
            4.480560418719655, 
            4.394003180938191, 
            4.258342023211123
        ], 
        "shift_vectors": [
            [
                1, 
                0
            ], 
            [
                1, 
                0
            ], 
            [
                3, 
                0
            ], 
            [
                5, 
                0
            ], 
            [
                7, 
                0
            ], 
            [
                5, 
                0
            ], 
            [
                5, 
                0
            ], 
            [
                3, 
                0
            ], 
            [
                5, 
                0
            ], 
            [
                -1, 
                0
            ], 
            [
                1, 
                0
            ], 
            [
                1, 
                0
            ], 
            [
                1, 
                0
            ], 
            [
                1, 
                0
            ], 
            [
                1, 
                0
            ], 
            [
                1, 
                0
            ], 
            [
                1, 
                0
            ], 
            [
                -1, 
                0
            ], 
            [
                -1, 
                0
            ], 
            [
                1, 
                0
            ], 
            [
                1, 
                0
            ], 
            [
                -1, 
                0
            ], 
            [
                -1, 
                0
            ], 
            [
                -1, 
                0
            ], 
            [
                -1, 
                0
            ], 
            [
                -1, 
                0
            ], 
            [
                -1, 
                0
            ], 
            [
                1, 
                0
            ], 
            [
                1, 
                0
            ], 
            [
                1, 
                0
            ], 
            [
                1, 
                0
            ], 
            [
                1, 
                0
            ], 
            [
                1, 
                0
            ], 
            [
                1, 
                0
            ], 
            [
                1, 
                0
            ], 
            [
                -1, 
                0
            ], 
            [
                -1, 
                0
            ], 
            [
                -1, 
                0
            ], 
            [
                -1, 
                0
            ], 
            [
                -1, 
                0
            ], 
            [
                -1, 
                0
            ], 
            [
                -1, 
                0
            ], 
            [
                -1, 
                0
            ], 
            [
                1, 
                0
            ], 
            [
                -1, 
                0
            ], 
            [
                1, 
                0
            ], 
            [
                1, 
                0
            ], 
            [
                1, 
                0
            ], 
            [
                1, 
                0
            ], 
            [
                1, 
                0
            ], 
            [
                1, 
                0
            ], 
            [
                -1, 
                0
            ]
        ], 
        "stand_dev": [
            65.71158643977297, 
            66.71112772962786, 
            67.72982235812205, 
            68.82909878411154, 
            70.43001626764543, 
            71.12965794189866, 
            71.64069056451018, 
            72.1176992033937, 
            72.6050037710661, 
            72.5439526388469, 
            72.46529030209852, 
            72.26503027332122, 
            72.4289391028394, 
            72.49172188810364, 
            72.5721929265416, 
            72.63615567274044, 
            67.64058223736599, 
            67.59885549243174, 
            67.61098175945398, 
            67.35848389920602, 
            66.7203562633656, 
            66.47002331391417, 
            66.3076176290359, 
            66.15931562565964, 
            65.54334238976095, 
            65.19603830081965, 
            64.84778369407888, 
            64.43072271346603, 
            63.7922729787512, 
            63.53943370448373, 
            63.33386126069489, 
            63.15825177083218, 
            62.98156718806334, 
            62.94956377406448, 
            62.89283872700089, 
            62.963127832131335, 
            63.05277460740029, 
            63.07419393057809, 
            62.83032584836057, 
            62.44474657818364, 
            61.37834779158972, 
            60.837746116359675, 
            60.20566325928532, 
            59.53137497212406, 
            57.716821304039684, 
            56.79376594380282, 
            55.711963906417736, 
            54.64878072303913, 
            53.026133843493064, 
            52.50968826234677, 
            52.20335477640938, 
            52.06533111879164
        ]
    }
}