{
    "frame_states": [
        0, 
        0, 
        0, 
        0, 
        0, 
        0, 
        0, 
        0, 
        0, 
        0, 
        0, 
        0, 
        0, 
        0, 
        0, 
        0, 
        0, 
        0, 
        0, 
        0, 
        0, 
        0, 
        0, 
        0, 
        0, 
        0, 
        0, 
        0, 
        0, 
        0, 
        0, 
        0, 
        0, 
        0, 
        0, 
        0, 
        0, 
        0, 
        0, 
        0, 
        0, 
        0, 
        0, 
        0, 
        0, 
        0, 
        0, 
        0, 
        0, 
        0, 
        0, 
        0, 
        0, 
        0, 
        0, 
        0, 
        0, 
        0, 
        0, 
        0, 
        0, 
        0, 
        0, 
        0, 
        0, 
        0, 
        0, 
        0, 
        0, 
        0, 
        0, 
        0
    ], 
    "phase1": {
        "rmsdiffs": [
            10.349080402932119, 
            6.899293349501161, 
            7.859264388044803, 
            6.358875154220551, 
            5.882989584679464, 
            6.470307131923776, 
            8.21226872238072, 
            7.559993979571415, 
            7.2310160857034385, 
            6.703759854681732, 
            8.013199653039782, 
            7.770207775447987, 
            7.8685162500518775, 
            7.706612304424957, 
            9.728224507338057, 
            8.14167368859533, 
            8.183009455157244, 
            7.698834256690874, 
            8.462308111789369, 
            6.57509539498173, 
            7.5272510248780105, 
            8.19501763736001, 
            9.151586570351537, 
            7.388926694207646, 
            6.1163292407277465, 
            5.8221463280348065, 
            8.747401489486547, 
            7.03567780943365, 
            7.221769118789391, 
            7.351259532426529, 
            8.364646253827217, 
            7.168681836745827, 
            6.379798791462102, 
            6.96512219407428, 
            7.681784280292796, 
            6.263426962078782, 
            5.621199539488863, 
            6.272563614097044, 
            7.439660416805883, 
            5.349502329050857, 
            7.364806119741402, 
            7.240350677750189, 
            7.849867584889207, 
            6.986997430303969, 
            5.708562865926689, 
            6.252489316155481, 
            7.149469952968958, 
            7.132095880831258, 
            7.269990334121061, 
            7.188681483969843, 
            7.799020586161425, 
            5.782519739050321, 
            5.163069826809956, 
            5.3044327319277516, 
            6.71735587382888, 
            5.303846745272679, 
            5.0988886484691, 
            5.053045143121209, 
            6.214588144310026, 
            4.407819068549386, 
            5.1248554803203605, 
            5.167596144460514, 
            6.038737184507978, 
            5.444109088710399, 
            4.995578331469734, 
            5.823449410144822, 
            6.062848751075806, 
            6.213151838865977, 
            4.963169778210289, 
            6.304604482170877, 
            6.552517291800494, 
            4.71977980883846
        ], 
        "shift_vectors": [
            [
                4, 
                49
            ], 
            [
                -10, 
                -9
            ], 
            [
                -18, 
                -15
            ], 
            [
                -43, 
                -6
            ], 
            [
                -37, 
                -10
            ], 
            [
                -48, 
                -5
            ], 
            [
                -34, 
                25
            ], 
            [
                -11, 
                10
            ], 
            [
                -14, 
                3
            ], 
            [
                -19, 
                2
            ], 
            [
                -50, 
                1
            ], 
            [
                -34, 
                -11
            ], 
            [
                -45, 
                -16
            ], 
            [
                -47, 
                -16
            ], 
            [
                -27, 
                -34
            ], 
            [
                -59, 
                -4
            ], 
            [
                -62, 
                -1
            ], 
            [
                -63, 
                0
            ], 
            [
                -63, 
                0
            ], 
            [
                -63, 
                0
            ], 
            [
                -63, 
                0
            ], 
            [
                -63, 
                0
            ], 
            [
                -50, 
                -1
            ], 
            [
                -53, 
                6
            ], 
            [
                -58, 
                3
            ], 
            [
                -51, 
                2
            ], 
            [
                -59, 
                4
            ], 
            [
                -43, 
                4
            ], 
            [
                -42, 
                3
            ], 
            [
                -40, 
                1
            ], 
            [
                -63, 
                0
            ], 
            [
                -24, 
                -1
            ], 
            [
                -23, 
                -2
            ], 
            [
                -19, 
                0
            ], 
            [
                -21, 
                0
            ], 
            [
                -18, 
                -9
            ], 
            [
                -19, 
                -14
            ], 
            [
                -22, 
                -11
            ], 
            [
                -23, 
                -24
            ], 
            [
                -12, 
                -17
            ], 
            [
                -17, 
                -16
            ], 
            [
                -2, 
                -1
            ], 
            [
                -9, 
                10
            ], 
            [
                -11, 
                10
            ], 
            [
                -9, 
                8
            ], 
            [
                -19, 
                2
            ], 
            [
                -26, 
                9
            ], 
            [
                -8, 
                3
            ], 
            [
                -8, 
                3
            ], 
            [
                -7, 
                0
            ], 
            [
                2, 
                1
            ], 
            [
                3, 
                2
            ], 
            [
                1, 
                0
            ], 
            [
                1, 
                0
            ], 
            [
                1, 
                0
            ], 
            [
                1, 
                0
            ], 
            [
                1, 
                0
            ], 
            [
                -3, 
                -2
            ], 
            [
                -19, 
                -2
            ], 
            [
                -2, 
                1
            ], 
            [
                2, 
                1
            ], 
            [
                -2, 
                -1
            ], 
            [
                2, 
                -1
            ], 
            [
                1, 
                0
            ], 
            [
                -2, 
                -1
            ], 
            [
                -1, 
                0
            ], 
            [
                7, 
                2
            ], 
            [
