{"phase1": {"shift_vectors": [[-7, 50], [-5, -4], [-9, -8], [4, -3], [-4, -1], [1, 0], [13, -2], [4, 1], [6, 3], [2, 1], [-1, 0], [2, 1], [3, 2], [-1, 0], [-1, 0], [1, 0], [-5, -2], [-10, -1], [-11, 0], [-5, 0], [-1, 0], [5, -2], [-5, -4], [-3, -2], [-3, -2], [-4, -1], [-9, 0], [-2, 1], [2, 1], [-1, 0], [3, 2], [3, 2], [6, 1], [7, 0], [7, 0], [3, 0], [-1, 0], [1, 0], [6, 1], [-1, 0], [3, 0], [-1, 0], [-8, -3], [-10, -1], [-9, 0], [-7, 0], [-13, 0], [-3, 2], [-8, 3], [-19, 2], [-34, 1], [-8, 5], [-6, 5], [-3, 2], [-10, 1], [-6, 1], [-6, 1], [-5, 0], [-2, -1], [-12, -5], [-9, -2], [-7, -2], [-6, -3], [4, -3], [4, -3], [5, -2], [9, 0], [5, 0], [3, 0], [6, -1], [6, -1], [3, 0], [-2, 1], [-6, 1], [-6, 1], [-27, 2], [-14, 1], [-11, 0], [-12, 1], [-19, 4], [-10, 3], [-9, 2], [-11, 2], [-29, 2], [-13, 2], [-9, 2], [-8, 3], [-21, 4], [-12, 1], [-12, 1], [-10, 1], [-17, 0], [-6, -1], [-2, -1], [-2, -1], [-9, -4], [-6, -3], [-7, -2], [-2, -1], [-11, 2], [-6, 1], [-1, 0], [-2, -1], [-6, -1], [-1, 0], [-1, 0]], "stand_dev": [89.17329408181472, 88.68084452920704, 87.34221419090251, 87.34852883636455, 87.19427421532765, 87.19256523142438, 87.38125711364377, 87.42142333540778, 87.62625383220374, 87.68296436545461, 87.21060582851702, 86.92470935545444, 86.85529087042289, 86.64019842018202, 85.79029068959572, 85.43358512015202, 84.95877962585006, 84.46775060282857, 83.73566119851984, 83.22744667970285, 82.83878418767131, 82.34975867909894, 80.90654859472366, 79.93104018548289, 79.15623539954187, 78.48903625017311, 77.9606701505365, 77.96163262366392, 77.93868408659156, 77.99096595422358, 78.132112612284, 78.1917455065744, 78.14021845956668, 77.92419870629766, 77.71788775299042, 77.74726286928113, 77.93337282124584, 78.23633125411234, 79.25822519461595, 79.48074822384525, 79.50218453783219, 79.37642889828898, 79.20280772996125, 79.1795615509614, 79.33903207213491, 79.36358699337356, 79.57158969320436, 79.77373425451242, 79.81411087212396, 80.17581352185731, 80.78476828206954, 81.34958242564893, 81.84296311232255, 82.16019272794915, 82.18855769091893, 81.95231578895651, 81.46006424373371, 81.14360886908189, 80.69305563894353, 78.80934334790344, 78.13750483685584, 77.66782744626691, 77.48473012881203, 77.1167266605313, 76.74111648528974, 76.63093533685051, 76.70422223838914, 76.63909592222149, 76.5373803018891, 76.1455567522922, 75.77910041992422, 75.26577321363148, 75.09306647401901, 75.07871072555896, 75.02548342919168, 75.387877279282, 76.1456465923546, 76.8381354800782, 77.6673840050798, 79.27810176670563, 80.08725457975441, 80.74238628441482, 80.90730935788197, 82.0128497750829, 82.55844661987751, 83.11964799251605, 83.84496600399599, 84.41139320733959, 84.63262844468707, 84.80613996309339, 85.31975563342714, 86.57708098996824, 86.84712424955377, 86.99719457576131, 86.89232519271964, 86.16504028646564, 85.63493099143416, 85.15356325106616, 85.12841566450726, 85.3040212717575, 85.55682139208729, 85.77155818599135, 85.70144348571641, 85.93290366114591, 86.05888981322028, 86.17326644941927], "rmsdiffs": [9.528808472124702, 6.3203755248555, 7.366251474376146, 6.339146398015767, 6.1030366879121045, 5.79793229981392, 7.004705780875826, 5.693660541463307, 5.544867276214485, 5.604342061467345, 6.294706909154815, 5.4540993026932965, 5.591997555997913, 5.904383975522943, 5.997135683896016, 5.626059281237067, 5.511861217887341, 5.8477012147749825, 6.773159775200879, 5.654429429967067, 5.585735708136183, 5.103082044756718, 7.041344453813008, 5.821557425449773, 5.462845491374709, 5.531794606053949, 6.079323914458863, 5.7709531790381705, 5.617049003761444, 5.387500022693521, 6.192390313749023, 5.917866579835966, 6.028276209394123, 5.607266577967476, 6.8336052939112415, 6.041649659840009, 6.381185394483995, 6.689010872917408, 7.366724569283016, 6.176559125363245, 6.070075982352834, 6.181190864290025, 6.3570492334545365, 5.881740483449459, 5.96661634875949, 5.733976307064512, 6.539502574483236, 5.78996708961447, 5.859151737139208, 6.461334710976319, 7.491853075688233, 6.388937611296111, 6.315586340631031, 5.799535979469003, 6.428120424556349, 5.537955385513422, 5.304343887385082, 5.190185653867287, 4.995539002431798, 6.6506123790667875, 5.3990163134148945, 5.3074148530316005, 6.073961604238086, 5.364592885368764, 5.482197928266901, 5.162363586629119, 5.659028521176274, 4.605835717833143, 4.751171052869637, 5.4332605498406865, 5.541454556471869, 6.445992877425803, 5.559253263264781, 5.409434668013092, 5.282817153608494, 6.01101611583064, 5.3799016632677965, 5.619562476171972, 5.497030616529547, 6.556729025011428, 6.280736435417393, 6.023186186319995, 5.379024293916126, 6.420300533457837, 5.746192168674489, 5.807920918132649, 5.674536485295021, 6.421059908342047, 5.737523094928409, 5.679245751095161, 5.642889184307682, 6.424745458001198, 5.411838659845816, 5.334864992194426, 4.987260777184177, 5.689984118162736, 5.387423807922015, 5.24682167150478, 5.19931664071772, 6.233034634134998, 5.762481205479698, 4.98748520741066, 5.107667535575059, 5.873566462093652, 5.4652249457073, 5.00574700149229]}, "frame_states": [0, 0, 0, 0, 0, 0, 0, 0, 0, 0, 0, 0, 0, 1, 1, 1, 1, 1, 1, 1, 1, 1, 1, 1, 1, 1, 1, 1, 1, 1, 1, 1, 1, 1, 1, 1, 1, 1, 0, 0, 0, 0, 0, 0, 0, 0, 0, 0, 0, 0, 0, 0, 0, 0, 0, 0, 0, 0, 0, 0, 0, 0, 0, 0, 0, 0, 0, 0, 0, 0, 0, 0, 0, 0, 0, 0, 0, 0, 0, 0, 0, 0, 0, 0, 0, 0, 0, 0, 0, 0, 0, 0, 0, 0, 0, 0, 0, 0, 0, 0, 0, 1, 1, 1, 1, 1]}