{"phase1": {"shift_vectors": [[-8, -49], [-2, 11], [25, 8], [8, -1], [10, -1], [12, -1], [5, 0], [5, -4], [5, -4], [5, -4], [5, -2], [1, 0], [-2, 1], [3, 2], [13, -2], [5, -4], [6, -5], [8, -5], [9, -4], [3, 0]], "stand_dev": [50.913923186260085, 50.17090096988025, 49.99665347881636, 49.923971285423335, 49.827456527841214, 49.817098259542426, 48.6392326888758, 47.68872205961636, 46.92501802311912, 47.13097923537762, 47.95486040448734, 49.069644453905354, 50.251035698628, 50.85745685934581, 51.74293410219851, 51.717391255694494, 51.52364598598197, 50.909829268182776, 50.528113206450605, 50.5413569639056], "rmsdiffs": [10.224130338663397, 7.508743739188451, 8.644751343707387, 7.265421414512292, 7.081456841242821, 7.457460277055809, 8.100628060720213, 7.406200132792227, 7.318650632790496, 7.37933844848993, 8.385034417451736, 7.40482355821935, 7.493194229621854, 7.4357256572168895, 8.359765800916104, 7.325700318961389, 7.412229270306414, 7.287202825046889, 7.916268452992236, 7.100789737502083]}, "frame_states": [0, 0, 0, 0, 0, 0, 0, 0, 0, 0, 0, 0, 0, 0, 0, 0, 0, 0, 0, 0]}