{"phase1": {"shift_vectors": [[-9, 0], [4, 3], [3, 2], [4, 1], [2, 1], [8, 3], [1, 0], [1, 0], [2, 1], [6, 1], [3, 0], [2, 1], [5, 2], [11, 6], [4, 3], [4, 3], [3, 2], [5, 4], [3, 2], [3, 2], [2, 1], [-3, 0], [-4, -1], [-4, -1], [-3, -2], [-6, -3], [-4, -1], [-2, -1], [-2, -1], [-7, 0], [-3, 2], [2, 1], [3, 2], [6, 3], [3, 2], [4, 1], [4, 1]], "stand_dev": [50.5531996187653, 50.96818361153548, 51.07500108670682, 51.27038815311561, 51.47846692235522, 51.8981761395467, 51.884033808332035, 51.7833056300402, 51.487265492944616, 50.85248873919085, 50.49160967065059, 50.379800747689586, 50.45736020211132, 51.07730499216992, 51.380319446782984, 51.94770314815359, 52.209492162099615, 52.871434902082285, 53.260303427523056, 53.91046263569224, 54.16818567900358, 53.911087921290125, 53.72374922838989, 53.61222600117266, 53.68513390830997, 53.16893056897544, 53.00268657433931, 53.270444825086116, 53.180093255906264, 53.589136723391604, 53.98644838260946, 54.14235329344057, 54.43398455019269, 54.82932306545186, 55.15807501173352, 55.38927648666922, 55.29337525940781], "rmsdiffs": [10.244466679744045, 6.515566066448307, 5.883888749159454, 5.944209516494603, 5.932080659449831, 6.8683216524664035, 6.135375076910672, 6.228939826168229, 6.341134918440004, 7.207520637090423, 6.514376150754975, 6.686051916209349, 6.769144157810309, 7.528214827240604, 6.498854109280911, 6.3376340408550735, 6.256190465380754, 7.011867318170157, 6.062148711557945, 6.18401762348175, 5.9898276660916725, 6.525206395731091, 5.997867051955194, 6.04338180921465, 6.175363042456551, 6.736068343155455, 5.990117735495699, 5.9622436390222875, 5.9627961161166505, 6.905196939838379, 6.441363865554478, 6.3177457202516525, 6.552025354581052, 7.295971689312612, 6.350753762634923, 6.276234859909891, 6.683741448300264]}, "frame_states": [0, 0, 0, 0, 0, 0, 0, 0, 0, 0, 0, 0, 0, 0, 0, 0, 0, 0, 0, 1, 1, 1, 1, 1, 1, 1, 1, 1, 1, 1, 1, 1, 1, 1, 1, 1, 1]}