{
    "frame_states": [
        0, 
        0, 
        0, 
        0, 
        0, 
        0, 
        0, 
        0, 
        0, 
        0, 
        0, 
        0, 
        0, 
        0, 
        0, 
        0, 
        0, 
        0, 
        0, 
        0, 
        0, 
        0, 
        0, 
        0, 
        0, 
        0, 
        0, 
        0, 
        0, 
        0, 
        0, 
        0
    ], 
    "phase1": {
        "rmsdiffs": [
            7.873360080570596, 
            3.423696044354026, 
            5.501267437230652, 
            3.683320590587222, 
            4.915928957310776, 
            6.022631688710434, 
            5.2448778771605165, 
            5.1549300235532485, 
            5.252133955408269, 
            6.208990584288366, 
            3.2343485203722535, 
            3.3321205456594964, 
            3.4262564681678396, 
            3.3822893708741395, 
            2.892810663430961, 
            3.986124979128138, 
            4.734877332669168, 
            4.9179015003283295, 
            3.3551571479745763, 
            3.121386451886488, 
            3.2303934222195907, 
            3.726859690350808, 
            3.607893528642802, 
            3.6278722600546205, 
            3.2934837240270776, 
            3.134589071390001, 
            3.1679669606402463, 
            3.115065832555253, 
            3.7704781958093725, 
            4.731341823591381, 
            4.151333076233374, 
            3.706307690850602
        ], 
        "shift_vectors": [
            [
                -14, 
                49
            ], 
            [
                -5, 
                -34
            ], 
            [
                9, 
                -8
            ], 
            [
                3, 
                -14
            ], 
            [
                9, 
                -8
            ], 
            [
                -9, 
                8
            ], 
            [
                -6, 
                5
            ], 
            [
                -5, 
                4
            ], 
            [
                -5, 
                4
            ], 
            [
                -9, 
                8
            ], 
            [
                5, 
                4
            ], 
            [
                6, 
                3
            ], 
            [
                3, 
                0
            ], 
            [
                11, 
                -4
            ], 
            [
                5, 
                -4
            ], 
            [
                7, 
                -6
            ], 
            [
                9, 
                -8
            ], 
            [
                11, 
                -10
            ], 
            [
                2, 
                -1
            ], 
            [
                1, 
                0
            ], 
            [
                1, 
                0
            ], 
            [
                -2, 
                1
            ], 
            [
                -3, 
                2
            ], 
            [
                -5, 
                4
            ], 
            [
                -4, 
                3
            ], 
            [
                -7, 
                6
            ], 
            [
                -3, 
                2
            ], 
            [
                -2, 
                1
            ], 
            [
                1, 
                0
            ], 
            [
                7, 
                -6
            ], 
            [
                5, 
                -4
            ], 
            [
                4, 
                -3
            ]
        ], 
        "stand_dev": [
            46.09492255170717, 
            45.882425684868, 
            46.377350664871244, 
            46.05631586235803, 
            48.13857118993751, 
            48.56383917994689, 
            48.64336323198362, 
            48.580641157197945, 
            48.50687918137529, 
            49.24815283660278, 
            49.66512859355198, 
            50.242742594319715, 
            50.426000123672345, 
            49.870689971979104, 
            49.86689020173436, 
            48.92622082927188, 
            48.74773840361355, 
            50.520393639123526, 
            51.346750401336976, 
            51.397730947960305, 
            51.600822489810916, 
            51.59299133302214, 
            51.101888647505, 
            51.026493988770184, 
            50.9612333124454, 
            50.90763414664514, 
            51.009123399019366, 
            51.22743015844998, 
            51.23265315494934, 
            50.8626471319892, 
            51.17811006447779, 
            51.291096175313065
        ]
    }
}