{"phase1": {"shift_vectors": [[-14, -47], [29, -2], [63, 0], [31, 0], [31, 0], [26, 3], [45, 18], [15, 4], [13, 4], [11, 6], [-10, 17], [-19, 14], [-22, 11], [-13, 4], [-29, 8], [-18, 5], [-21, 0], [-25, -4], [-38, -9], [-27, -4], [-30, -1], [-31, 0], [-61, 2], [-38, 1], [-42, 1], [-37, 2], [-55, 0], [-27, 0], [-23, 0], [-29, -2], [-57, -2], [37, 2], [42, -3], [45, -10], [30, -7], [42, 1], [42, 3], [46, 5]], "stand_dev": [64.20928709378008, 62.1198915668496, 58.15784855060615, 54.72274615009467, 49.263585586423524, 43.67929545286213, 46.037602935687424, 47.045965183311935, 46.680475486611165, 45.85641211991595, 42.09245808023687, 40.88881311805702, 40.423178361732916, 40.999825174858245, 41.481341159865806, 42.738907159531934, 44.77962260015065, 47.069811621316624, 52.21941134693245, 52.47721832161165, 53.05496224083318, 52.716518325736416, 52.583206860334286, 52.05958058916067, 51.35756842263525, 50.28694273627159, 47.38853680919879, 45.92698038515375, 45.47977289484086, 47.24397977231059, 51.87870249501665, 53.1757364906724, 53.60464342024642, 51.494395801525606, 50.704029010944566, 51.43274873742113, 51.861718128189956, 52.3946498882299], "rmsdiffs": [10.132550208733596, 5.293470371237317, 8.204895257186287, 7.339292622686678, 7.958857843426181, 8.392929898097687, 9.574915474268055, 7.843237121197206, 7.599515691609615, 7.345084194693157, 7.752327048568218, 7.506396454483917, 7.771855906703852, 7.281916733211649, 7.784370165509828, 6.846103074305632, 6.896516281112696, 6.8512180536642155, 8.101827316856612, 7.023514507351187, 6.864388015180957, 6.815051572281678, 7.716727391184485, 7.198254625570047, 7.397303717627806, 7.567372521527445, 8.669503973428881, 8.510412754339805, 8.730163386000475, 8.6969345377833, 9.241858389489149, 7.311255675042844, 7.692098003568642, 7.3993277005528055, 9.393553994024183, 7.374907420627963, 7.577188986816017, 6.923075901667375]}, "frame_states": [0, 0, 0, 0, 0, 0, 0, 0, 0, 0, 0, 0, 0, 0, 0, 0, 0, 0, 0, 0, 0, 0, 0, 0, 0, 0, 0, 0, 0, 0, 0, 0, 0, 0, 0, 0, 0, 0]}