{
    "frame_states": [
        0, 
        0, 
        0, 
        0, 
        0, 
        0, 
        0, 
        0, 
        0, 
        0, 
        0, 
        0, 
        0, 
        0, 
        0, 
        0, 
        0, 
        0, 
        0, 
        0, 
        0, 
        0, 
        0, 
        0, 
        0, 
        0, 
        0, 
        0, 
        0, 
        0, 
        0, 
        0, 
        0, 
        0, 
        0, 
        0, 
        0, 
        0, 
        0, 
        0, 
        0, 
        0, 
        0, 
        0, 
        0, 
        0, 
        0, 
        0, 
        0, 
        0, 
        0, 
        0, 
        0, 
        0, 
        0, 
        0, 
        0, 
        0, 
        0, 
        0, 
        0, 
        0, 
        0, 
        0, 
        0, 
        1, 
        1, 
        1, 
        1, 
        1, 
        1, 
        1, 
        1, 
        1, 
        1, 
        1, 
        1, 
        1, 
        1, 
        1, 
        1, 
        1, 
        1, 
        1, 
        1, 
        1, 
        1, 
        1, 
        1, 
        1, 
        1, 
        1, 
        1, 
        1, 
        1, 
        1, 
        1, 
        1, 
        1, 
        1, 
        1, 
        1, 
        1, 
        1, 
        1
    ], 
    "phase1": {
        "rmsdiffs": [
            9.599845070199233, 
            7.16564717489134, 
            6.529324560657606, 
            6.631726161016027, 
            6.688745880881744, 
            7.452661069092939, 
            6.9169605289414005, 
            7.155526310241391, 
            7.21602183537501, 
            8.156915655645516, 
            7.129733596723963, 
            7.277680414852761, 
            7.077572139425963, 
            8.21721138690498, 
            7.465841471040204, 
            7.313180017207311, 
            7.541041571689687, 
            8.230428789056873, 
            6.794520524427092, 
            6.748912770710436, 
            6.615597028074341, 
            7.586290223515156, 
            6.715072807626441, 
            6.649769385742901, 
            6.790389976444644, 
            7.561174071880159, 
            6.611433945308618, 
            9.867326896846688, 
            5.787926785280241, 
            6.911910129308317, 
            5.674036295298844, 
            5.752427725653619, 
            5.371515423055228, 
            6.003668459816856, 
            5.244212515759669, 
            5.845238850644768, 
            6.126272714784895, 
            6.510379762561835, 
            5.434670232563974, 
            5.629342977827182, 
            5.275867966602868, 
            6.6558317547687835, 
            6.270718009337576, 
            6.14874243491472, 
            5.767486364515878, 
            6.495246327856267, 
            5.843458176934997, 
            6.108101201843163, 
            6.418127142062419, 
            5.080605168513376, 
            4.784414165369691, 
            5.149841055644655, 
            5.3358576080274, 
            5.928074369560661, 
            6.150905136004766, 
            6.08080974587537, 
            6.112101595053977, 
            7.869054002864402, 
            6.264777483727676, 
            5.597025646469732, 
            5.502027327308831, 
            6.3801346259166, 
            5.139498758810662, 
            3.939978235475293, 
            4.565618385971569, 
            4.931535328226321, 
            4.676352754294133, 
            4.558598527640662, 
            4.414193031674176, 
            5.387710614454132, 
            4.6416438269326035, 
            4.474959401281623, 
            4.44371570707912, 
            5.128436055251614, 
            4.406192342531969, 
            4.694995479886105, 
            4.8776506928132095, 
            4.888440433198472, 
            4.521596238985075, 
            4.284146538649892, 
            4.795665967672354, 
            4.989629338673166, 
            4.499693894351831, 
            5.403548377886643, 
            5.4488245291789905, 
            6.370933336281605, 
            5.341011117434982, 
            5.064811218226965, 
            5.089386752839093, 
            5.63062919760204, 
            4.619160724712912, 
            4.832851073939489, 
            4.53468232614569, 
            5.289518645437983, 
            4.718441440664104, 
            4.952746630179139, 
            5.261234264414205, 
            5.207941118453739, 
            4.315174266385505, 
            4.534614451216214, 
            4.706789197031929, 
            5.913219117880932, 
            5.208430198218481, 
            5.145910668529166, 
            5.114604619354865
        ],