{
    "frame_states": [
        0, 
        0, 
        0, 
        0, 
        0, 
        0, 
        0, 
        0, 
        0, 
        0, 
        0, 
        0, 
        0, 
        0, 
        0, 
        0, 
        0, 
        0, 
        0, 
        0, 
        0, 
        0, 
        0, 
        0, 
        0, 
        0, 
        0, 
        1, 
        1, 
        1, 
        1, 
        1, 
        1, 
        1, 
        1, 
        1, 
        1, 
        1, 
        1, 
        1, 
        1, 
        0, 
        0, 
        0, 
        0, 
        0, 
        0, 
        0, 
        0, 
        0, 
        0, 
        0, 
        0, 
        0, 
        0, 
        0, 
        0, 
        0, 
        0, 
        0, 
        0, 
        0, 
        0, 
        0, 
        0, 
        0, 
        0, 
        0, 
        0, 
        0, 
        0, 
        0, 
        0, 
        0, 
        0, 
        0, 
        0
    ], 
    "phase1": {
        "rmsdiffs": [
            10.176353025614777, 
            6.66782938340428, 
            6.281627843026721, 
            6.749791209469574, 
            6.4971244767987475, 
            6.5030426525749325, 
            5.936706932441034, 
            6.7066804500615005, 
            5.550907157850859, 
            5.763340666626606, 
            5.676580780233707, 
            6.825802317143918, 
            6.514773615136379, 
            6.218804855271276, 
            6.391847237779632, 
            7.802564719336394, 
            6.970490452503518, 
            6.751338359145339, 
            6.774764073278683, 
            7.516353987289578, 
            6.472856917151085, 
            6.297202355052955, 
            6.263465819620453, 
            6.958196608621809, 
            6.099353468331038, 
            5.961180424801245, 
            6.1208586366911355, 
            6.977028966378755, 
            6.00869261722789, 
            6.087691508049553, 
            6.204860601704771, 
            7.364274037617292, 
            6.525759035496315, 
            6.539786678595203, 
            6.594714606172801, 
            6.696737249111701, 
            7.669191912402315, 
            6.885395859208161, 
            6.774884339582775, 
            6.8102329747141175, 
            7.267564740135817, 
            6.5569870588981765, 
            6.6363276795546, 
            7.327883045986976, 
            6.5275556526133, 
            6.407327293385243, 
            6.410171406664345, 
            6.396183188600132, 
            7.217419976079479, 
            6.393655096847713, 
            6.421305921662386, 
            6.415276471575262, 
            7.618040148972462, 
            6.808967651767004, 
            6.598003948119027, 
            6.562138609761452, 
            7.519122191347196, 
            6.486928303068244, 
            6.572692216511049, 
            6.784225317140067, 
            7.803568575591325, 
            6.6528335350976855, 
            6.817380662408101, 
            6.974659529722978, 
            7.846245640381707, 
            7.270140759756076, 
            7.088891731677653, 
            6.923163606897607, 
            8.025413317237245, 
            6.902581859108982, 
            7.024052684821277, 
            7.0839725159453275, 
            7.7958879186724195, 
            6.67950953325652, 
            7.720896638212377, 
            7.95996546246737, 
            7.103801392335001
        ], 
        "shift_vectors": [
            [
                53, 
                -4
            ], 
            [
                5, 
                -4
            ], 
            [
                6, 
                -5
            ], 
            [
                -18, 
                -7
            ], 
            [
                10, 
                -7
            ], 
            [
                11, 
                -6
            ], 
            [
                -11, 
                -4
            ], 
            [
                -27, 
                -4
            ], 
            [
                -9, 
                2
            ], 
            [
                -11, 
                4
            ], 
            [
                -17, 
                4
            ], 
            [
                -15, 
                8
            ], 
            [
                1, 
                0
            ], 
            [
                -11, 
                0
            ], 
            [
                -15, 
                0
            ], 
            [
                14, 
                -5
            ], 
            [
                6, 
                -5
            ], 
            [
                12, 
                -7
            ], 
            [
                15, 
                -6
            ], 
            [
                10, 
                -9
            ], 
            [
                5, 
                -4
            ], 
            [
                4, 
                -3
            ], 
            [
                6, 
                -3
            ], 
            [
                5, 
                -4
            ], 
            [
                3, 
                -2
            ], 
            [
                1, 
                0
            ], 
            [
                1, 
                0
            ], 
            [
                3, 
                -2
            ], 
            [
                2, 
                -1
            ], 
            [
                3, 
                -2
            ], 
            [
                4, 
                -3
            ], 
            [
                6, 
                -5
            ], 
            [
                3, 
                -2
            ], 
            [
                3, 
                -2
            ], 
            [
                3, 
                -2
            ], 
            [
                3, 
                -2
            ], 
            [
                4, 
                -3
            ], 
            [
                2, 
                -1
            ], 
            [
                2, 
                -1
            ], 
            [
                1, 
                0
            ], 
            [
                -8, 
                -3
            ], 
            [
                1, 
                0
            ], 
            [
                1, 
                0
            ], 
            [
                1, 
                0
            ], 
            [
                7, 
                0
            ], 
            [
                6, 
                -1
            ], 
            [
                5, 
                0
            ], 
            [
                7, 
                0
            ], 
            [
                15, 
                0
            ], 
            [
                9, 
                0
            ], 
            [
                10, 
                -1
            ], 
            [
                10, 
                -1
            ], 
            [
                27, 
                -2
            ], 
            [
                11, 
                -2
            ], 
            [
                10, 
                -1
            ], 
            [
                11, 
                0
            ], 
            [
                25, 
                -2
            ], 
            [
                12, 
                -1
            ], 
            [
                10, 
                -1
            ], 
            [
                9, 
                0
            ], 
            [
                23, 
                0
            ], 
            [
                13, 
                0
            ], 
            [
                14, 
                -1
            ], 
            [
                15, 
                0
            ], 
            [
                29, 
                0
            ], 
