{"phase1": {"shift_vectors": [[4, -59], [-5, 0], [-4, 1], [-2, 1], [-14, 5], [-2, 1], [-2, 1], [2, 1], [3, 2], [2, 1], [4, 1], [3, 2], [7, 2], [2, 1], [-1, 0], [2, 1], [3, 2], [2, 1], [2, 1], [2, 1], [3, 2], [1, 0], [1, 0], [1, 0], [1, 0], [1, 0], [1, 0], [1, 0], [4, 1], [1, 0], [1, 0], [1, 0]], "stand_dev": [87.80351688510856, 88.64632952548874, 89.62813620882777, 90.52661852392664, 92.2271708032069, 92.83153817352553, 93.22122746407145, 93.46479350739017, 93.90566768207269, 94.184616388939, 94.39335929611643, 94.50932281644144, 94.98546088842863, 94.89391016107314, 94.22934757489921, 93.61533475667403, 92.24697302710965, 91.70700695359541, 91.29802303746135, 90.82403856647957, 90.13989425776687, 89.6181525986937, 89.08522972440734, 88.75159704586353, 88.23931688381546, 88.13015302479278, 87.95498360560441, 87.6606908957409, 87.3066098939573, 87.14079417300796, 86.912579097999, 86.71083886899444], "rmsdiffs": [9.519573850721345, 5.549347537570377, 5.508973935254133, 5.538562163383468, 6.550757518421646, 5.124475080037316, 5.071905485245556, 5.15581942631252, 5.893081169688718, 5.264905143317054, 5.348460037414086, 5.415251388282133, 5.850504011314331, 5.078259541689071, 4.923169046661571, 5.01475499484605, 5.764150258544778, 5.213727394561533, 5.118112714533, 4.947674616633985, 5.638664475483797, 5.052518047406713, 4.8448170916674185, 4.980866276517098, 5.516847940450463, 4.765584305727437, 4.724460023941677, 4.753829140506728, 5.704156257413907, 5.035044981829741, 4.8829006397452694, 5.048369327203564]}, "horizontal_movement": [[4.722222222222222, 5.923076923076923, 15.266666666666667, 6.857142857142857, 7.615384615384615, 6.333333333333333, 17.88235294117647, 9.25, 10.2, 5.625, 8.6, 0.3333333333333333, -9.333333333333334, -12.0, -25.333333333333332, -10.666666666666666, -11.0, -11.333333333333334, -21.5, -11.0, -1.0, -1.0, -2.5, 0.5, -0.5, 2.0, -25.0, 11.0, 10.0, 7.333333333333333, -0.5, 7.0, 0.0], [-6.866666666666666, -5.071428571428571, -4.8, -4.066666666666666, -4.375, -4.090909090909091, -5.666666666666667, -1.7272727272727273, -3.6, -2.5, -3.375, -3.9166666666666665, -13.384615384615385, -14.076923076923077, -30.1, -13.529411764705882, -12.705882352941176, -12.222222222222221, -27.545454545454547, -11.846153846153847, -0.3076923076923077, 0.0, -6.4, 0.9411764705882353, 0.6190476190476191, 0.55, -2.125, 0.631578947368421, 3.9523809523809526, 5.086956521739131, 0.5714285714285714, 5.96, 0.32], [3.8333333333333335, 4.3125, -3.875, -2.4615384615384617, 1.6666666666666667, 1.5, -9.8, 1.4444444444444444, -0.2727272727272727, 0.38461538461538464, -11.857142857142858, 0.75, -12.5, -8.75, -20.4, -8.866666666666667, -7.5, -8.11111111111111, -20.6, -5.409090909090909, 4.041666666666667, 2.5, 1.5714285714285714, 0.36, 0.5833333333333334, -0.782608695652174, -2.75, 4.137931034482759, 3.129032258064516, 1.3043478260869565, -4.25, 3.8, -4.461538461538462], [1.358974358974359, 2.871794871794872, 2.4516129032258065, 2.024390243902439, 1.5853658536585367, 1.6153846153846154, 6.1875, 3.7, 2.3658536585365852, 2.5238095238095237, 4.666666666666667, -0.21951219512195122, -9.75, -10.13953488372093, -22.542857142857144, -10.69047619047619, -10.775, -10.390243902439025, -22.419354838709676, -10.552631578947368, -0.36585365853658536, 0.09523809523809523, -1.9642857142857142, -0.2702702702702703, -0.12121212121212122, -0.3333333333333333, -3.1666666666666665, -1.1764705882352942, -0.5882352941176471, -1.6, -1.6428571428571428, -0.12121212121212122, -6.1], [-3.7777777777777777, -2.125, -7.392857142857143, -3.088235294117647, -2.4722222222222223, -2.1052631578947367, -0.5454545454545454, -0.65, -0.875, -1.894736842105263, -2.6666666666666665, -1.6388888888888888, -11.454545454545455, -12.617647058823529, -24.0, -11.32258064516129, -10.166666666666666, -9.535714285714286, -18.958333333333332, -9.538461538461538, 0.42857142857142855, 0.8666666666666667, -3.1153846153846154, -1.4444444444444444, -1.0952380952380953, -0.07317073170731707, -2.8, 0.7142857142857143, 1.1818181818181819, 0.23333333333333334, 0.45454545454545453, 2.0, -2.125], [-8.266666666666667, -8.535714285714286, -20.833333333333332, -12.054054054054054, -10.82857142857143, -11.03448275862069, -15.705882352941176, -6.76, -6.0, -6.413793103448276, -11.941176470588236, -6.428571428571429, -13.78125, -14.871794871794872, -30.272727272727273, -10.787878787878787, -11.964285714285714, -10.89655172413793, -24.041666666666668, -13.36111111111111, -2.5789473684210527, -0.7714285714285715, -6.617647058823529, -2.41025641025641, 0.02631578947368421, -0.02702702702702703, -7.896551724137931, -1.7894736842105263, -1.972972972972973, -2.425, -5.0, -2.1025641025641026, -8.325], [-0.7692307692307693, 1.25, 1.9230769230769231, 1.8235294117647058, 1.875, 2.3529411764705883, 4.588235294117647, 3.55, 2.130434782608696, 2.0416666666666665, 4.181818181818182, 1.25, -8.92, -8.84, -20.791666666666668, -9.88888888888889, -9.862068965517242, -9.7, -20.70967741935484, -9.636363636363637, 0.42424242424242425, 1.0, 0.12121212121212122, -0.3055555555555556, 0.3611111111111111, -0.2857142857142857, -1.4074074074074074, -0.42857142857142855, 0.23529411764705882, -1.3888888888888888, 0.0967741935483871, -0.20588235294117646, -5.838709677419355], [4.608695652173913, 1.3076923076923077, 0.09090909090909091, 2.25, 2.0, 1.8, 0.05263157894736842, 0.8888888888888888, -0.0625, 0.1111111111111111, 3.923076923076923, -1.2380952380952381, -10.25, -12.95, -17.4, -7.76, -6.708333333333333, -6.038461538461538, -10.961538461538462, -5.625, 2.8518518518518516, 3.4642857142857144, 9.772727272727273, 2.5925925925925926, 4.533333333333333, 4.851851851851852, 10.92, 6.75, 6.133333333333334, 6.333333333333333, 16.62962962962963, 5.6875, 0.53125], [-12.96, -11.11111111111111, -5.0, -9.571428571428571, -6.785714285714286, -4.068965517241379, -5.423076923076923, -2.3225806451612905, -0.6363636363636364, -0.24242424242424243, 1.1923076923076923, 0.5, -9.083333333333334, -9.407407407407407, -19.08695652173913, -8.625, -9.125, -11.161290322580646, -21.21875, -9.114285714285714, -0.2972972972972973, 0.7142857142857143, -9.0, -3.081081081081081, -4.6, -6.361111111111111, -15.969696969696969, -4.368421052631579, -2.9473684210526314, -4.54054054054054, -4.052631578947368, -2.1794871794871793, -9.026315789473685]], "frame_states": [0, 0, 0, 0, 0, 0, 0, 0, 0, 0, 0, 0, 1, 1, 1, 1, 1, 1, 1, 1, 1, 1, 1, 1, 1, 1, 1, 1, 1, 1, 1, 1], "brightness": [115, 116, 116, 119, 120, 120, 121, 120, 120, 120, 120, 121, 121, 120, 120, 119, 119, 119, 119, 119, 119, 119, 120, 120, 120, 121, 120, 121, 121, 121, 121, 122, 122, 122],