{"phase1": {"shift_vectors": [[6, -31], [-4, -3], [-12, -3], [5, 4], [-3, 12], [-6, 11], [-5, 14], [-6, 3], [-7, 2], [-6, 1], [-12, 3], [-5, -2], [-6, -5], [-7, -6], [-7, -4], [-19, -2], [-10, -1], [-9, 0], [-10, 5], [-5, 4], [-3, 2], [3, 2], [6, 3], [-2, -1], [-1, 0], [-1, 0], [-1, 0], [3, 2], [-1, 0], [1, 0], [-1, 0], [3, 2], [2, 1], [3, 0], [5, 0], [11, -2], [7, 0], [7, 0], [3, 0], [3, 2], [-1, 0], [-1, 0], [-1, 0], [-3, 0], [-4, 1], [-3, 2], [-3, 2], [-5, 0], [-5, 0], [-2, 1], [-2, 1], [-5, 4], [3, 2], [4, 3], [3, 2], [7, 6], [-5, 4], [4, 3], [3, 2], [6, 5], [12, 5], [10, 7], [2, 1], [-5, -4], [-3, -2]], "stand_dev": [66.06661688696575, 65.67567599110048, 64.9089484989681, 65.99277529388799, 68.84825048412895, 72.1737911012221, 76.70413359326801, 77.65409180247781, 78.02932715461924, 78.41344398505542, 79.07303367372424, 78.60868503610824, 77.37206089241515, 75.94302269211428, 74.85489969842122, 74.49150531804698, 74.261748079895, 73.90950449560896, 74.49808941172715, 75.25126583664319, 76.14977921972832, 76.83063957644246, 78.06772744716197, 78.11077053899523, 78.13048971611029, 78.17590784219018, 78.3907375544639, 79.62098928577099, 79.8255365286891, 80.1962411949068, 80.36806680007889, 80.99437249480806, 81.50344144892276, 81.7436976889948, 81.83504946106069, 81.62185345121118, 81.64048684331355, 81.68666781827136, 81.78462982063103, 82.28905058489023, 82.35039862326659, 82.40040674489852, 82.49970874293172, 82.81700510330975, 82.97210529183087, 83.24396739919388, 83.42743481687789, 83.4671676818108, 83.58246719626156, 83.49220696100946, 83.42650868804522, 83.53146894274215, 83.72994654555731, 84.1572826767145, 84.51355489503611, 85.28862865931987, 85.68216028335532, 86.09104369106551, 86.41019877909694, 86.34632936228088, 85.43886602847331, 85.7743592121983, 85.58047549048335, 83.7667584033741, 83.06969075742401], "rmsdiffs": [9.592085892132898, 5.100554597911755, 6.637456301333885, 7.355607006690554, 5.628349563382605, 5.178812497619925, 6.182422473437981, 4.951170076791936, 4.837514469397144, 5.355993341567995, 5.826085168460775, 4.982206936563193, 4.822275717258385, 5.236331964820517, 5.196522624093417, 6.553006488907758, 5.166590289069154, 5.957186053882954, 7.096376872860073, 5.778011751463741, 5.774699821594224, 5.413097795326757, 6.048280449926066, 5.809273792898364, 5.642325132303732, 5.137036209620605, 5.167576526478943, 7.063345282766801, 5.128610242415138, 5.652182384735232, 5.9757785022581595, 6.2145363896480506, 5.117204987710375, 5.611266497339869, 5.925406837865711, 6.483381754234694, 6.090838964449383, 5.780023842402962, 5.666151052356872, 6.307861532084539, 5.051395560985644, 5.030361219046599, 5.126388170756631, 5.884730956775328, 5.550598133864878, 5.52769877292971, 5.34742503703589, 5.904561755017061, 5.599642220791869, 5.381483158184987, 5.321499455852718, 6.607931381614145, 6.34357732769152, 6.36830502692979, 6.07682949081989, 7.203702156880264, 5.407892986716883, 6.6548389476556356, 6.15462760774165, 6.158194311465571, 6.234611269365019, 5.657033495471235, 5.746686903786429, 7.085580107299496, 4.974192978974282]}, "frame_states": [0, 0, 0, 0, 0, 0, 0, 0, 0, 0, 0, 0, 0, 0, 0, 0, 0, 0, 0, 0, 0, 0, 0, 0, 1, 1, 1, 1, 1, 1, 1, 1, 1, 1, 1, 1, 1, 1, 1, 1, 1, 1, 1, 1, 1, 1, 1, 1, 1, 1, 1, 1, 1, 1, 1, 0, 0, 0, 0, 0, 0, 0, 0, 0, 0]}