{"phase1": {"shift_vectors": [[-40, -3], [6, 1], [6, 1], [7, 0], [19, 0], [5, 0], [5, 0], [3, 0], [2, -1], [1, 0], [-3, -2], [-3, -2], [-9, -8], [-5, -4], [-7, -4], [-6, -3], [-9, -2], [-9, 0], [-9, 0], [-10, 1], [-21, 8], [-14, 5], [-9, 4], [-7, 2], [-3, 0], [1, 0], [2, 1], [3, 0], [19, 8], [12, -3], [9, -4], [17, -6], [35, -14], [13, -6], [10, -5], [11, -4], [-5, -4], [19, -12], [-6, -3], [-3, -2], [-3, -2], [17, -4], [6, -1], [7, 0], [7, 0], [13, -2], [4, 1], [6, 3], [6, 3], [3, 2], [1, 0], [1, 0], [-1, 0], [3, 0], [2, 1], [3, 0], [5, 0], [11, 0], [5, 0], [7, 0]], "stand_dev": [42.71907601552662, 42.451389497075695, 42.2635000486658, 42.34445381729063, 41.90370293207662, 41.86109809166846, 41.934544107563646, 42.07814769818382, 42.37688163235552, 42.273193759160186, 42.26189601735646, 42.21290172845044, 41.79542090552552, 41.501608129497356, 41.20886036157489, 41.236138657252525, 41.945590996117446, 42.83434416391069, 43.2187971330539, 43.59275896692652, 45.26116493521464, 46.54366282627032, 47.62718796894615, 48.68162569068697, 50.987767377379434, 51.86606554168119, 52.80407495959407, 52.94907485654979, 53.25635169380144, 53.29913028683139, 53.60559800922779, 55.581908639216685, 56.09755751310864, 55.97801409014186, 55.873462127661504, 56.0777873628186, 56.48824548580775, 57.72644132294679, 58.816028410152555, 60.08418525809604, 61.69609224425779, 65.02637931468473, 66.48143931783265, 67.74419777589067, 68.97002807508396, 71.35655108201318, 72.9019796491365, 74.51683114595542, 75.80926018784393, 78.00965746023448, 78.80227368313173, 79.45411896203662, 79.78631467759051, 80.38700925870486, 80.61390566589803, 80.90844123329059, 81.03619486132501, 81.47772210919004, 81.47258361992574, 81.49267138781332], "rmsdiffs": [9.820218905218216, 3.9388905812102273, 3.7923170122727408, 4.053589372404439, 4.1087695163673335, 3.5532827107826863, 3.463067230890745, 3.511273613118927, 4.1822025629888415, 3.695489456496155, 3.530805246519871, 3.306243537233053, 4.429350640552189, 3.325749209311802, 3.3647388073633833, 3.12961338460284, 4.166886966762592, 2.961587887839466, 3.1649875994490584, 3.462433644649374, 4.931504139091117, 4.825772934675378, 5.119048738121352, 5.338502755874282, 6.321191092577838, 5.716075371188216, 5.816883978847599, 5.976052929549741, 7.197516737178495, 6.405853262495545, 6.511502122723211, 6.4287736040652135, 7.054675876816618, 6.285516858753464, 6.50255792418215, 6.424058577559871, 7.060326995787505, 7.120289397897775, 6.890913016499054, 6.7864630545459885, 6.859817325865506, 6.9569453295663095, 6.15276091498537, 6.093591983499193, 5.877652673292911, 6.773603284837015, 5.779378421610125, 6.157667749369129, 6.068213552736908, 6.600524939665039, 5.560072889566994, 5.472619600611075, 5.493328734089064, 5.71837308030046, 4.464524824351238, 4.118810999153385, 4.445582312783954, 4.391112794891497, 3.672294059173757, 4.164887982649925]}, "frame_states": [0, 0, 0, 0, 0, 0, 0, 0, 0, 0, 0, 0, 0, 0, 0, 0, 0, 0, 0, 0, 0, 0, 0, 0, 0, 0, 0, 0, 0, 0, 0, 0, 0, 0, 0, 0, 0, 0, 0, 0, 0, 0, 0, 0, 0, 0, 0, 0, 0, 0, 0, 1, 1, 1, 1, 1, 1, 1, 1, 1]}