{"phase1": {"shift_vectors": [[-62, 1], [8, 1], [6, 1], [7, 0], [1, 0], [8, -3], [5, 0], [2, -1], [2, -1], [7, 0]], "stand_dev": [66.97074390000176, 68.38611977508711, 68.94995532986154, 69.4844986972257, 69.71853707582265, 69.9152417631082, 70.00475779786363, 70.27138102129364, 70.40873142899302, 71.08653013067234], "rmsdiffs": [7.809727026168413, 5.777681782857541, 5.041764275616942, 5.069067465622981, 4.980403695511644, 5.805066351121336, 5.287089956675009, 5.058391071227843, 5.1800128279664, 6.09845390846918]}, "frame_states": [0, 0, 0, 0, 0, 0, 0, 0, 0, 0]}