{
    "frame_states": [
        0, 
        0, 
        0, 
        0, 
        0, 
        0, 
        0, 
        0, 
        0, 
        0, 
        0, 
        0, 
        1, 
        1, 
        1, 
        1, 
        1, 
        1, 
        1, 
        1, 
        1, 
        1, 
        1, 
        1, 
        1, 
        1, 
        1, 
        1, 
        1, 
        1, 
        1, 
        1, 
        1, 
        1, 
        1, 
        1, 
        1, 
        1, 
        1, 
        1, 
        1, 
        1, 
        0, 
        0, 
        0, 
        0, 
        0, 
        0, 
        0, 
        0, 
        0, 
        0, 
        0, 
        0, 
        0, 
        0, 
        0, 
        0, 
        0, 
        0, 
        0, 
        0, 
        0, 
        0, 
        0, 
        0, 
        0, 
        0, 
        0, 
        0, 
        0, 
        0, 
        0, 
        0, 
        0, 
        0, 
        0, 
        0, 
        0, 
        0, 
        0, 
        0, 
        0, 
        0, 
        0, 
        0, 
        0, 
        0, 
        0, 
        0, 
        0, 
        0, 
        0, 
        0, 
        1, 
        1, 
        1, 
        1, 
        1, 
        1
    ], 
    "phase1": {
        "rmsdiffs": [
            10.180311041701339, 
            5.464664553789739, 
            5.357597955348677, 
            5.354808501847882, 
            5.686744861409025, 
            5.522082257037317, 
            5.645761786683314, 
            5.975109212316809, 
            5.6340730840667845, 
            5.516478373593282, 
            6.208961248980431, 
            5.768320552480989, 
            5.728584821310318, 
            5.89955702429785, 
            6.744006271328925, 
            6.62104847701688, 
            6.962299231384532, 
            6.836499433037416, 
            7.568090417199307, 
            6.1172735325545, 
            5.309465453755705, 
            5.320591113126385, 
            6.786190373326277, 
            5.995073116208808, 
            5.976802298078066, 
            5.89157238142101, 
            6.255072600294303, 
            5.317051388889505, 
            5.673570850022743, 
            6.060960017373575, 
            6.5032011635676845, 
            6.226265018614172, 
            5.925768677186281, 
            5.851060118929651, 
            7.019520978641803, 
            6.022089920775852, 
            6.196528231938952, 
            5.872514458928791, 
            6.8496206439826715, 
            5.937919796134003, 
            6.030541417852114, 
            6.031741653812434, 
            6.961691169206272, 
            6.446409926611496, 
            6.297578656744413, 
            6.429751290858163, 
            7.079691525747995, 
            6.370891536325905, 
            6.494889639252675, 
            6.44664046060787, 
            7.277027794153328, 
            6.408609148333044, 
            6.439777890780836, 
            6.4235768718043404, 
            7.343107742799592, 
            6.578069131998666, 
            6.684572369424927, 
            6.560176436558091, 
            7.529517912854714, 
            6.519209450808975, 
            6.670832363069911, 
            6.52261634129284, 
            7.524415997121303, 
            6.777715497420391, 
            6.7256454125892695, 
            6.7116361675662, 
            7.15930132792426, 
            6.826355144022899, 
            6.642996512246159, 
            5.966208456682822, 
            6.85857724270309, 
            6.805338652477331, 
            6.843131687244237, 
            6.818011335768228, 
            6.6889741337457425, 
            6.390608762093934, 
            6.323315424037942, 
            5.930152539161235, 
            6.774558530763008, 
            6.474692679914087, 
            6.28536600819422, 
            6.300286554775399, 
            6.403672164060294, 
            6.2985579036624735, 
            6.148230200860934, 
            5.799462203654817, 
            7.094666111129182, 
            6.063345465859526, 
            5.935644764721633, 
            6.275485920194402, 
            7.287094675358017, 
            6.935260167081453, 
            6.804313883389524, 
            6.95331071964548, 
            7.587213092666369, 
            7.285459805172613, 
            7.415436359129119, 
            7.310090719242572, 
            8.196083230728087, 
            7.315729647840873
        ],