{"phase1": {"shift_vectors": [[-13, -12], [-3, 2], [-1, 0], [1, 0], [-1, 0], [-4, 1], [1, 0], [1, 0], [1, 0], [1, 0], [-2, 1], [-1, 0], [-2, 1], [-2, 1], [-1, 0], [-1, 0], [2, 1], [-3, 2], [1, 0], [-1, 0], [1, 0], [1, 0], [1, 0], [1, 0], [-1, 0], [1, 0], [1, 0], [-1, 0], [-1, 0], [5, 4], [-1, 0], [1, 0], [-2, -1], [-6, -1], [1, 0], [1, 0], [3, 0], [1, 0], [-1, 0], [-1, 0], [-1, 0], [-2, 1], [-1, 0], [1, 0], [-1, 0], [2, 1], [2, 1], [1, 0], [1, 0], [3, 0], [1, 0], [2, -1], [-1, 0], [-2, 1], [1, 0], [-1, 0], [2, -1], [3, 2], [-1, 0], [-1, 0], [-1, 0], [-3, 0], [3, 0], [2, 1], [1, 0], [-1, 0], [-1, 0], [-1, 0], [-3, 0], [-1, 0], [1, 0], [-1, 0], [2, -1], [1, 0], [-1, 0], [-1, 0], [1, 0], [2, -1], [1, 0], [1, 0], [-1, 0], [3, 0], [-2, 1], [-1, 0], [-1, 0], [-1, 0], [-2, 1], [-2, 1], [-2, -1], [1, 0], [-1, 0], [-1, 0], [-1, 0], [-2, 1], [-1, 0], [-1, 0], [-1, 0], [-1, 0], [1, 0], [2, -1], [-2, -1], [-1, 0], [-1, 0], [1, 0], [-1, 0], [-1, 0], [2, -1], [-1, 0], [-1, 0], [-1, 0], [-1, 0], [-1, 0]], "stand_dev": [71.88498212075505, 72.33617410685831, 72.48148251227778, 72.72862112251443, 72.81252530546988, 73.00064542025136, 73.06183764948103, 73.25823915991197, 73.30023922409781, 72.8629460474344, 73.56569739460951, 73.3102384057842, 73.3870618451477, 73.5210529292933, 73.55988308804761, 73.59371107231057, 73.4966035976521, 74.26334205829156, 74.26311277361309, 74.29421940107186, 74.31810514399955, 74.31874657749411, 74.3205787730784, 74.31944921099121, 74.29254338855266, 74.302606657535, 74.30469536309336, 74.30632348421399, 74.30568942319347, 77.15602415230818, 77.27227639194565, 77.12876665962483, 76.80815662249823, 76.3889233473226, 75.99409323006762, 76.01735867881322, 76.07608710571729, 75.97966329211067, 75.92425107071674, 75.8683117582314, 75.80772595573188, 76.11513251656409, 76.07705700159505, 75.99844394852863, 76.01360741936455, 76.3520919264504, 76.6629847415847, 76.68480468499885, 76.72383393582724, 76.85209858408231, 76.63142962473084, 76.59611638131591, 76.35231105674875, 76.330808785554, 76.34131784076422, 76.18302405258017, 75.87086830502987, 76.44783849673928, 76.32056390876042, 76.44357806413814, 76.43261594506255, 76.36099064403797, 76.38030195710685, 76.8472715335022, 77.10404514408751, 76.93718613951783, 76.89238473503393, 76.83616311839316, 76.91041685868122, 76.84231356757367, 76.82306902192397, 76.7434302512307, 76.59375526216643, 76.35571657934155, 76.64969318004842, 76.78116018566597, 76.81711387111203, 76.73263269977973, 76.72879550745733, 76.7459999466446, 76.94918258223771, 77.55458723302824, 78.12107403893098, 78.50138574206393, 78.81855214089853, 79.27407719157108, 79.68382459799426, 80.1000215613546, 79.77432023151692, 79.93498314819, 80.11780496977195, 80.06744078023696, 79.65891351773651, 79.99639632995572, 80.01231657767151, 79.98220531447814, 80.08342838612329, 80.57303120474919, 80.66957244084684, 80.54018648905989, 80.35644998150954, 80.46564996093807, 80.65158624649594, 80.8694425395984, 80.90538750320034, 80.99018058428113, 81.12258690270775, 81.27710948784274, 81.56596289359416, 81.81048302893339, 82.15310646477117, 82.33506989970148], "rmsdiffs": [9.252579208103896, 6.410559961707973, 5.457366256857328, 4.627346176568392, 6.075246159036537, 5.59436190536072, 4.5062409629387075, 3.96706960863777, 4.943760392976301, 5.441785384321407, 6.165619698705764, 5.02030869483244, 5.906865066656959, 5.18296914908903, 4.899616112059933, 4.902147602994434, 4.982311250610699, 6.633623408493259, 4.8386152852474025, 4.867669843226881, 4.8779001378487905, 4.85258519029171, 4.862729218731342, 4.859788999729499, 5.230196937683639, 4.859708941526073, 4.847558797072998, 4.847917485595194, 4.8491148647262765, 8.393541266397063, 5.310840349041424, 6.069533479147707, 4.845926445720384, 5.113449354885915, 5.770204649197331, 4.955669854889348, 5.133634553878486, 5.099618381159031, 4.453510901098218, 4.790074070234272, 4.554695708768957, 6.1667784316142376, 4.195896949221403, 4.844077242691269, 4.568158356526273, 5.241311880885205, 4.315330583723697, 4.809978109153648, 5.050676505127856, 4.3338258988257286, 5.057258221593476, 4.74176079708039, 5.108873770365654, 5.379807557379868, 2.9151948742034057, 5.451624086610112, 6.167040735970916, 4.916708442429823, 4.142403534453581, 4.546236030100517, 5.670211233003783, 4.034402036322794, 5.100132871931408, 3.428558005658687, 4.850906122612372, 5.274213028902791, 5.617500506964691, 4.548703767468282, 5.449144071741881, 4.4654842368613785, 4.883405838363183, 4.488323594303873, 6.805505982334296, 5.542891669625769, 5.463273467564528, 4.4970386708935175, 4.684760733844164, 4.283724804254314, 4.167239397257279, 5.222674205459575, 4.604049781123475, 5.2635395998448455, 6.611220531584665, 5.960472665319289, 5.804963055028744, 6.00603251194295, 6.02768540395907, 5.475861132527459, 4.52887029688759, 5.641877489205118, 5.584872567903568, 4.967913039917139, 5.359671857534621, 6.525521457832072, 5.210711767835186, 4.351358921683016, 5.758464697021294, 6.731783575144915, 4.884147295168748, 5.434654494741482, 5.282816280225212, 5.677419681904731, 5.947278221195477, 5.3785572030523845, 4.7406993754715945, 6.483446009751545, 5.1252677972254626, 5.3130998234514015, 5.528050850042965, 6.5424742166078325, 5.774813025913792, 5.140024194686383]}, "frame_states": [0, 0, 0, 1, 1, 1, 1, 1, 1, 1, 1, 1, 1, 1, 1, 1, 1, 1, 1, 1, 1, 1, 1, 1, 1, 1, 1, 1, 1, 1, 1, 1, 1, 1, 1, 1, 1, 1, 1, 1, 1, 1, 1, 1, 1, 1, 1, 1, 1, 1, 1, 1, 1, 1, 1, 1, 1, 1, 1, 1, 1, 1, 1, 1, 1, 1, 1, 1, 1, 1, 1, 1, 1, 1, 1, 1, 1, 1, 1, 1, 1, 1, 1, 1, 1, 1, 1, 1, 1, 1, 1, 1, 1, 1, 1, 1, 1, 1, 1, 1, 1, 1, 1, 1, 1, 1, 1, 1, 1, 1, 1, 1]}