{
    "frame_states": [
        0, 
        0, 
        0, 
        0, 
        0, 
        0, 
        0, 
        0, 
        0, 
        0, 
        0, 
        0, 
        0, 
        0, 
        0, 
        1, 
        1, 
        1, 
        1, 
        1, 
        1, 
        1, 
        1, 
        1, 
        1, 
        1, 
        1, 
        1, 
        1, 
        1, 
        1, 
        1, 
        1
    ], 
    "phase1": {
        "rmsdiffs": [
            9.728535327767966, 
            5.989003540577588, 
            4.813857294139432, 
            6.828476973511573, 
            5.046452190190341, 
            6.2311138974062805, 
            6.150215053725224, 
            6.507474135443175, 
            5.884965444067265, 
            5.993427064626934, 
            4.808498877007519, 
            6.20555520668688, 
            7.731204737362106, 
            5.170668165125352, 
            5.16711830933998, 
            6.309114870565295, 
            5.599638633944958, 
            5.9599369664384465, 
            5.731033069631471, 
            6.56762118100815, 
            5.405514220445741, 
            5.760444839031346, 
            6.024535934439044, 
            6.974294316167673, 
            6.179224001961957, 
            5.0385619565664, 
            5.278842098932267, 
            6.184306042674858, 
            6.854724651178244, 
            5.658062464568288, 
            5.733377156773583, 
            6.474345907679258, 
            6.1720697050863285
        ], 
        "shift_vectors": [
            [
                -42, 
                -1
            ], 
            [
                9, 
                0
            ], 
            [
                1, 
                0
            ], 
            [
                15, 
                0
            ], 
            [
                1, 
                0
            ], 
            [
                5, 
                0
            ], 
            [
                6, 
                1
            ], 
            [
                13, 
                2
            ], 
            [
                9, 
                0
            ], 
            [
                5, 
                0
            ], 
            [
                1, 
                0
            ], 
            [
                12, 
                1
            ], 
            [
                -1, 
                0
            ], 
            [
                5, 
                0
            ], 
            [
                6, 
                1
            ], 
            [
                6, 
                1
            ], 
            [
                6, 
                1
            ], 
            [
                5, 
                0
            ], 
            [
                1, 
                0
            ], 
            [
                2, 
                1
            ], 
            [
                -3, 
                0
            ], 
            [
                -1, 
                0
            ], 
            [
                -2, 
                1
            ], 
            [
                -5, 
                4
            ], 
            [
                2, 
                1
            ], 
            [
                1, 
                0
            ], 
            [
                -3, 
                0
            ], 
            [
                -11, 
                0
            ], 
            [
                1, 
                0
            ], 
            [
                3, 
                0
            ], 
            [
                3, 
                -2
            ], 
            [
                -2, 
                1
            ], 
            [
                -3, 
                0
            ]
        ], 
        "stand_dev": [
            71.37086396683377, 
            71.42154408878928, 
            71.43033117508757, 
            71.70888121339948, 
            71.75550210339537, 
            71.3480618961664, 
            71.57857959613494, 
            72.3375752730267, 
            72.347500171138, 
            72.6384162014266, 
            72.68140302379145, 
            73.31446129686792, 
            73.20753208323495, 
            72.91602772113215, 
            73.0504531282904, 
            73.22408852416535, 
            73.27340557842409, 
            73.56380510210023, 
            73.2356647910152, 
            73.99581756519109, 
            74.18808741013366, 
            74.52019878502215, 
            74.69888430126963, 
            75.63611451070716, 
            75.73752178234335, 
            75.63947433681687, 
            75.72257496797451, 
            75.96700704658954, 
            76.03515395903703, 
            76.47564563378607, 
            76.2219426570489, 
            76.37704268886259, 
            76.77671479027164
        ]
    }
}