{
    "frame_states": [
        0, 
        0, 
        0, 
        0, 
        0, 
        0, 
        1, 
        1, 
        1, 
        1, 
        1, 
        1, 
        1, 
        1, 
        1, 
        1, 
        1, 
        1, 
        1, 
        1, 
        1, 
        1, 
        1, 
        1, 
        1, 
        1, 
        1, 
        1, 
        1, 
        1, 
        1, 
        1, 
        1, 
        1, 
        1, 
        1, 
        1, 
        1, 
        1, 
        1, 
        1, 
        1, 
        1
    ], 
    "phase1": {
        "rmsdiffs": [
            8.323630295263317, 
            5.498838023981082, 
            4.394395428345546, 
            3.5511055143219874, 
            4.471515754035156, 
            5.270586072888871, 
            4.032550461406177, 
            5.506636738113059, 
            3.556594014039135, 
            4.760811214700029, 
            3.883601928198442, 
            3.686426577951003, 
            4.5028324322651185, 
            3.9381493331773423, 
            3.8685714508617437, 
            4.170989411290926, 
            3.6956806031972715, 
            3.734174862305977, 
            3.1230961858585387, 
            3.4515758625039763, 
            3.601396587620556, 
            4.663111170969874, 
            3.531024777079869, 
            3.9458994649352266, 
            3.7699247522731967, 
            4.683962657071414, 
            3.8558551159260435, 
            3.507819716770311, 
            3.9487930359312355, 
            4.757342931917538, 
            3.1609357031129326, 
            3.3241978361245303, 
            3.4686375862751766, 
            4.572200500895142, 
            4.286467608151196, 
            4.408112946163143, 
            4.46251656328038, 
            4.226479918170188, 
            4.814387796561186, 
            4.973392951934902, 
            4.087144113011144, 
            3.143312973490416, 
            4.256790069244489
        ], 
        "shift_vectors": [
            [
                -19, 
                4
            ], 
            [
                1, 
                0
            ], 
            [
                -1, 
                0
            ], 
            [
                1, 
                0
            ], 
            [
                -1, 
                0
            ], 
            [
                1, 
                0
            ], 
            [
                1, 
                0
            ], 
            [
                -1, 
                0
            ], 
            [
                -1, 
                0
            ], 
            [
                1, 
                0
            ], 
            [
                -1, 
                0
            ], 
            [
                -1, 
                0
            ], 
            [
                -1, 
                0
            ], 
            [
                -1, 
                0
            ], 
            [
                -1, 
                0
            ], 
            [
                1, 
                0
            ], 
            [
                1, 
                0
            ], 
            [
                1, 
                0
            ], 
            [
                1, 
                0
            ], 
            [
                1, 
                0
            ], 
            [
                1, 
                0
            ], 
            [
                2, 
                1
            ], 
            [
                -1, 
                0
            ], 
            [
                1, 
                0
            ], 
            [
                1, 
                0
            ], 
            [
                1, 
                0
            ], 
            [
                1, 
                0
            ], 
            [
                1, 
                0
            ], 
            [
                -1, 
                0
            ], 
            [
                -1, 
                0
            ], 
            [
                1, 
                0
            ], 
            [
                1, 
                0
            ], 
            [
                1, 
                0
            ], 
            [
                2, 
                -1
            ], 
            [
                -1, 
                0
            ], 
            [
                1, 
                0
            ], 
            [
                1, 
                0
            ], 
            [
                1, 
                0
            ], 
            [
                1, 
                0
            ], 
            [
                1, 
                0
            ], 
            [
                1, 
                0
            ], 
            [
                -1, 
                0
            ], 
            [
                1, 
                0
            ]
        ], 
        "stand_dev": [
            45.95410344938161, 
            45.46035714228982, 
            45.339271428317225, 
            45.34115664660478, 
            45.090407147518654, 
            45.00580437577015, 
            44.99148605961323, 
            44.98137417385046, 
            44.971713154902105, 
            44.93774078685421, 
            44.883353773412516, 
            44.8756059714094, 
            44.81796402797263, 
            44.89424566609658, 
            45.04625061813591, 
            45.16530678544551, 
            45.29260144310139, 
            45.32678819815144, 
            45.44042493593384, 
            45.412885843020504, 
            45.48554609875364, 
            45.572704248059445, 
            45.573210380385845, 
            45.553548625460294, 
            45.53337663425532, 
            45.55592231524219, 
            45.536618931123044, 
            45.550622441843316, 
            45.50813675295081, 
            45.3416269164677, 
            45.313866821126865, 
            45.26697515851683, 
            45.26731204915177, 
            44.934959576675986, 
            44.80009147182201, 
            44.77785700429633, 
            44.64365374216969, 
            44.59882913748523, 
            44.44673873627591, 
            44.365281157843484, 
            44.472306383112, 
            44.47952884837314, 
            44.47531654014379
        ]
    }
}