{
    "frame_states": [
        0, 
        0, 
        0, 
        0, 
        0, 
        0, 
        0, 
        1, 
        1, 
        1, 
        1, 
        1, 
        1, 
        1, 
        1, 
        1, 
        1, 
        1, 
        1, 
        1, 
        1, 
        1, 
        1, 
        1, 
        1, 
        1, 
        1, 
        1, 
        1, 
        1, 
        1, 
        1, 
        1, 
        1, 
        1, 
        1, 
        1, 
        1, 
        1, 
        1, 
        1, 
        1
    ], 
    "phase1": {
        "rmsdiffs": [
            7.006266301315326, 
            4.508266813028137, 
            4.0325660923064035, 
            3.2896194679828024, 
            3.8517283345630635, 
            3.7272074387205354, 
            4.527606158599325, 
            5.387613520040684, 
            6.234712849632657, 
            6.165102393821632, 
            5.870881953671519, 
            4.604179604591211, 
            6.202555465877664, 
            4.476178277291037, 
            3.3984664169493675, 
            3.5116456774971576, 
            5.536270120483088, 
            5.323336026501802, 
            4.507296196767012, 
            4.813058043937043, 
            5.961512944290379, 
            6.310293250253158, 
            5.594709056903963, 
            5.52323698179661, 
            6.608980009222467, 
            4.708234369127189, 
            5.205193514283198, 
            4.818156518614944, 
            6.158178045679445, 
            5.14849945135388, 
            4.669714054566633, 
            5.415749892322573, 
            4.74021656718425, 
            4.497060903827652, 
            4.073619918253705, 
            4.646992116726261, 
            6.288613634990035, 
            4.651088089236869, 
            4.991748538234065, 
            4.497227164024617, 
            4.507395051995742, 
            4.993574379225317
        ], 
        "shift_vectors": [
            [
                -5, 
                20
            ], 
            [
                -1, 
                0
            ], 
            [
                1, 
                0
            ], 
            [
                1, 
                0
            ], 
            [
                1, 
                0
            ], 
            [
                1, 
                0
            ], 
            [
                -1, 
                0
            ], 
            [
                2, 
                -1
            ], 
            [
                -3, 
                -2
            ], 
            [
                2, 
                -1
            ], 
            [
                2, 
                -1
            ], 
            [
                1, 
                0
            ], 
            [
                3, 
                -2
            ], 
            [
                1, 
                0
            ], 
            [
                1, 
                0
            ], 
            [
                1, 
                0
            ], 
            [
                2, 
                -1
            ], 
            [
                1, 
                0
            ], 
            [
                1, 
                0
            ], 
            [
                1, 
                0
            ], 
            [
                -1, 
                0
            ], 
            [
                1, 
                0
            ], 
            [
                -1, 
                0
            ], 
            [
                1, 
                0
            ], 
            [
                1, 
                0
            ], 
            [
                -1, 
                0
            ], 
            [
                -2, 
                -1
            ], 
            [
                -1, 
                0
            ], 
            [
                1, 
                0
            ], 
            [
                1, 
                0
            ], 
            [
                -1, 
                0
            ], 
            [
                1, 
                0
            ], 
            [
                -1, 
                0
            ], 
            [
                -1, 
                0
            ], 
            [
                -1, 
                0
            ], 
            [
                1, 
                0
            ], 
            [
                1, 
                0
            ], 
            [
                -1, 
                0
            ], 
            [
                1, 
                0
            ], 
            [
                -1, 
                0
            ], 
            [
                -1, 
                0
            ], 
            [
                1, 
                0
            ]
        ], 
        "stand_dev": [
            47.74905568164361, 
            47.76067837992828, 
            47.77157933629463, 
            47.75944327586018, 
            47.563347759687694, 
            47.772653806523444, 
            47.76187713019904, 
            47.65310114299196, 
            48.08463470283014, 
            48.48057384871198, 
            48.82880195424647, 
            48.837862357341685, 
            48.42159820250178, 
            47.54606977027648, 
            47.42804714132177, 
            47.65332030774472, 
            47.55174870801084, 
            47.67848969940141, 
            47.625524116909666, 
            47.415198555202316, 
            46.99733020255162, 
            47.55687370042793, 
            48.58108378815982, 
            48.15311378731805, 
            48.456441072896105, 
            48.4516698354016, 
            47.388353162770585, 
            47.4809189977246, 
            47.742304219899594, 
            48.00924915677098, 
            48.03028201718387, 
            47.87167939479916, 
            46.79347750040603, 
            47.700540876151145, 
            46.734027208019235, 
            46.76746624634313, 
            47.427195284389086, 
            47.281340003596014, 
            46.949242245563816, 
            46.77797115327363, 
            46.485215788754175, 
            46.92403462414292
        ]
    }
}