{"phase1": {"shift_vectors": [[0, -25], [0, -1], [0, -3], [-1, -2], [2, -1], [1, 0], [0, 1], [-1, -2], [-6, -1], [-6, -1], [-10, -1], [-22, 3], [1, 0], [-6, 1], [-7, 2], [-4, 1], [0, -1], [-1, 0], [-1, 0], [6, -1], [3, 0], [3, 0], [0, -1], [5, 0], [1, 2], [0, 1], [1, 0], [0, -1], [0, -1], [0, -1], [0, -1], [1, 0], [1, 0], [0, 1], [1, 0], [0, -1], [-1, 0], [1, 0], [1, 0], [1, 0], [1, 0], [1, 0], [1, 0], [3, -2], [1, 0], [1, 0], [-1, 0], [1, 0], [-1, 0], [1, 0], [-1, 0], [-1, 0], [-1, 0], [-1, 0]], "stand_dev": [34.04137749292725, 33.959310333796125, 33.91751251440908, 33.761085575299234, 33.57055972591577, 33.56205997355994, 33.58099789214929, 33.52410990284266, 33.53666786362001, 33.378972331512145, 33.24022164408988, 33.616318677066744, 33.636983052402265, 33.87097909552749, 34.499095652831684, 34.689142550240085, 34.639053235538206, 34.6448294236378, 34.659164822997916, 34.841039308680905, 34.83338183585872, 34.97526878173089, 34.97729638126269, 35.29298097834323, 34.84018236152004, 34.80641302696351, 34.39714266324913, 34.076043225833104, 33.86863224136326, 34.4073019536386, 34.360372696255396, 34.48883262086488, 34.45057698247716, 33.97108942231666, 33.93492451081889, 33.9787187345554, 33.990915393864135, 34.06265444854676, 34.151410678393155, 33.91280872394479, 33.909285876069575, 33.906245089809445, 33.670025485732644, 33.95383408359067, 33.95390935035122, 33.891021038173704, 33.882445768437876, 33.42618353496428, 33.82640109000054, 33.895342414045935, 34.087164399059645, 33.95409964751548, 33.626508433799536, 33.86874456465333], "rmsdiffs": [8.764972797124265, 4.416821597289631, 4.980899704847298, 4.9907398885020875, 5.432215734630515, 5.689436134916935, 5.296105499421512, 5.501953847506647, 4.588809579943741, 4.347269312143821, 4.760242712998113, 6.034438121920037, 3.225876860058059, 4.78349659457467, 4.781550079232754, 5.779318553348978, 4.702989958985406, 3.0824883586089715, 4.957562472133026, 4.956262841754334, 3.6859673508260093, 4.037162209058503, 3.2670253916170826, 5.582880657012668, 5.514311279698803, 5.037154347507411, 3.7511494789588573, 3.7381131240790797, 3.8166808324251678, 3.5381919434101166, 3.089434100942574, 3.4183403028389185, 3.699547289574818, 4.139754779921512, 3.535169329388008, 4.699040806970188, 3.5854305347658557, 4.066955594035937, 3.295747933733042, 4.092026293442954, 4.149940868950853, 3.2386104482005673, 4.1910040404394335, 4.717816706916563, 3.501766327778414, 3.5197773192317032, 3.243968360679754, 4.563418821523663, 3.9177200883057903, 4.03010806261426, 3.540848274526435, 3.9276981462710676, 4.840009868916795, 4.861524015551291]}, "frame_states": [0, 0, 0, 0, 0, 0, 0, 0, 0, 0, 0, 0, 0, 0, 0, 0, 0, 0, 0, 0, 0, 0, 1, 1, 1, 1, 1, 1, 1, 1, 1, 1, 1, 1, 1, 1, 1, 1, 1, 1, 1, 1, 1, 1, 1, 1, 1, 1, 1, 1, 1, 1, 1, 1]}