{"phase1": {"shift_vectors": [[-1, 0], [-3, 0], [1, 0], [-1, 0], [-2, -1], [-1, 0], [-3, 0], [-1, 0], [-1, 0], [1, 0], [1, 0], [-1, 0], [-1, 0], [-1, 0], [-1, 0], [3, 0], [-1, 0], [1, 0], [3, 0], [3, 0], [5, 0], [1, 0], [2, -1], [1, 0], [1, 0], [3, 0], [-1, 0], [3, 0], [3, 0], [3, 0], [5, 0], [1, 0], [3, 0], [3, 0], [3, 0], [3, 0], [5, 0], [6, 1], [11, 4], [7, 2], [10, 1], [9, 0], [11, 0], [-1, 0], [27, 0], [13, 0], [13, 0], [13, 2], [1, 0], [28, 1], [13, 0], [10, 1], [9, 0], [1, 0], [11, 4], [5, 2], [5, 2], [3, 2], [-1, 0], [3, 2], [2, 1], [2, 1], [-2, 1], [1, 0], [2, 1], [1, 0], [1, 0], [-1, 0], [2, -1], [1, 0], [1, 0], [1, 0], [1, 0], [1, 0], [1, 0], [1, 0], [1, 0], [1, 0], [1, 0], [1, 0], [1, 0], [1, 0], [1, 0], [1, 0], [1, 0], [1, 0], [-1, 0], [1, 0], [1, 0], [1, 0], [-3, 0], [-1, 0], [-3, 0], [-3, 0], [-3, 0], [1, 0], [1, 0], [-1, 0], [2, -1], [2, -1], [-1, 0], [-1, 0], [-1, 0], [1, 0], [-1, 0], [-1, 0], [2, 1], [3, 0], [1, 0], [1, 0], [1, 0], [1, 0], [-1, 0], [-1, 0], [1, 0], [-1, 0], [1, 0], [1, 0], [1, 0], [1, 0], [-2, 1], [-3, 2], [-1, 0], [1, 0], [-1, 0], [-2, -1], [-2, -1], [1, 0], [-1, 0], [-1, 0], [-1, 0], [1, 0], [1, 0], [-1, 0], [1, 0], [1, 0], [1, 0], [-1, 0], [-1, 0], [1, 0], [-1, 0], [-1, 0], [1, 0], [1, 0], [-1, 0], [1, 0], [1, 0], [1, 0], [1, 0], [1, 0], [1, 0], [-1, 0], [1, 0], [1, 0], [1, 0], [-1, 0], [2, -1], [1, 0], [1, 0], [-1, 0], [3, 0], [1, 0], [1, 0], [1, 0], [1, 0], [3, 0], [-1, 0], [1, 0], [1, 0], [1, 0], [6, 1], [-1, 0], [4, 1], [4, 1], [5, 0], [5, 0], [5, 0], [5, 0], [5, 0], [3, 0], [3, 0], [3, 0], [1, 0], [1, 0], [3, 0], [1, 0], [1, 0], [-2, -1], [1, 0], [-7, -4], [1, 0], [1, 0], [1, 0], [1, 0], [1, 0], [-1, 0], [1, 0], [-3, 0], [1, 0], [-3, -2], [1, 0], [1, 0], [1, 0], [-2, 1], [-2, 1], [1, 0], [1, 0], [-4, 3], [-1, 0], [-6, 3], [-3, 0], [-3, 0], [-3, -2], [1, 0], [-5, 0], [1, 0], [-1, 0], [1, 0], [-1, 0], [-4, -1], [-1, 0], [-1, 0], [-1, 0], [1, 0], [-2, 1], [-2, 1], [-2, 1], [-3, 2], [-2, 1], [-2, 1], [-1, 0], [-2, 1], [-1, 0], [-5, 0], [-4, -1], [-5, 0], [-5, 0], [-11, 0], [-7, 0], [1, 0], [-7, 0], [-7, 0], [-15, 0], [1, 0], [-15, 0], [-1, 0], [-9, 0], [-7, 0]], "stand_dev": [77.0346514430096, 77.7216404078439, 77.72868190336438, 77.41245364588627, 77.16110574057893, 76.91514398277849, 77.18903286268274, 77.14861690219678, 77.11145389545395, 77.30064885648355, 77.29183900567101, 76.96510604548843, 76.36910920860696, 75.83748142560451, 75.12049971483322, 74.25864280686993, 74.28293568567842, 73.9923562374372, 73.82826161371464, 73.6335316229581, 73.51328339492125, 73.52637141847912, 73.40436703765738, 73.44494456563596, 73.582499593131, 73.47130212354912, 73.48253100870576, 73.38873129452355, 73.41042990000956, 73.28585426377207, 72.89291349407361, 72.957153340991, 73.12673562780002, 73.66977400218191, 73.99195817404966, 74.35357799491871, 75.40138062675702, 76.51249691224282, 77.95399912511418, 78.78833891926446, 79.64312908663194, 80.14613593811468, 80.47820984894253, 80.5496605815046, 79.59922291756855, 78.29095987458841, 77.0035320301118, 75.8547672518642, 76.00456003245532, 74.12722766863267, 73.41797824582807, 73.4020014420447, 74.01883547504724, 74.09709771591326, 75.44560897767713, 76.52617263934786, 77.22302748508567, 78.05171586841688, 78.13872865853745, 79.17848265239083, 79.89026700654327, 80.34594324897924, 80.9501271046752, 81.37691131854803, 81.78578787294967, 81.83509478547134, 82.02906905170326, 82.21350069297043, 81.66707438446757, 81.6220349916734, 81.7518964910607, 81.8032132918842, 81.97636678169783, 81.99264208152758, 82.47641316620121, 82.91739344240511, 83.28663222575456, 83.30927431205721, 83.90650815929206, 84.17256311505939, 84.44572705372255, 84.47460223666052, 84.92925814727201, 85.35298779379164, 85.59216797968915, 85.73521490885507, 85.79511931977889, 85.97165586714611, 86.06572939792164, 86.19561309923249, 86.38381407365284, 86.45095954156135, 86.73313609671779, 86.86460685553578, 87.16279790904103, 87.18161127645817, 87.3090340279503, 87.91583662056196, 88.20694727294087, 87.90766761284064, 87.96553469511775, 87.65708858006813, 87.9632587381374, 88.04728144878445, 88.21591832852272, 88.23462607741477, 88.53420446989804, 88.70043408889303, 88.93206231709718, 88.99463841103892, 89.03443176661648, 88.77110386956973, 88.79170445316498, 88.65728965429267, 88.62039529699027, 88.50894017781735, 88.26754477467354, 88.14284157558774, 88.14458953656442, 88.14294111436426, 88.15344060380056, 88.28437064907042, 88.31982449982802, 88.27212457194675, 88.08511027596865, 87.93852331649978, 87.74993691592553, 87.4027212125675, 87.41810278246732, 87.200906913345, 87.15784336252946, 86.72215782065729, 86.48469485272233, 86.4948100044152, 86.36390860222525, 86.26195830433663, 86.21009706807989, 85.95227090196725, 86.01063366358305, 85.95149598866037, 85.4054980671504, 85.2606025216785, 85.03013252168077, 85.14598970590269, 84.95165177496965, 84.57121185201329, 84.56300308758368, 84.6665065365381, 84.84125402965842, 85.09219101842017, 85.78402365264083, 85.96912282735148, 86.1742118403313, 86.36045164428667, 86.66055304300988, 86.89535549344563, 87.46752751333061, 87.5084634035978, 87.33349288986544, 87.04499488283366, 86.47892463245165, 86.53132518163936, 86.17599974868666, 85.78708346261577, 85.3916302198086, 83.87302414789174, 83.91566842828118, 83.20371442906948, 82.79084618011376, 82.33904010832319, 81.4172609364965, 81.48150652001546, 80.79345769562427, 79.87681274358157, 78.97681937706456, 78.32384568797029, 77.9889531379418, 77.87207383401058, 77.85377743396474, 77.83708587335326, 77.7599621409982, 76.99939172252739, 76.61207157982892, 76.23018254435955, 75.40355072791826, 75.42582179031331, 74.93714075627989, 74.48868082716132, 73.90362118244633, 73.1493850711658, 73.22832792932033, 73.05447231050165, 72.9435906142427, 72.65709715312057, 72.78413270618528, 72.87405747853765, 72.98838535770908, 73.04557209195286, 73.14861518818523, 73.17597886927649, 72.79784674670341, 72.16170119236024, 71.80070579019065, 71.45249757201977, 70.97540718019371, 70.56730840389685, 70.45590403042534, 70.81722190192878, 70.86964436322808, 70.96364315568638, 71.29694861256426, 71.49881575286793, 71.80830520285207, 71.81941045531131, 73.39264338000973, 74.04171429524922, 74.64018783398697, 75.24621311086943, 75.25922209574398, 76.59956821084104, 77.31968305748092, 78.06014921675728, 78.82595076850963, 78.91167971512675, 79.5363739672614, 79.88536492447317, 80.56073384036017, 81.38450281485576, 81.95122171024643, 82.10045391202104, 82.2148116682276, 82.21495893381844, 82.23089722902513, 81.79736721810487, 81.61356596071313, 81.25915744858258, 80.52021015706023, 80.76731278414445, 81.6433945190857, 81.69032933460133, 82.35357700300558, 82.86644562283264, 83.75813059273008, 83.81886159278676, 84.15567132543802, 84.21900456319503, 84.42153981870042, 84.38745903753808],