{"phase1": {"shift_vectors": [[0, 1], [0, -1], [0, -1], [0, -1], [0, -1], [0, -5], [0, -3], [-1, -2], [-1, -2], [-1, -2], [-1, -2], [0, 1], [0, -1], [-1, -2], [0, -1], [-2, -3], [0, -1], [-1, -2], [0, 1], [0, 1], [0, -1], [0, -1], [-1, 2], [-1, 2], [0, 1], [0, 3], [0, 1], [-1, 2], [0, -1], [-23, 2], [-9, 0], [-12, -1], [-12, -1], [0, -1], [-13, -2], [0, -1], [0, -1], [0, -1], [0, -1], [0, -1], [0, -1], [0, -1], [0, 1], [0, -1], [0, -1], [0, -1], [0, -1], [0, -1], [0, -1]], "stand_dev": [73.75470908793612, 73.69622724919958, 73.7060141509593, 73.76621837367941, 73.78500485863793, 73.49835979751232, 73.43834960364185, 73.383074460723, 73.26186327345108, 73.19580672097537, 72.9994076298435, 73.12071756216667, 73.05383538410854, 73.10708726051317, 73.152810954492, 73.17889948697093, 73.24130743474174, 73.3601623928433, 73.35886176597855, 73.39444162269984, 73.28363174373999, 73.12107697976923, 73.13413744485916, 73.21991127762269, 73.21942310462552, 73.54919341246985, 73.69690716253758, 73.78333900774298, 73.80984914201125, 74.57071987436257, 75.01901105909373, 75.28890821378661, 75.4732227422051, 75.57808928009987, 76.16761739404878, 76.58630456067023, 76.76977170461947, 76.9553708502681, 77.08305937988918, 76.98128840829877, 76.69859783472153, 76.60463861402823, 76.59029844573412, 76.83089542614537, 76.90275465226179, 76.77882201236338, 76.73266062812367, 76.72389989338217, 76.72494471725302], "rmsdiffs": [8.464927437261695, 6.601945221698405, 5.662547232119911, 5.264436643695835, 5.198367857071807, 6.281891872116054, 5.795975313261157, 5.693933479377649, 5.300241417036397, 5.5724671999266775, 6.053241844410362, 5.698139097223688, 5.260499846506746, 5.677170170496085, 4.593378405280226, 5.959753677115275, 5.02493391286799, 5.8098081582089405, 5.581348344122602, 4.5130608780358745, 5.388085306119114, 5.599541583654434, 5.084884587407656, 5.650280477381351, 4.657647513725893, 6.829579398609021, 6.377333124866171, 6.074083714148924, 4.4800222941708014, 6.364540426844867, 5.214486539579544, 5.037869118931012, 5.197563689919658, 6.478152900863315, 6.262181289950859, 6.445758454543387, 6.327249275266852, 6.223432041234667, 6.079956668016493, 6.7292932030440475, 6.0908458099888305, 6.53767172902481, 4.155158492296086, 6.135297750060233, 6.524141276378863, 6.541941035650472, 6.01208125326178, 4.269887313980863, 5.974617707843294]}, "frame_states": [1, 1, 1, 1, 1, 1, 1, 1, 1, 1, 1, 1, 1, 1, 1, 1, 1, 1, 1, 1, 1, 1, 1, 0, 0, 0, 0, 0, 0, 0, 0, 0, 0, 0, 0, 0, 0, 0, 0, 1, 1, 1, 1, 1, 1, 1, 1, 1, 1]}