{"phase1": {"shift_vectors": [[0, -63], [-4, 5], [0, 7], [0, -1], [0, 5], [0, 5], [-4, 13], [0, -1], [-1, 4], [0, 3], [-2, 7], [-1, 2], [0, -1], [-1, 2], [0, 5], [1, 6], [0, -1], [0, 1], [2, 7], [2, 3], [3, 6], [1, 2], [0, 3], [-1, 2], [-1, 2], [-4, 5], [-2, 3], [-1, 2], [-1, 2], [0, 1], [3, 6], [0, -1], [1, 2], [1, 2], [4, 7], [0, 3], [0, -1], [1, 2], [0, -1], [3, 4], [1, 2], [0, 3], [1, 6], [3, 6], [0, 1], [0, -1], [0, 5], [1, 2], [0, -1], [0, 1], [4, 5], [2, 3], [2, 3], [3, 6], [0, 3], [1, 2], [2, 3], [0, -1], [1, 4], [1, 2], [0, -1], [1, 2], [1, 6], [0, 1], [1, 2], [2, 3], [0, 3], [-3, 4], [0, 1], [-1, 2], [-1, 2], [0, 1], [-1, -2], [0, 1], [0, -3], [0, 1], [-4, -5], [-6, -7], [-4, -5], [-3, -4], [-1, -2], [-1, -2], [-4, -5], [-1, -2], [-5, 6], [-3, 4], [0, -3], [0, -5], [0, -1], [0, 1], [-3, -4], [0, 1], [0, -1], [0, 3], [2, 3], [0, -1], [0, 1], [-6, 7], [0, -1], [0, -1], [0, 1], [0, -1], [0, -3], [0, 1], [0, 1], [0, 1], [0, -1], [0, -1], [0, 1], [0, 1], [0, 1], [-1, 4], [-2, 3], [-2, 3], [-4, 5], [0, 1], [0, -1], [-1, -2], [0, -1], [0, 1], [0, -1], [0, -3], [1, 2], [0, 1], [0, 1], [0, -1], [0, 3], [0, 1], [0, 1], [0, 1], [0, 1], [0, -1], [0, -1], [0, -1], [0, 1], [0, -1], [0, -1], [0, 1], [0, -1], [0, 1], [0, 1], [0, 1], [0, 1], [0, -1], [0, -3], [0, 1], [0, 1], [0, 1], [0, 1], [0, 1], [0, -1], [0, 5], [0, 1], [0, -1], [0, 1], [0, -3], [0, -3], [0, -1], [1, -2], [0, 1], [-1, -2], [0, -1], [0, 1], [0, -1], [0, -1], [0, 1], [0, 1], [0, -1], [0, 1], [0, -1], [0, 1], [0, -1], [0, -1], [0, -1], [0, 1], [1, -2], [0, -1], [0, -1], [1, -2], [0, 1], [-1, -2], [0, 1], [0, -1], [-2, -7], [2, -3], [1, -2], [0, -1], [0, 1], [2, -3], [1, -2], [1, -2], [0, -1], [1, -2], [0, 1], [0, 1], [1, -2], [1, -2], [2, -3], [9, -8], [3, -6], [0, 1], [2, -3], [1, -2], [3, -8], [0, -1], [0, 1], [3, -4], [13, -16], [2, -3], [0, -1], [3, -4], [7, -8], [5, -6], [0, -3], [0, 1], [-2, -11], [0, -7], [4, -17], [2, -11], [-2, -7], [-1, -6], [2, -7], [3, -14], [2, -5], [4, -5], [5, -6], [4, -5], [5, -10], [0, 1], [2, -3], [3, -4], [9, -10], [2, -3], [0, -1], [1, -6], [0, -15], [1, -18], [0, -7], [0, 1], [-3, -12], [-7, -8], [1, -2], [0, 1], [13, -14], [8, -13], [10, -21], [0, -1], [-2, -13], [0, -5], [2, -7], [2, -13], [2, -7], [2, -11], [0, -7], [0, -3], [8, -9], [6, -7], [7, -8], [4, -5], [2, -3], [0, 1], [0, 9], [0, 11], [2, 27], [-1, 22]], "stand_dev": [33.215637353165114, 33.716489009503476, 32.97995766017723, 32.98327791698769, 33.01590201565207, 33.19176447689424, 33.36308143277744, 33.38491230193013, 33.690470870271476, 33.369342580753816, 32.334311371855, 33.59478161696898, 33.670698313603225, 33.59386055189404, 33.78913105864601, 33.98655632815353, 30.908558986809993, 30.90456153020717, 31.6490450093006, 32.60115530530227, 33.168037793251884, 32.90198833855292, 33.41259549129994, 33.055024192444066, 33.08902877788515, 31.89210238428884, 33.84064226555636, 33.0156975044571, 33.02302782519521, 33.57405411716157, 34.2987769593023, 34.32072615596961, 34.900185197430694, 35.347141117263995, 36.90861192810707, 35.42023443157919, 35.46642100261034, 34.754950249329625, 35.985621192669214, 36.068824587493324, 36.22208731350579, 36.4814176102261, 37.766394713490165, 37.656087361323394, 37.68108117010404, 38.81831905760077, 39.66871598217995, 38.89309614754025, 40.10910647617031, 40.11927497043113, 40.86890787313534, 40.84219869873383, 41.016875817873625, 41.234480941413246, 41.26350054410788, 40.18485336435601, 40.502964002200606, 40.57200179465213, 40.366846866058935, 40.38957694493563, 40.65015497207202, 40.696994991478235, 40.83800169343256, 40.92220873346298, 42.0469860330117, 43.02308574742399, 41.61977251701464, 42.36261636871393, 42.42526782793903, 42.78370546591564, 42.308224778248054, 42.4272691574325, 43.33735749510716, 43.3690070650558, 42.676379982454, 42.77642385578696, 44.10450499300055, 42.55444275221104, 42.47237014505346, 41.899709102211574, 41.00904127740253, 41.3499059869795, 38.4326022995493, 36.96949595598751, 36.515753623775026, 35.83681584398973, 36.19155462971515, 35.856369439619826, 35.97225966093848, 35.403493779226295, 36.18389150196223, 36.184264490227484, 36.63989559029886, 36.76055923188305, 35.5807249571482, 35.74128324979478, 35.86904210605511, 37.99382651166444, 37.67529472374423, 36.67879304403179, 37.27629041665908, 37.32479323300638, 36.06618141410313, 35.85454646318509, 36.72049651610719, 36.19757834503858, 36.62213536907581, 36.28837763705213, 36.59673995586104, 36.41619671676809, 37.16658032848947, 38.410190898112965, 38.76100464953431, 39.00571372356525, 37.85190377236113, 37.8694455517025, 37.966665609527226, 37.938667727022754, 38.169657236556326, 37.328263434835044, 37.40053435222192, 37.175672754809156, 37.298794381396085, 38.456840117115135, 38.476330685600125, 38.48989772574952, 39.03632772719853, 38.771373434203404, 38.75796694175531, 38.76894209369353, 40.0630618044765, 40.16264914684105, 40.504210559320214, 40.42429028158738, 38.73311265360912, 38.12678415929344, 38.56632792354901, 38.553679713568975, 39.24464987944559, 38.07812380308367, 36.46286132088256, 37.02375211263794, 36.37553227569796, 36.37535194573556, 38.30348926966286, 37.50733922038735, 37.98704311210021, 37.61518875085628, 37.63299231157321, 37.47262851154027, 40.42108261515337, 41.6653562047172, 41.69907347304719, 41.70826605565315, 35.408714461380754, 37.743089932762864, 37.742776265387896, 37.72561304085086, 37.48280535621282, 33.19180298847027, 33.74015801713072, 34.38076713193464, 33.65685822723229, 35.217202237406646, 38.13364480521205, 37.04916706663883, 36.52558182891556, 38.22038155268708, 36.63256820207442, 40.029243825182455, 40.72996342992213, 40.89309226989228, 41.04821580505338, 40.918468705562105, 33.27111995817149, 35.33269780805982, 35.351608825765744, 35.537615492617356, 35.552775885409616, 32.33687196426087, 33.204915550151654, 33.20967105231084, 33.74114018813734, 36.60032496580755, 36.090280308597826, 38.15683604023271, 38.213995457712485, 35.778533362822415, 37.557655176877304, 38.99365539784775, 39.199051969678905, 39.375634771059026, 39.20407188046827, 33.95366088571007, 30.801228240950536, 31.041929285756517, 31.707626915404145, 31.798498127483633, 29.78307449493113, 28.791176591255507, 28.844984527060703, 29.705665576713088, 29.369071545943644, 34.87718021136286, 34.876811899736545, 31.107371007729427, 32.86164224419245, 30.925260467025165, 30.404865958288298, 30.445690949844604, 30.698791319098426, 30.02379859752573, 27.125046157885667, 26.025097390277555, 26.014605017340124, 26.455901092164062, 26.376129563814743, 24.739530413670813, 23.230442095371334, 22.790427586288885, 23.365763963781667, 22.589164022471447, 24.772611076270252, 22.686037884290442, 24.977521368315944, 24.003998925349073, 22.22776789107823, 23.866549703013032, 23.890925865632994, 25.65372669107702, 24.649400298831672, 24.462559159885668, 22.64720623136914, 22.62573506838045, 21.88418284100055, 21.499638037582837, 20.767992585002734, 21.15090330208739, 21.158094157565586, 21.307358264293747, 22.072772035995605, 22.402490654617047, 22.403765737881518, 20.95130738273501, 21.99515550621893, 21.535899517146312, 21.537162201862884, 24.484650981377335, 23.254864593908632, 23.44225421063812, 23.05649435121112, 22.437578525884206, 23.201554200111218, 21.943930645862483, 22.12771850342161, 21.62357726340572, 21.41749253239388, 22.056805772372957, 21.087637288293408, 21.667435868204873, 21.69149022854077, 21.543909163044376, 21.413759523146005, 21.72022433494483, 19.758904005420792],