{"phase1": {"shift_vectors": [[1, 0], [2, -1], [2, -1], [1, 0], [-1, 0], [-1, 0], [1, 0], [1, 0], [1, 0], [-1, 0], [-1, 0], [-1, 0], [-1, 0], [-1, 0], [-2, 1], [-1, 0], [-1, 0], [-1, 0], [-1, 0], [-1, 0], [-1, 0], [1, 0], [-1, 0], [-1, 0], [-1, 0], [-1, 0], [-1, 0], [-1, 0], [-1, 0], [-1, 0], [2, -1], [-1, 0], [1, 0], [1, 0], [-2, 1], [-1, 0], [-1, 0], [1, 0], [4, 1], [1, 0], [1, 0], [1, 0], [1, 0], [3, 2], [1, 0], [1, 0], [-1, 0], [1, 0], [1, 0], [-3, 0], [1, 0], [1, 0], [-5, 0], [-12, -3], [1, 0], [-6, -1], [-7, 0], [-9, 0], [-19, 0], [1, 0], [-11, -2], [-11, -2], [-20, -3], [-10, -1], [1, 0], [-10, -1], [-10, -1], [-20, -1], [-9, 0], [-1, 0], [-9, 0], [-9, 0], [-15, 0], [-9, 0], [1, 0], [-9, 0], [-9, 0], [-15, 0], [1, 0], [-9, 0], [-7, 0], [-7, 0], [-7, 0], [-10, 1], [-12, 1], [-13, -2], [-12, -1], [-22, -1], [1, 0]], "stand_dev": [39.959823678435164, 39.32969354273778, 38.77870705037086, 38.82728870732916, 38.48681681579442, 38.143834608174544, 38.2661727484415, 38.44290669108048, 38.446671877459785, 38.72968157492025, 39.745252577489836, 40.20704922378906, 40.241779127869314, 40.57017932071239, 41.68727493635473, 42.30109392839775, 42.94426756207741, 42.946672079862516, 43.59430343584399, 44.64178923110637, 45.04510507605975, 45.35200707903258, 45.35473905192769, 45.559185776634905, 45.41296500706997, 44.93684863440621, 44.94722898945029, 44.817992045105605, 44.741836250798784, 43.25264919346236, 42.70253136450391, 42.70162839602155, 42.54108379325338, 42.46633418075298, 43.283974652711144, 43.76254815480038, 43.86448320240039, 44.00579526364519, 44.13204709287623, 44.53512656973226, 45.00308923453069, 45.02834231017381, 45.54100103188559, 46.342926843753084, 46.64707292042152, 46.892729128212835, 46.920291896854906, 47.15562588305911, 47.45071400704058, 47.29829295648508, 47.32972446438022, 47.0701970979571, 46.60133908830845, 43.93910399499934, 43.965519999853605, 42.8463185335791, 42.36769819613721, 42.48422201213708, 43.14678732665246, 43.204408753403825, 42.987129367489324, 42.71861551752827, 42.218024260854776, 43.78427764699175, 43.7998227421879, 45.88201681123198, 48.35066125430504, 52.66517418242145, 54.165304548411754, 54.2192964150305, 55.1700223006905, 56.06561304972104, 56.568639451506066, 56.32836730472771, 56.377365691915365, 56.32911547331972, 56.43372631611731, 56.397441973451954, 56.45830133233762, 56.210949980478276, 55.87835306637536, 55.50008970925533, 55.41701789139698, 56.21312283646389, 56.62187579784727, 55.98872109108079, 55.28748776588588, 53.78793174595387, 53.89181866004688], "rmsdiffs": [7.116247900169367, 3.7841006064095235, 3.8782206196507336, 4.0385138335351805, 4.302272714851334, 4.627583376687002, 3.5138249451399552, 4.3252623364665155, 3.8960910281906704, 4.344279641779702, 5.257857969034083, 4.560038730704598, 4.162427159830398, 4.416816515011939, 5.101226008436388, 4.496038075067532, 4.606219004902694, 4.029984016126027, 4.566811640738998, 5.097926025871523, 4.497902774494512, 4.482969279713908, 4.132059726038744, 4.114186981134473, 5.294181328411194, 5.255576399393565, 4.155802738416007, 4.843029416030308, 4.1500351430321665, 5.822374757585673, 4.758128475499496, 4.025412127044611, 4.351419861132628, 4.259842388242272, 5.191519798819505, 4.584611904938199, 4.231983096026792, 3.8287843549336835, 4.92590017795729, 5.028588501025042, 5.141652388952343, 4.05296506543003, 5.309544461547499, 5.903724188079537, 5.209976736031011, 5.100893457730592, 4.051351605922564, 5.077530530958789, 5.676093374297168, 4.2036148299094656, 4.083602399234517, 5.454573232911145, 4.3984000511121994, 5.469505789920093, 3.9954095769218356, 5.120531693052646, 4.980903941286035, 4.97010122084532, 5.7509620189889965, 3.971513282545356, 4.83492179997716, 4.761418490184511, 5.62686030400763, 4.744656985240518, 3.766055295895238, 4.435612770913477, 4.503824650874992, 5.474970617432443, 4.330390320865337, 3.683676224488913, 4.291660319824622, 4.349536430438445, 5.345509434199056, 4.202101307331482, 3.6516277636543717, 4.366594886962814, 4.295599967504433, 5.391546469551508, 3.6261184485077487, 4.54651954099051, 4.690742267021527, 4.513990986004595, 4.319265149371765, 4.475843896125311, 4.401960915835954, 4.461665383423351, 4.410700456395533, 5.065231959916879, 3.386202403701159]}, "frame_states": [1, 1, 1, 1, 1, 1, 1, 1, 1, 1, 1, 1, 1, 1, 1, 1, 1, 1, 1, 1, 1, 1, 1, 1, 1, 1, 1, 1, 1, 1, 1, 1, 1, 1, 1, 1, 1, 1, 1, 1, 1, 1, 1, 1, 1, 1, 1, 1, 0, 0, 0, 0, 0, 0, 0, 0, 0, 0, 0, 0, 0, 0, 0, 0, 0, 0, 0, 0, 0, 0, 0, 0, 0, 0, 0, 0, 0, 0, 0, 0, 0, 0, 0, 0, 0, 0, 0, 0, 0]}