{
    "frame_states": [
        0, 
        0, 
        0, 
        0, 
        0, 
        0, 
        0, 
        0, 
        0, 
        0, 
        0, 
        0, 
        0, 
        0, 
        1, 
        1, 
        1, 
        1, 
        0, 
        0, 
        0, 
        0, 
        0, 
        0, 
        0, 
        0, 
        0, 
        0, 
        0, 
        0, 
        0, 
        0, 
        0, 
        0, 
        0, 
        0, 
        0, 
        0, 
        0, 
        0, 
        0, 
        0, 
        0, 
        0, 
        0, 
        0, 
        0, 
        0, 
        0, 
        0, 
        0, 
        0, 
        0, 
        0, 
        1, 
        1, 
        1, 
        1, 
        1, 
        1, 
        1, 
        1, 
        1, 
        1, 
        1, 
        1, 
        1, 
        1, 
        1, 
        1, 
        1, 
        1, 
        1, 
        1, 
        1
    ], 
    "phase1": {
        "rmsdiffs": [
            9.60421708472185, 
            6.730099975365355, 
            6.598471287047239, 
            5.169432534602325, 
            6.941190541867131, 
            6.114513477782041, 
            6.051308240078183, 
            5.39970819714012, 
            5.201239691122929, 
            5.58562591340445, 
            5.7675003669811264, 
            7.010521069844398, 
            5.69477575732213, 
            5.77075723271454, 
            5.58482172327857, 
            5.577431174810614, 
            6.170632058315895, 
            6.794579345979785, 
            5.5589909826447235, 
            7.442228434677003, 
            6.937372270263325, 
            6.2643527129059695, 
            6.6356123356762815, 
            6.342516739485325, 
            6.949316639826061, 
            6.784656518631794, 
            6.389200958179452, 
            6.0143512336904905, 
            5.931674498885137, 
            6.1900008068092465, 
            7.810723399735307, 
            5.882508684752096, 
            6.745223397329202, 
            6.618516442722989, 
            5.944364343164851, 
            6.409833043458889, 
            6.632660838798757, 
            6.685117919657198, 
            6.041486073949585, 
            6.749211610887588, 
            7.524162194840453, 
            6.560194706090045, 
            6.632040565404848, 
            7.342732013008019, 
            6.403214190823997, 
            7.971321908084768, 
            7.930520370613072, 
            6.078834953674794, 
            7.773552329386736, 
            8.060817656785467, 
            6.230211595703976, 
            6.062997394209478, 
            6.849318920183515, 
            5.870946652793089, 
            5.911604327735368, 
            6.8888344130893255, 
            6.038562825835709, 
            7.7206497984580995, 
            7.4081461162893305, 
            7.138524001458686, 
            6.378556658530121, 
            6.338128872438724, 
            4.638005829006782, 
            6.193393982384765, 
            6.137260398105699, 
            5.911944483286201, 
            6.112650965478843, 
            6.940196509840398, 
            6.345010254578875, 
            5.53374875297297, 
            6.2230793898744, 
            7.197320438323866, 
            6.289592103925544, 
            6.350856725757884, 
            7.909024810183363
        ], 
        "shift_vectors": [
            [
                1, 
                62
            ], 
            [
                -1, 
                12
            ], 
            [
                -4, 
                9
            ], 
            [
                0, 
                1
            ], 
            [
                -4, 
                3
            ], 
            [
                -6, 
                5
            ], 
            [
                -5, 
                4
            ], 
            [
                -5, 
                6
            ], 
            [
                0, 
                -1
            ], 
            [
                -3, 
                6
            ], 
            [
                -2, 
                3
            ], 
            [
                -2, 
                -3
            ], 
            [
                0, 
                1
            ], 
            [
                -3, 
                -6
            ], 
            [
                -1, 
                -6
            ], 
            [
                0, 
                -1
            ], 
            [
                1, 
                -6
            ], 
            [
                2, 
                -7
            ], 
            [
                0, 
                -1
            ], 
            [
                3, 
                -2
            ], 
            [
                1, 
                -8
            ], 
            [
                -1, 
                -10
            ], 
            [
                -1, 
                0
            ], 
            [
                0, 
                -7
            ], 
            [
                0, 
                -5
            ], 
            [
                -1, 
                0
            ], 
            [
                5, 
                -2
            ], 
            [
                6, 
                1
            ], 
            [
                0, 
                -1
            ], 
            [
                8, 
                3
            ], 
            [
                18, 
                5
            ], 
            [
                0, 
                1
            ], 
            [
                8, 
                1
            ], 
            [
                4, 
                -1
            ], 
            [
                0, 
                -1
            ], 
            [
                2, 
                -5
            ], 
            [
                -2, 
                -9
            ], 
            [
                -1, 
                0
            ], 
            [
                -4, 
                -11
            ], 
            [
                -7, 
                -10
            ], 
            [
                -9, 
                -6
            ], 
            [
                -1, 
                0
            ], 
            [
                -8, 
                -7
            ], 
            [
                -8, 
                -7
            ], 
            [
                1, 
                0
            ], 
            [
                -8, 
                -7
            ], 
            [
                -10, 
                -9
            ], 
            [
                1, 
                0
            ], 
            [
                -12, 
                -11
            ], 
            [
                -8, 
                -7
            ], 
            [
                1, 
                -8
            ], 
            [
                1, 
                0
            ], 
            [
                -4, 
                -3
            ], 
            [
                -2, 
                -1
            ], 
            [
                1, 
                0
            ], 
            [
                3, 
                2
            ], 
            [
                1, 
                0
            ], 
            [
                -4, 
                3
            ], 
            [
                -2, 
                1
            ], 
            [
                -4, 
                3
            ], 
            [
                -1, 
                0
            ], 
            [
                -3, 
                2
            ], 
            [
                -1, 
                0
            ], 
            [
                -1, 
                0
            ], 
            [
                -2, 
                -1
            ], 
            [
                -2, 
                -1
            ], 
            [
