{
    "frame_states": [
        0, 
        0, 
        0, 
        0, 
        0, 
        0, 
        0, 
        0, 
        0, 
        0, 
        0, 
        1, 
        1, 
        1, 
        1, 
        1, 
        1, 
        1, 
        1, 
        1, 
        1, 
        1, 
        1, 
        1, 
        1, 
        1, 
        1, 
        1, 
        1, 
        1, 
        1, 
        1, 
        1, 
        1, 
        1, 
        1, 
        1, 
        1, 
        1, 
        1, 
        1
    ], 
    "phase1": {
        "rmsdiffs": [
            8.904758250980157, 
            5.48262497872516, 
            6.660169303825925, 
            5.876821107623007, 
            6.39109950129431, 
            6.22619863718284, 
            6.225806698673338, 
            6.383908845389971, 
            6.204789883034717, 
            5.211137489056197, 
            5.884896090068305, 
            6.97059740456237, 
            6.2700577124628065, 
            6.680219688856095, 
            6.6516333294782415, 
            6.10024143576979, 
            6.545675693419968, 
            6.8116891334407415, 
            6.033625276456909, 
            7.2384042861175795, 
            7.201288416177223, 
            6.974972637812955, 
            5.600474095526658, 
            6.264014160514909, 
            6.250409132844263, 
            6.355146354834189, 
            6.066143361311982, 
            6.187197069860488, 
            6.510370032121784, 
            6.669789016260766, 
            6.403892233235627, 
            6.157893207643175, 
            6.183804691369531, 
            6.51407041015177, 
            6.047601055416423, 
            6.264882131370721, 
            6.6278711154616285, 
            6.089676093978847, 
            7.511479420071581, 
            7.278335221295366, 
            6.715090472969148
        ], 
        "shift_vectors": [
            [
                -29, 
                -34
            ], 
            [
                3, 
                -2
            ], 
            [
                1, 
                0
            ], 
            [
                4, 
                -1
            ], 
            [
                4, 
                -1
            ], 
            [
                -1, 
                0
            ], 
            [
                4, 
                1
            ], 
            [
                4, 
                1
            ], 
            [
                1, 
                0
            ], 
            [
                2, 
                1
            ], 
            [
                2, 
                1
            ], 
            [
                2, 
                1
            ], 
            [
                -1, 
                0
            ], 
            [
                2, 
                1
            ], 
            [
                2, 
                1
            ], 
            [
                1, 
                0
            ], 
            [
                1, 
                0
            ], 
            [
                1, 
                0
            ], 
            [
                1, 
                0
            ], 
            [
                -1, 
                0
            ], 
            [
                3, 
                2
            ], 
            [
                5, 
                4
            ], 
            [
                5, 
                4
            ], 
            [
                2, 
                1
            ], 
            [
                1, 
                0
            ], 
            [
                -2, 
                -1
            ], 
            [
                -5, 
                -2
            ], 
            [
                1, 
                0
            ], 
            [
                -3, 
                -2
            ], 
            [
                2, 
                -1
            ], 
            [
                3, 
                2
            ], 
            [
                -1, 
                0
            ], 
            [
                5, 
                2
            ], 
            [
                6, 
                3
            ], 
            [
                1, 
                0
            ], 
            [
                5, 
                4
            ], 
            [
                6, 
                5
            ], 
            [
                1, 
                0
            ], 
            [
                7, 
                6
            ], 
            [
                6, 
                5
            ], 
            [
                5, 
                4
            ]
        ], 
        "stand_dev": [
            82.77553180989115, 
            82.61798043709089, 
            82.70340256491899, 
            82.35705797405431, 
            82.17170177270128, 
            82.17143102508062, 
            82.27133634343042, 
            82.4047071829785, 
            82.40690893641226, 
            82.71219520334967, 
            82.78519111558089, 
            83.0140608773237, 
            83.05765995580917, 
            83.38245649039534, 
            83.5864461832644, 
            83.59984393917526, 
            83.68865914366016, 
            83.65997182241347, 
            83.65754329647721, 
            83.7550561915346, 
            83.80922404724991, 
            84.2035070982858, 
            84.40734503268376, 
            84.50091271067413, 
            84.57257291085696, 
            84.54177556774206, 
            84.55346975051437, 
            84.5659368450175, 
            84.37646859225597, 
            83.99963909787353, 
            83.88169880463214, 
            83.90914369399418, 
            84.09224519891659, 
            84.59965604330569, 
            84.58796912164351, 
            84.91403830380361, 
            85.3445782094362, 
            85.35189091542593, 
            85.63920346164447, 
            85.73098042689941, 
            85.95619989709364
        ]
    }
}