{"phase1": {"shift_vectors": [[-63, 0], [15, 18], [7, 10], [1, 0], [4, 5], [4, 5], [5, 6], [-1, 0], [6, 5], [8, 5], [1, 0], [12, 3], [8, -1], [4, -3], [4, -3], [4, -3], [1, 0], [6, -3], [9, -2], [-1, 0], [10, -1], [8, -1], [-1, 0], [8, -1], [7, -2], [4, -3], [1, 0], [4, -1], [5, 0], [-1, 0], [6, 1], [5, 2], [1, 0], [4, 3], [4, 3], [4, 1], [1, 0], [8, 3], [1, 0], [6, 1], [7, 0], [-1, 0], [6, -1], [4, -1], [3, -2], [1, 0], [4, -3], [3, -2], [1, 0], [2, -1], [2, -1], [1, 0], [4, 1], [4, 1], [3, 0], [1, 0], [1, 0], [1, 0], [1, 0], [2, 1], [1, 0], [1, 0], [2, -1], [1, 0], [1, 0], [2, -1], [2, -1], [-1, 0], [4, -1], [5, 0], [1, 0], [3, 0], [1, 0], [2, 1], [1, 0], [2, 1], [-2, -1], [-1, 0], [-4, -3], [-4, -3], [-1, 0], [1, 0], [3, 0], [4, 1], [1, 0], [-1, 0], [-1, 0], [-3, -2], [-3, -2], [1, 0], [-1, 0], [2, 1], [-1, 0], [-1, 0], [-1, 0], [-2, 1], [1, 0], [-3, 0], [-2, -1], [-1, 0], [-1, 0], [-1, 0], [-1, 0], [-1, 0], [-1, 0], [-2, -1], [1, 0], [-3, 0], [-2, -1], [-1, 0], [-3, 0], [-5, 0], [-1, 0], [-6, -1], [-4, -1], [1, 0], [-3, -2], [-4, -3], [1, 0], [1, 0], [1, 0], [1, 0], [1, 0], [-1, 0], [-1, 0], [-1, 0], [-2, 1], [-5, 0], [1, 0], [-9, 0], [-8, 1], [-6, 1], [1, 0], [-10, 1], [-1, 0], [-5, 0], [-6, -1], [-1, 0], [-6, -1], [-4, -1], [-3, 0], [-1, 0], [-2, 1], [-2, 1], [-1, 0], [-3, 0], [-4, 1], [-1, 0], [-4, 1], [-5, 0], [-5, 0], [-1, 0], [-5, 0], [-5, 0], [1, 0], [-5, 0], [-5, 0], [-4, -1], [-2, -1], [-2, -1], [1, 0], [-2, -1], [-2, -1], [-1, 0], [-2, -1], [-2, -1], [1, 0], [-1, 0], [-3, 0], [-1, 0], [1, 0], [-1, 0], [-1, 0], [1, 0], [2, -1], [3, 0], [-1, 0], [3, 0], [2, -1], [2, -1], [1, 0], [2, -1], [-1, 0], [-1, 0], [-1, 0], [1, 0], [-1, 0], [-1, 0], [1, 0], [1, 0], [1, 0], [1, 0], [-1, 0], [-1, 0], [-1, 0], [-1, 0], [-1, 0]], "stand_dev": [41.667806490884175, 49.41056764411904, 57.0350536538133, 64.92850626791284, 72.31230418325545, 79.44681423230841, 86.10892323887013, 87.60804195595665, 87.03778741722405, 86.71816349410399, 86.71213257952286, 86.93983997096812, 87.43206911241468, 87.62605409631655, 87.6834350772976, 87.57260219052702, 87.61347361548094, 87.72420975488545, 87.93125487423144, 87.95565438118521, 88.2840058700653, 88.64355168992608, 88.64736035127692, 89.0989558872634, 89.4259949695371, 89.53108695999138, 89.52702685102928, 89.73642526436157, 90.01690170455885, 90.05784700126372, 90.4387129879707, 90.69495752818325, 90.71857467830432, 91.04520494200445, 91.06193882278306, 91.16235926793834, 91.42286011990474, 91.28961304558761, 91.29177540106889, 91.2872638948483, 91.42799888204148, 91.45315845742927, 91.62077199980646, 91.7456660066953, 91.81196367795982, 91.89928380002561, 92.01552626615403, 92.09134602832725, 92.29183303358903, 92.2474931154947, 92.16714122993012, 92.20991430968355, 92.28543394859726, 92.4625470376816, 92.49190186645623, 92.5431051926813, 92.59091881963481, 92.68458568243325, 92.68544006529494, 92.74683584042937, 93.05338759232077, 93.03498502716269, 92.88902757648769, 92.75836340627698, 92.75918524507738, 92.52216572124067, 92.1449624699652, 92.15702438528659, 92.15142566152622, 92.3727761211716, 92.37656639682348, 92.49107326237439, 92.66111474245238, 92.72056022481127, 92.71264646921227, 92.94735517933726, 92.9600810879527, 92.964240204201, 92.6608926802453, 92.10205984606773, 92.10337589155516, 91.88353296056565, 91.83471265542275, 92.0782227167837, 92.15430594456029, 91.88003364303579, 91.88471322565623, 91.52678549852648, 91.02770617241117, 91.03566190106969, 90.72226184683902, 90.80518077942216, 91.04927918462283, 91.11481655185679, 91.50044610073884, 91.73932451114443, 91.8142560337681, 91.71044274351128, 91.40962806388204, 91.42183669491415, 91.17572185174168, 91.2016744696392, 91.16777319707938, 91.18749740066592, 91.21634023381561, 91.25683018336471, 91.24990323701266, 91.06323318496688, 91.0861594521125, 90.99839746778075, 90.91580567508858, 90.74886757435004, 90.74971783179029, 90.42807454988841, 90.17329167190026, 90.19308755866089, 89.7741117743474, 89.2173017430816, 89.20809140929072, 88.50848588440039, 88.15942959748476, 87.77853585108879, 87.79898333567309, 87.78261355678464, 87.7934312829252, 87.80646315336455, 87.85392904799465, 87.80645598298011, 87.80032004231744, 87.60221695980023, 87.45497760040324, 87.46445022932842, 87.5466320865222, 87.3729010763066, 87.36874993160596, 87.29465535355016, 87.16996119498869, 87.18197998066209, 86.99616458760194, 86.81373151040417, 86.67498081414092, 86.7266617656351, 86.6679853904454, 86.79709747135973, 86.88369422158169, 86.95786279968179, 87.01892349079786, 87.03223926781716, 87.22981240938557, 87.31312695587606, 87.32585696742646, 87.33355990718528, 87.3634930831253, 87.33013758692654, 87.32314444476123, 87.41950297774532, 87.55157330903737, 87.4834648705281, 87.28240868946475, 87.0703085334775, 87.07063825702929, 86.84967737180519, 86.61096652898863, 86.64066519911128, 86.52421306858572, 86.42436618829977, 86.41813953058869, 86.31805523140933, 86.35756054864801, 86.2464539339804, 86.24017151578622, 86.21872274038464, 86.08203718916286, 86.11142564895515, 85.98215613947164, 85.94025893934092, 85.9491915142628, 85.9895134849651, 85.85750693524393, 85.7874196160745, 85.99134674684082, 85.77541309941974, 85.81596024994695, 85.72199418152493, 85.62793899110383, 85.65222468488435, 85.58610270860846, 85.42445370854972, 85.28596820183988, 85.44235805817154, 85.26054888365593, 85.1538140726443, 85.4453358051232, 85.26653234613288, 85.19125696469261, 85.22750348374898, 85.17822338594885],