{"phase1": {"shift_vectors": [[-50, 13], [-2, -1], [1, 2], [7, 8], [0, 1], [11, 16], [9, 24], [1, 0], [4, 17], [2, 5], [-1, 0], [-7, -2], [-17, -4], [-11, -4], [1, 0], [-5, -2], [0, 1], [0, 1], [0, 1], [0, -1], [-8, -3], [-10, -1], [0, 1], [0, -1], [-1, 2], [-1, 2], [0, 1], [-1, 2], [-1, 2], [0, 1], [-1, 2], [-1, 2], [-1, 2], [1, 0], [-1, 2], [-2, 3], [1, 0], [-2, 5], [-1, 6], [1, 0], [-1, 8], [-3, 18], [1, 0], [-5, 4], [-7, 4], [-1, 0], [-9, 2], [-10, 3], [1, 0], [-7, 6], [-8, 7], [-8, 7], [1, 0], [-6, 5], [-7, 0], [-1, 0], [-6, -1], [-5, -2], [1, 0], [-4, -3], [-4, -3], [-4, -3], [1, 0], [-4, -3], [-4, -3], [-3, -2], [-2, -1], [1, 0], [-3, -2], [-4, -1], [-6, -1], [-1, 0], [-8, -1], [-8, -1], [1, 0], [-6, 1], [-5, 2], [1, 0], [-4, 3], [-4, 3], [-4, 1], [-1, 0], [-4, 1], [-5, 0], [1, 0], [-5, 0], [-5, 0], [1, 0], [-6, -1], [-18, -5], [1, 0], [-9, 0], [-8, 1], [1, 0], [-6, 3], [-6, 5], [-1, 0], [-7, 6], [-5, 4], [-7, 0], [-1, 0], [-10, -1], [-12, -3], [-1, 0], [-16, -3], [-14, -1], [-1, 0], [-12, -1], [-7, 0], [-5, 0], [-1, 0], [-5, 2], [-4, 1], [-5, 0], [-3, 0]], "stand_dev": [60.77185349280115, 59.95372549570787, 59.96291846849374, 59.99899657752734, 59.94002155581914, 60.19225554905396, 60.02570313696613, 60.02514416205736, 58.78324407085396, 58.01003298398597, 58.00652486809109, 58.96363430231775, 59.1715548767655, 58.39442130282718, 58.42188861864747, 58.050253237215365, 57.96465664167021, 58.11230546263227, 58.63164367197142, 58.61481218118255, 58.75518206566576, 58.64807480150923, 58.76317019891435, 58.776952694586555, 58.86094412245659, 58.99290145830245, 58.98290718786439, 59.04838611193899, 59.11921169148042, 59.092057667283086, 59.3324008213266, 59.57645292354724, 60.0000847490944, 60.01811155189274, 60.45541944493721, 61.1346869081098, 61.08450365868745, 61.60503131085431, 62.164689311092786, 62.15704007800583, 62.07771210224795, 62.113922620129415, 62.1018732146568, 62.117911077021695, 61.79173210440909, 61.80629512601865, 61.7403891514012, 61.837086215234564, 61.86785047483489, 61.98006905652232, 61.83465840254568, 61.959868041319474, 61.94687403408354, 62.587392959369474, 63.21491663497016, 63.22438934123578, 64.03303193217833, 64.84725660822255, 64.84711044394865, 65.38386381111845, 65.73290534847206, 65.91451552183837, 65.91823366327577, 66.24064804725953, 66.51910326002869, 66.87415885262882, 66.92060559648297, 66.92684972255968, 67.09542634113302, 67.31524276032073, 67.3467586368651, 67.3569552429131, 67.43292477041236, 67.68777100186647, 67.67293180879038, 67.97307058378432, 68.29006801168528, 68.31506788506326, 68.54002822994738, 68.83617907996201, 69.06214875887927, 69.09267408034056, 69.37418715584863, 69.64284903431516, 69.67304766117766, 69.92825893817502, 70.11432306609262, 70.15987076307566, 70.21947503924214, 70.13666539309962, 70.12080534033437, 70.12387542039167, 70.05445775721006, 70.08398484433927, 70.15943368944707, 70.53911236448559, 70.56925064571665, 71.04068734357627, 71.42778344417624, 71.63295761737064, 71.61266581029577, 71.66211640724312, 71.346335067225, 71.3581158557158, 71.0612886120702, 70.82024671739067, 70.85252895510085, 70.78729189358909, 71.01123496585595, 71.09686366959296, 71.09308100939946, 71.2808137992516, 71.27097219956784, 71.10429672242411, 70.85546752694586], "rmsdiffs": [9.888382350253817, 7.251240706770974, 7.2613019597381445, 7.539821398497503, 3.5515460411952717, 7.295662956181571, 7.1930171747165925, 3.6706669505131204, 7.768702144306307, 7.871759579569087, 3.879339381814578, 7.674887507886552, 7.38468286652789, 7.699522678085701, 3.852341116954358, 7.726020694268583, 7.9693542222727, 7.93020674190524, 8.05418599749054, 4.081314105273606, 7.801729154731004, 7.839429320803404, 8.047016480285304, 4.17339875136357, 8.181219012637776, 7.881096054227194, 4.385323077701543, 7.716598941989646, 7.625031629557053, 4.671024667936145, 7.656760857796042, 7.7259374994613275, 7.7705875088241445, 4.858704300218375, 7.674142316000945, 7.626412422231812, 5.072584777763226, 7.564917949021906, 7.5735654816851605, 4.648398366387163, 7.447632775540925, 8.365292485792425, 4.4676224656483665, 7.2707068375342345, 6.266837199639455, 4.182423519059717, 5.200641025857533, 5.180534684788102, 4.2472699302665, 5.79904642213789, 6.451454231334167, 6.709626364711284, 4.125834355478557, 5.549404887964618, 5.521250853587385, 4.172908209892281, 5.617605334758589, 5.762273912461829, 4.301724531152959, 5.495899290164277, 5.66151987424195, 5.223631541397005, 4.525600972550972, 5.268955869368227, 5.310490628271971, 6.033583792125494, 6.200971896565398, 4.7941012957096145, 5.848214874436379, 5.879998396478255, 6.028739359771636, 4.498390330163765, 6.390519181670943, 6.480588697406694, 4.195371131659223, 6.168807837466262, 5.993866276361143, 4.549933551443647, 5.777720818332119, 5.705927053911791, 5.552707278361069, 4.362004882348929, 5.116171142734828, 4.844316871268471, 4.79945676662873, 3.995900677221873, 4.580913940299899, 4.436945943575109, 4.865578840736974, 6.873919378948062, 4.116438518363312, 6.03633784158663, 5.896773349311268, 4.211132582600382, 6.29579740148978, 6.887326374171006, 4.73655974956212, 6.933605682781548, 6.109346369893204, 6.26618634227472, 4.106896816407194, 6.120593237750393, 5.930417470974743, 3.654612185688992, 5.516897072401917, 5.5721358177408975, 3.5579437402092484, 5.493616788362995, 6.061489741814103, 5.228979498590085, 4.199441778405476, 5.541730531532943, 5.732897670047852, 5.868037375662303, 5.9147244768913]}, "frame_states": [0, 0, 0, 0, 0, 0, 0, 0, 0, 0, 0, 0, 0, 0, 0, 0, 0, 0, 0, 0, 0, 0, 1, 1, 1, 1, 1, 1, 1, 1, 1, 1, 1, 1, 1, 1, 0, 0, 0, 0, 0, 0, 0, 0, 0, 0, 0, 0, 0, 0, 0, 0, 0, 0, 0, 0, 0, 0, 1, 1, 1, 1, 1, 1, 1, 1, 1, 1, 1, 1, 1, 1, 1, 1, 1, 1, 1, 1, 1, 1, 1, 1, 0, 0, 0, 0, 0, 0, 0, 0, 0, 0, 0, 0, 0, 0, 0, 0, 0, 0, 0, 0, 0, 0, 0, 0, 0, 0, 0, 0, 0, 0, 0, 0, 0]}