{
    "frame_states": [
        0, 
        0, 
        0, 
        0, 
        0, 
        0, 
        0, 
        0, 
        0, 
        0, 
        0, 
        0, 
        0, 
        0, 
        0, 
        0, 
        0, 
        0, 
        0, 
        0, 
        0, 
        0, 
        0, 
        0, 
        0, 
        0, 
        0, 
        0, 
        0, 
        0, 
        0, 
        0, 
        0, 
        0, 
        0, 
        0, 
        0, 
        0, 
        0, 
        0, 
        0, 
        1, 
        1, 
        1, 
        1, 
        1, 
        1, 
        1, 
        1, 
        1, 
        1, 
        1, 
        1, 
        1, 
        1, 
        1, 
        1, 
        1, 
        1, 
        1, 
        1, 
        1, 
        1, 
        1, 
        1, 
        1, 
        1, 
        1, 
        1, 
        1, 
        1, 
        1, 
        1, 
        1, 
        1, 
        1, 
        1, 
        1, 
        1, 
        1, 
        1, 
        1, 
        1, 
        1, 
        1, 
        1, 
        1, 
        1, 
        1, 
        1, 
        1, 
        1, 
        1, 
        1, 
        1, 
        1, 
        1, 
        1, 
        1, 
        1, 
        1, 
        1, 
        1, 
        1, 
        1
    ], 
    "phase1": {
        "rmsdiffs": [
            9.307027134253504, 
            7.259526663461712, 
            7.176524804240294, 
            7.027199802077126, 
            5.452088546451225, 
            6.6702236032001725, 
            6.7215298414321625, 
            5.358557736831173, 
            6.200124355657334, 
            5.73882553795011, 
            5.359082988226628, 
            5.898745562761088, 
            6.131690241165764, 
            6.394181672047534, 
            6.5500533025271706, 
            7.024332665035089, 
            5.326393747460104, 
            7.53354914126677, 
            7.5293544427426795, 
            5.330890399688062, 
            7.390974174195499, 
            7.191073767164032, 
            7.094424715959551, 
            5.1859749100523596, 
            7.044984332538, 
            6.114199943770768, 
            5.18012995058912, 
            5.962084402261499, 
            5.65931405508215, 
            5.021559327226574, 
            5.542551691256381, 
            5.534753477081884, 
            5.511152669055882, 
            4.6868267498896445, 
            5.637555934842738, 
            6.063296701490105, 
            4.741777607333838, 
            5.64656726440575, 
            4.498894259326268, 
            5.629981451474248, 
            5.591072765143837, 
            5.56547583365905, 
            4.101673939824458, 
            4.6986026587155045, 
            4.128629779786923, 
            4.066760407975547, 
            4.061906065180846, 
            4.117989118945496, 
            4.345404774379867, 
            5.380030303264073, 
            5.352046811843937, 
            5.328146915912267, 
            4.2665222939515095, 
            5.343930232678022, 
            5.303611851991319, 
            4.122605847952133, 
            5.092459760206272, 
            5.088809870449285, 
            4.028729853478318, 
            5.112638108996338, 
            5.150350353862285, 
            4.829388035436225, 
            4.5686831350612715, 
            4.4102725834270915, 
            3.9321625446902266, 
            4.311953699341941, 
            4.5709033802632835, 
            3.9452185755371896, 
            4.600332444346235, 
            4.139008358654269, 
            5.105287976103001, 
            3.8816179513653424, 
            5.1913010218260895, 
            4.8018537818385605, 
            4.143647945044424, 
            3.4350622214869238, 
            3.9400756890684514, 
            4.04220636195732, 
            4.559302087913782, 
            4.433346990502574, 
            4.765426436953132, 
            4.095533125744723, 
            4.954180518651023, 
            4.932114402776716, 
            4.180486731193542, 
            5.480995533755802, 
            4.041919752332842, 
            4.306457828625976, 
            4.134215308832846, 
            4.2661819747843985, 
            3.9654168149681217, 
            4.59010478118723, 
            4.9714257604046255, 
            3.9900872651156014, 
            4.975111016781631, 
            4.4231880167354305, 
            4.211085613575407, 
            3.7258825322899396, 
            4.035279514356773, 
            4.238696607126206, 
            4.085036053918659, 
            4.11640962340792, 
            4.079806441559273, 
            4.059821003837844, 
            4.12810067080654
        ],