{"phase1": {"shift_vectors": [[-29, -34], [3, -2], [1, 0], [4, -1], [4, -1], [-1, 0], [4, 1], [4, 1], [1, 0], [2, 1], [2, 1], [2, 1], [-1, 0], [2, 1], [2, 1], [1, 0], [1, 0], [1, 0], [1, 0], [-1, 0], [3, 2], [5, 4], [5, 4], [2, 1], [1, 0], [-2, -1], [-5, -2], [1, 0], [-3, -2], [2, -1], [3, 2], [-1, 0], [5, 2], [6, 3], [1, 0], [5, 4], [6, 5], [1, 0], [7, 6], [6, 5], [5, 4]], "stand_dev": [82.77553180989115, 82.61798043709089, 82.70340256491899, 82.35705797405431, 82.17170177270128, 82.17143102508062, 82.27133634343042, 82.4047071829785, 82.40690893641226, 82.71219520334967, 82.78519111558089, 83.0140608773237, 83.05765995580917, 83.38245649039534, 83.5864461832644, 83.59984393917526, 83.68865914366016, 83.65997182241347, 83.65754329647721, 83.7550561915346, 83.80922404724991, 84.2035070982858, 84.40734503268376, 84.50091271067413, 84.57257291085696, 84.54177556774206, 84.55346975051437, 84.5659368450175, 84.37646859225597, 83.99963909787353, 83.88169880463214, 83.90914369399418, 84.09224519891659, 84.59965604330569, 84.58796912164351, 84.91403830380361, 85.3445782094362, 85.35189091542593, 85.63920346164447, 85.73098042689941, 85.95619989709364], "rmsdiffs": [8.904758250980157, 5.48262497872516, 6.660169303825925, 5.876821107623007, 6.39109950129431, 6.22619863718284, 6.225806698673338, 6.383908845389971, 6.204789883034717, 5.211137489056197, 5.884896090068305, 6.97059740456237, 6.2700577124628065, 6.680219688856095, 6.6516333294782415, 6.10024143576979, 6.545675693419968, 6.8116891334407415, 6.033625276456909, 7.2384042861175795, 7.201288416177223, 6.974972637812955, 5.600474095526658, 6.264014160514909, 6.250409132844263, 6.355146354834189, 6.066143361311982, 6.187197069860488, 6.510370032121784, 6.669789016260766, 6.403892233235627, 6.157893207643175, 6.183804691369531, 6.51407041015177, 6.047601055416423, 6.264882131370721, 6.6278711154616285, 6.089676093978847, 7.511479420071581, 7.278335221295366, 6.715090472969148]}, "horizontal_movement": [[0.0, 1.0, 0.16, 0.0, 1.0, 0.2608695652173913, 0.0, 0.0, 0.8, 1.0, 0.0, 1.0, 0.5454545454545454, 0.0, 1.0, 0.36363636363636365, 0.0, 0.0, -0.6190476190476191, -0.4, 0.15789473684210525, 1.4375, 0.0, 0.5333333333333333, 0.375, 0.0, -0.9411764705882353, 0.21052631578947367, 0.0, 0.0, 0.9473684210526315, 0.8823529411764706, 0.0, 1.0, 0.9285714285714286, 0.0, 0.07692307692307693, 0.75, 0.6666666666666666, 0.0, 1.0, -0.2], [-0.045454545454545456, 0.38095238095238093, 0.0, 0.0, 0.9090909090909091, 0.0, 0.0, 0.0, 0.6666666666666666, 1.0, 0.0, 0.8, 0.2, 0.0, 1.0, 0.05555555555555555, 0.0, 0.0, -0.5789473684210527, -0.7692307692307693, 0.0, 1.0, 0.0, 0.38461538461538464, 0.0, 0.0, -1.0, 0.0, 0.0, 0.0, 0.07142857142857142, 1.0, 0.0, 0.21428571428571427, 0.07142857142857142, 0.0, 0.0, 0.7, 1.0, 0.0, 0.8, 0.0], [0.0, 0.2647058823529412, -0.25925925925925924, 0.0, 0.7692307692307693, -0.1724137931034483, 0.0, 0.0, 0.28, 0.92, 0.0, 0.3076923076923077, 0.16, 0.0, 0.9696969696969697, 0.0, 0.0, 0.0, -1.0, -0.84, -0.03225806451612903, 1.1153846153846154, 0.030303030303030304, 0.4, -0.03571428571428571, 0.0, -1.9333333333333333, -0.5483870967741935, -0.6129032258064516, 0.0, 0.42857142857142855, 1.0, 0.0, 0.8, 0.23809523809523808, 0.0, 0.24, 0.5517241379310345, 0.45161290322580644, 0.0, 0.2, -0.7878787878787878], [0.0, 1.1555555555555554, 0.9534883720930233, 0.0, 1.4186046511627908, 0.9285714285714286, 0.0, 0.3157894736842105, 0.9047619047619048, 1.3243243243243243, 0.0, 0.9767441860465116, 0.075, 0.0, 0.7391304347826086, 0.045454545454545456, 0.0, 0.06666666666666667, 0.42857142857142855, 0.6216216216216216, 0.75, 0.5405405405405406, 0.0, -0.425, -0.10526315789473684, 0.0, -0.5526315789473685, 1.3333333333333333, 0.5, 0.0, 1.069767441860465, 0.9069767441860465, 0.0, 0.6666666666666666, 0.625, 0.0, 0.5757575757575758, 1.1111111111111112, 1.1363636363636365, 0.0, 0.9714285714285714, 0.0], [0.0, 0.813953488372093, 0.525, 0.0, 1.0476190476190477, 0.34146341463414637, 0.0, 0.11627906976744186, 0.4418604651162791, 1.1025641025641026, 0.0, 0.325, 0.046511627906976744, 0.0, 0.37209302325581395, 0.0, 0.0, 0.0, 0.07317073170731707, 0.10810810810810811, 0.13636363636363635, 0.1875, 0.0, -0.4444444444444444, -0.17647058823529413, 0.0, -0.6744186046511628, 1.0, 0.05405405405405406, 0.0, 0.4411764705882353, 0.2972972972972973, 0.0, -0.05714285714285714, -0.0967741935483871, 0.0, -0.05405405405405406, 0.7857142857142857, 0.9361702127659575, 0.0, 0.6857142857142857, -0.11363636363636363], [0.0, 0.8085106382978723, 0.25, 0.0, 1.0666666666666667, 0.14893617021276595, 0.0, 0.0625, 0.16666666666666666, 0.9555555555555556, 0.0, 0.125, -0.10869565217391304, 0.0, 0.125, -0.3191489361702128, 0.0, -0.3541666666666667, 0.0, 0.13953488372093023, 0.06382978723404255, 0.05128205128205128, 0.0, -0.7659574468085106, -0.5681818181818182, 0.0, -0.717391304347826, 0.6046511627906976, 0.020833333333333332, 0.0, 0.717391304347826, 0.3488372093023256, 0.0, 0.08888888888888889, -0.05263157894736842, 0.0, 0.027777777777777776, 0.8863636363636364, 0.9545454545454546, 0.0, 0.22857142857142856, -0.5], [0.05, 1.71875, 1.303030303030303, 0.0, 2.0, 0.9117647058823529, 0.0, 0.3888888888888889, 0.7222222222222222, 1.457142857142857, 0.025, 0.6285714285714286, -0.16129032258064516, 0.0, 0.07894736842105263, 0.16666666666666666, 0.0, 0.35135135135135137, 1.5405405405405406, 1.7777777777777777, 1.1714285714285715, -0.5294117647058824, 0.0, -1.2, -0.21212121212121213, 0.0, 1.3548387096774193, 2.484848484848485, 1.5161290322580645, 0.0, 1.5454545454545454, 0.6363636363636364, 0.0, 0.8333333333333334, 1.1666666666666667, 0.0, 1.7307692307692308, 1.9714285714285715, 1.8387096774193548, 0.0, 1.0606060606060606, -0.1875], [0.1, 1.175, 1.0512820512820513, 0.0, 1.4054054054054055, 0.5128205128205128, 0.0, 0.15, 0.39473684210526316, 1.1794871794871795, 0.0, 0.125, -0.23076923076923078, 0.0, -0.125, -0.07692307692307693, 0.0, 0.075, 1.075, 1.225, 0.525, -0.875, 0.0, -1.358974358974359, -0.475, 0.0, 0.8, 1.9230769230769231, 0.525, 0.0, 0.5, -0.3, 0.0, -0.375, -0.06060606060606061, 0.0, 0.3125, 0.7297297297297297, 0.7647058823529411, 0.0, 0.030303030303030304, -0.78125], [0.025, 0.6153846153846154, 0.21621621621621623, 0.0, 0.7631578947368421, -0.5135135135135135, 0.0, -0.48717948717948717, -0.675, 0.027777777777777776, 0.0, -0.7105263157894737, -1.4473684210526316, 0.0, -1.2564102564102564, -1.3513513513513513, 0.0, -1.1578947368421053, 0.05405405405405406, 0.3157894736842105, -0.4594594594594595, -1.8529411764705883, 0.0, -2.611111111111111, -1.2413793103448276, 0.0, 0.027777777777777776, 1.0, -0.3333333333333333, 0.0, -0.23333333333333334, -1.096774193548387, 0.0, -1.032258064516129, -0.7037037037037037, 0.0, -0.24, 0.5, 0.675, 0.0, -0.15384615384615385, -1.0256410256410255]], "frame_states": [0, 0, 0, 0, 0, 0, 0, 0, 0, 0, 0, 1, 1, 1, 1, 1, 1, 1, 1, 1, 1, 1, 1, 1, 1, 1, 1, 1, 1, 1, 1, 1, 1, 1, 1, 1, 1, 1, 1, 1, 1], "brightness": [127, 127, 127, 126, 126, 126, 127, 127, 128, 129, 129, 129, 131, 132, 132, 133, 133, 133, 134, 135, 139, 141, 141, 141, 140, 139, 139, 138, 136, 136, 136, 137, 139, 139, 141, 143, 143, 147, 151, 154, 154, 155, 155],