{"phase1": {"shift_vectors": [[61, 0], [-14, -3], [-1, 0], [-11, -2], [-11, -4], [1, 0], [-12, -7], [-13, -8], [-13, -10], [-1, 0], [-12, -9], [-12, -9], [-14, -9], [-13, -8], [-1, 0], [-10, -7], [-7, -6], [-6, -5], [1, 0], [-7, -6], [-4, -9], [-1, 0], [2, -9], [8, -7], [1, 0], [7, -12], [3, -12], [2, -11], [-1, 0], [0, -9], [-2, -9], [1, 0], [-9, -8], [-12, -11], [1, 0], [-14, -9], [-18, 5], [-1, 0], [-9, -4], [-14, -7], [0, 1], [-12, -7], [-3, 4], [-1, 0], [-2, 3], [-8, -1], [-10, -1], [1, 0], [-12, -1], [-6, -1], [-1, 0], [3, 2], [3, 2], [1, 0], [3, -2], [12, -5], [22, 1], [1, 0], [28, 5], [25, 4], [21, 2], [19, 0], [-1, 0], [25, 0], [36, 3], [37, 4], [1, 0], [36, 1], [34, -1], [-1, 0], [34, -1], [37, -2], [1, 0], [38, -1], [39, 0], [38, 1], [-1, 0], [37, 0], [37, 2], [1, 0], [37, 4], [36, 1], [1, 0], [33, 0], [62, 1], [1, 0], [35, 0], [36, -1], [-1, 0], [34, -1], [35, 0], [-1, 0], [34, 1], [33, 0], [33, 0], [0, -1], [32, -1], [32, -1], [0, 1], [34, -1], [33, 0], [0, -1], [33, 0], [31, 0], [29, 0], [0, -1], [28, 1], [27, 2], [27, 2], [25, 2], [0, 1], [25, 2], [27, 2], [29, 2], [1, 0], [30, 1], [29, -2], [1, 0], [37, -4], [37, -4], [1, 0], [29, -2], [27, -4], [27, -4], [1, 0], [36, -7], [38, -5], [-1, 0], [39, -2], [29, -2], [-1, 0], [25, -4], [37, -8], [1, 0], [22, -3], [23, -2], [1, 0], [20, -1], [14, -1], [1, 0], [15, -4], [17, -4], [22, -1], [-1, 0], [23, 2], [19, 4], [1, 0], [16, 3], [13, 2], [1, 0], [13, 2], [16, 3], [15, 4], [-1, 0], [12, 3], [11, 2], [11, 2], [12, 3], [1, 0], [12, 3], [14, 5], [13, 4], [-1, 0], [11, 2], [9, 2], [-1, 0], [9, 0], [3, -2], [-1, 0], [-7, -6], [-7, -6], [-6, -5], [1, 0], [-3, -2], [11, 0], [-1, 0], [23, 8], [27, 10], [-1, 0], [17, 4], [16, -5], [1, 0], [7, -6], [10, -3], [-1, 0], [11, -2], [9, 0], [-1, 0], [9, 0], [10, 1], [7, 0], [1, 0], [-1, 0], [-2, -1], [-1, 0], [1, 0], [5, 2], [1, 0], [8, 5], [6, 5]], "stand_dev": [90.67201121309581, 89.24238021514766, 89.22892152991749, 88.23001536319384, 87.19604226985439, 87.19584302634632, 85.32645089064019, 82.90630792553468, 80.3648945239353, 80.38156713104394, 77.93397760515509, 75.75387098852194, 73.48144542920363, 71.6860364551239, 71.69585949157228, 69.95361647883121, 68.48653435602482, 66.91033227535601, 66.90943856961779, 64.93968158798002, 62.88677105333534, 62.902935756903446, 60.75304501350761, 58.47558914889112, 58.58229577976306, 56.13953086820403, 53.13109828550272, 50.24488154274059, 50.24069700106384, 47.957748203462664, 46.01832247655447, 46.059032487896395, 44.4590514838354, 41.93594509447074, 41.95294448000822, 42.37354180947198, 46.0213998339673, 46.03565462296866, 47.33934600416345, 48.08742724622375, 48.076892925898896, 49.978060196539346, 53.0335663622846, 53.03952406552966, 55.14655959088501, 56.607242499228555, 57.375751809494986, 57.35275482876526, 57.67080198919273, 58.12878613339936, 58.12267378545845, 59.111864962502096, 59.638900515862396, 59.67379717840883, 59.65638990159249, 59.01946110060355, 58.89477401139732, 58.867705769850566, 58.75978983924043, 59.40320727808963, 60.483294073628926, 61.043870206737665, 61.03841895749529, 60.26771463243162, 59.43449061285603, 59.28797830803134, 59.278179111473364, 60.16752481831576, 61.54508409864127, 61.547374698603996, 61.54604789201992, 60.259878618319476, 60.24321986867904, 57.96048572642305, 56.636575166005905, 55.79473863090127, 55.80427349109321, 55.20263290099093, 55.31661877188853, 55.34700621389718, 55.547251263052196, 55.61977147887844, 55.64254206486041, 55.18867171448657, 51.558175490913904, 51.55117743186166, 51.04935513333294, 51.39721030786294, 51.39414711096986, 51.599565258926695, 52.3829274813899, 52.39333358156839, 53.654554440502345, 54.11089414404636, 54.94624467604158, 54.98394015272795, 56.203813369845385, 56.859130201915065, 56.86162090749186, 57.17934932488566, 56.83535661084584, 56.86090889950237, 57.64659688836698, 58.84614592010598, 58.466286186880076, 58.49460832599464, 57.87668616221264, 57.001849335334924, 57.217003015172494, 57.33306184830423, 57.35206932943975, 56.345669206368655, 54.40648807575012, 53.348165452412545, 53.35866300877419, 52.587052436311694, 51.18705191546555, 51.19722263946357, 51.10852489659773, 51.456769627791175, 51.48267320342207, 51.05530522999617, 51.354105459364355, 51.93166859756181, 51.93256444979309, 51.40375608537125, 50.746227863530834, 50.763737228567855, 50.088848405629, 50.833166812463716, 50.830882656537156, 51.621899708210464, 49.06821332369042, 49.07649354730985, 46.40988001335097, 44.81728734159705, 44.81153984691665, 45.57080235271899, 46.935648384910344, 46.958735523545656, 48.13361173115348, 48.23397017562962, 47.53119253412663, 47.539231829950246, 47.16401197945569, 47.625851050993624, 47.63352654225135, 48.10769942704091, 48.07091937642168, 48.082335710345056, 47.61989605203723, 47.2400445891502, 47.587670171507696, 47.60251136694183, 48.3920434641208, 48.82646431589319, 48.95367201102993, 48.718393623741896, 48.735222135630345, 48.611129027840356, 48.44403157017284, 48.93194466585268, 48.936173520928655, 49.844888278905984, 50.558270430100244, 50.57857479813089, 51.51573587436421, 53.020945580867135, 53.21629091211136, 53.44506248251977, 54.635140334109956, 56.324594334154185, 56.30890585388931, 56.19076440562507, 55.04031129102653, 55.07120187667898, 54.8220252491358, 55.70558558453655, 55.716496791927646, 57.374246190767465, 59.743771643288106, 59.781949883783774, 60.15899099282747, 61.028756702111515, 61.01776818373342, 61.80106998741484, 62.52186577879281, 62.55658271904763, 62.986235232843725, 63.738339110964546, 64.60724099518904, 64.62758319708195, 64.60416395415187, 65.04505091994314, 65.05372233300815, 65.41766341732291, 65.64914242825164, 65.6806415203987, 66.11585760580205, 66.84688042468758],