{
    "brightness": [
        167, 
        165, 
        165, 
        161, 
        158, 
        158, 
        156, 
        155, 
        155, 
        155, 
        155, 
        156
    ], 
    "horizontal_movement": [
        [
            -0.11428571428571428, 
            0.0, 
            -0.6086956521739131, 
            -0.875, 
            0.0, 
            -1.0, 
            -0.8846153846153846, 
            0.0, 
            0.0, 
            -0.5333333333333333, 
            0.09090909090909091
        ], 
        [
            0.6551724137931034, 
            0.0, 
            0.0, 
            -0.3181818181818182, 
            0.0, 
            -0.45454545454545453, 
            -0.75, 
            0.1, 
            0.0, 
            -0.13793103448275862, 
            0.125
        ], 
        [
            -0.4, 
            0.0, 
            -0.6, 
            -0.8571428571428571, 
            0.0, 
            -0.8125, 
            -0.1935483870967742, 
            0.875, 
            0.0, 
            0.42424242424242425, 
            0.56
        ], 
        [
            0.6486486486486487, 
            0.0, 
            1.3333333333333333, 
            1.3142857142857143, 
            0.0, 
            1.2777777777777777, 
            1.0588235294117647, 
            1.5789473684210527, 
            0.02127659574468085, 
            1.2307692307692308, 
            1.5897435897435896
        ], 
        [
            1.0, 
            0.0, 
            0.92, 
            0.8636363636363636, 
            0.0, 
            0.96, 
            0.5666666666666667, 
            1.0, 
            0.0, 
            0.10344827586206896, 
            0.2692307692307692
        ], 
        [
            -0.6285714285714286, 
            0.0, 
            -0.6538461538461539, 
            -0.96, 
            0.0, 
            -0.5185185185185185, 
            -0.4411764705882353, 
            0.3125, 
            0.0, 
            -0.25, 
            -0.06451612903225806
        ], 
        [
            0.20689655172413793, 
            0.0, 
            -0.3333333333333333, 
            2.35, 
            0.0, 
            1.5555555555555556, 
            1.4482758620689655, 
            1.9666666666666666, 
            0.0, 
            1.0333333333333334, 
            1.6129032258064515
        ], 
        [
            0.6153846153846154, 
            0.0, 
            0.8333333333333334, 
            2.7142857142857144, 
            0.0, 
            -0.045454545454545456, 
            -0.47619047619047616, 
            -0.25, 
            0.0, 
            -0.36, 
            -1.25
        ], 
        [
            -1.4736842105263157, 
            0.0, 
            -0.1111111111111111, 
            0.1, 
            0.02564102564102564, 
            0.043478260869565216, 
            0.14285714285714285, 
            0.35714285714285715, 
            0.0, 
            -0.5517241379310345, 
            -1.8148148148148149
        ]
    ], 
    "mean_vector_length": [
        [
            0.8109936088814355, 
            0.0, 
            1.6265629320519823, 
            1.7996797669807734, 
            0.0, 
            1.8099757269914871, 
            1.9003434520745608, 
            1.5238195240587031, 
            0.0, 
            1.482153704498695, 
            1.035122683397516
        ], 
        [
            1.6948587115853826, 
            0.0, 
            0.9593456298559223, 
            1.3272753643798836, 
            0.0, 
            1.7766548878968231, 
            0.9289975644174332, 
            0.7138071187457699, 
            0.0, 
            0.6719062542840888, 
            0.6595177968644247
        ], 
        [
            2.270152992957253, 
            0.025, 
            1.7734084106327694, 
            2.183997358550085, 
            0.0, 
            1.8818999858950691, 
            0.8198133407217127, 
            1.6899265849919494, 
            0.0, 
            1.4817366918861652, 
            0.9516966865441537
        ], 
        [
            1.7600828026945512, 
            0.0, 
            3.3179160266793417, 
            2.76747909289392, 
            0.02127659574468085, 
            2.243167999451182, 
            2.29406438815055, 
            2.368831904888079, 
            0.0425531914893617, 
            1.6869862531431392, 
            2.336626958149736
        ], 
        [
            1.641469152591003, 
            0.0, 
            1.6649490688688349, 
            1.7604598347265226, 
            0.0, 
            2.0464488501795115, 
            1.8788588978273946, 
            1.75480103199502, 
            0.0, 
            1.0677237944433673, 
            1.3373067895876696
        ], 
        [
            1.2116196783524105, 
            0.020833333333333332, 
            1.2813808769850157, 
            1.4810305054255075, 
            0.0, 
            1.1859967567216345, 
            1.531406385398801, 
            1.5812686861453509, 
            0.0, 
            1.4254459868353284, 
            1.0612740302132795
        ], 
        [
            5.224356783527528, 
            0.030303030303030304, 
            3.7825560465205292, 
            3.6396100914121448, 
            0.0, 
            2.206004070823707, 
            2.438559073687961, 
            2.226618502944674, 
            0.0, 
            1.8194285141187043, 
            3.478681273068535
        ], 
        [
            2.386765107729426, 
            0.0, 
            4.497858484834771, 
            4.146934779322519, 
            0.0, 
            2.2566832196166655, 
            3.079790923363213, 
            2.7332305208050776, 
            0.0, 
            2.1721440520166353, 
            2.9489831479000195
        ], 
        [
            1.8677106574149152, 
            0.025, 
            2.8336456954338414, 
            2.882847372873255, 
            0.02564102564102564, 
            3.0277601194093013, 
            3.313106072613781, 
            3.2956055357014713, 
            0.1282051282051282, 
            2.6379065838921, 
            2.30377040157912
        ]
    ],