{"phase1": {"shift_vectors": [[-63, 0], [2, -1], [3, 0], [3, 0], [4, -1], [4, -1], [5, 0], [5, 0], [5, 0], [5, 0], [5, 0], [5, 0], [5, 0], [9, 0], [5, 0], [5, 0], [5, 0], [5, 0], [5, 0], [3, 2], [4, 3], [5, 2], [4, 1], [3, 0], [3, 0], [1, 0], [3, 0], [3, 0], [3, 0]], "stand_dev": [86.17634109982833, 86.46569370475773, 87.31386204703996, 87.96171195046573, 88.73396542717086, 89.7017650271589, 90.3943606452255, 91.0923374881232, 91.74791644194534, 92.2071587283382, 92.79431653152375, 93.76952017007464, 94.28540943616224, 95.48437839883395, 95.84420968158587, 96.17156710874796, 96.90949730118744, 97.3726951048198, 97.7657527870337, 98.60908323013138, 98.88762581795393, 99.51639299162242, 100.28270127836998, 100.68740717381098, 101.34087883804159, 102.15307787638724, 102.50120958193068, 102.8784071197913, 103.49586420042723], "rmsdiffs": [8.751820530809844, 4.920792265774736, 4.47594545740441, 4.481921940471679, 4.603923507822248, 4.524786765709003, 3.820901901198548, 3.7571279587854955, 4.264060678897034, 4.34232813687473, 4.21943644572472, 4.575948954741022, 4.047887019956734, 4.876291869680235, 4.290850711108681, 4.345817369485731, 4.577559952432107, 4.465345810891766, 4.312577994527188, 4.54990058047183, 4.220654935784025, 4.307712779407855, 4.018117921557447, 3.8269684149805414, 4.279321137135217, 4.349802678516288, 4.12574356765489, 4.123245230364386, 4.110263453232644]}, "frame_states": [0, 0, 0, 0, 0, 0, 0, 0, 0, 0, 0, 0, 0, 1, 1, 1, 1, 1, 1, 1, 1, 1, 1, 1, 1, 1, 1, 1, 1]}