{"phase1": {"shift_vectors": [[51, 8], [0, 1], [4, -1], [4, -1], [6, 1], [1, -2], [-6, -3], [-1, 2], [1, 0], [-4, -1], [-5, -2], [-2, -3], [-2, -3], [-1, -2], [0, -1], [1, -2], [1, 2], [-1, 2], [-1, 2], [-1, 2], [-1, 2], [-4, 9], [-4, 5], [-15, -10], [-9, 2], [-19, 0], [-19, -2], [-12, 5], [-10, 5], [-14, 1], [-14, -3], [-8, -1], [-23, -8], [-26, -11], [0, 5], [7, 8], [-11, -8], [-8, -5], [6, 9], [-10, 3], [-16, -7], [-1, 0], [9, 10], [-3, 0], [2, -1], [5, -2], [5, -2], [10, -7], [6, -1], [4, 5], [-2, -3], [-8, 1], [2, 11], [10, 17], [-5, 8], [-22, -1], [-13, 0], [-5, -2], [-11, -12], [-7, -8], [10, 5], [2, 3], [-5, -8], [1, -4], [-1, -2], [-2, -3], [-6, -3], [-3, 2], [0, 3], [-6, -1], [-11, -2]], "stand_dev": [68.72272033262715, 68.84214919360278, 69.10031199650665, 69.45336727778209, 69.0641775137668, 69.19646497086477, 69.70484396542226, 69.3513212270674, 68.94330354645558, 68.92406807669482, 68.88449409156192, 68.90400941888393, 69.19567853111606, 69.27123916361364, 69.39847650042425, 69.54010382923828, 69.4340998701238, 69.46150829172494, 69.43951947179447, 69.47147095928021, 69.31064205052337, 67.68878060120777, 67.10903375789518, 68.45841067510483, 67.94088360053989, 67.68839824715158, 67.23284726379265, 65.96043400154396, 65.00877061731389, 64.52452991666944, 64.51371632009936, 64.51812110731578, 66.51248482487838, 69.90266337199101, 69.4161304382558, 68.12029780759148, 70.30480300145729, 71.23362271852793, 70.38217829043032, 69.89100004526851, 71.16190939039465, 70.61115486787752, 69.40057487947053, 69.39383133112216, 69.30453822628378, 69.37843127382234, 69.49536631105869, 69.7289886935204, 69.32365057210406, 68.76197221142475, 68.99428251651169, 69.4027230971865, 67.42691127743674, 64.40757620129375, 63.17630065471864, 64.23326979463897, 64.89753307174952, 65.45457594930411, 68.03341605005654, 69.32659640445955, 68.1638444419289, 68.37207663617589, 69.54442747161357, 69.83266941797943, 69.90008196703494, 70.2467726656709, 70.78166711510777, 70.90697293776955, 70.81516772274244, 70.8441294771686, 71.14042052078123], "rmsdiffs": [10.120827662293287, 7.620233737979989, 6.892688420263584, 7.022821605325205, 6.871567425356792, 7.410515645014406, 7.15660708578717, 6.882534661009606, 7.4750771201145865, 6.909874759693783, 7.080477924671065, 7.005999516341295, 6.924151688850065, 7.034794753497761, 7.1047916272648255, 7.9300329383975825, 7.084093406970037, 7.0724781013878095, 7.5088530351767195, 7.955595756049868, 8.034434191919871, 7.228486484809926, 7.0977112262013575, 8.33217735220341, 7.165617975764488, 6.4823348874560125, 6.902498585745672, 7.416027621701173, 7.270661101640429, 7.528238212837711, 7.5943927703281835, 7.466121784919254, 8.466690762943953, 7.582210452551389, 7.5912515089299335, 8.305264105103586, 8.194157547572447, 7.798619769905715, 7.583892888867577, 8.020634153786816, 6.897991018410393, 7.3979162264202225, 7.2885304434056515, 6.342458104906101, 7.539226595172488, 5.950227952474008, 6.359473436425226, 7.690154286678554, 8.128089139668518, 7.814840312945582, 7.943910759149343, 7.402547586120782, 7.923749736219781, 6.838589791298881, 7.557756910171341, 6.394752287689234, 7.39875457092474, 7.5978874281520214, 7.740461147456684, 7.3935122391140755, 8.236973402252854, 7.68340319912232, 7.484370495770976, 7.576941178933624, 6.951056119410573, 6.544974899421656, 7.201245902349371, 6.502136363576716, 6.461121201840587, 6.927511015107893, 6.631955007703299]}, "frame_states": [0, 0, 0, 0, 0, 0, 0, 0, 0, 0, 0, 0, 0, 1, 1, 0, 0, 0, 0, 0, 0, 0, 0, 0, 0, 0, 0, 0, 0, 0, 0, 0, 0, 0, 0, 0, 0, 0, 0, 0, 0, 0, 0, 0, 0, 0, 0, 0, 0, 0, 0, 0, 0, 0, 0, 0, 0, 0, 0, 0, 0, 0, 0, 0, 0, 0, 0, 0, 0, 0, 0]}