{"phase1": {"shift_vectors": [[-3, 0], [5, -4], [7, -2], [7, -2], [5, -4], [-5, -4], [-5, -4], [-2, -1], [2, -1], [-1, 0], [-4, 3], [-5, 2], [-7, 0], [-6, 1], [-4, 3], [4, 3], [-3, 2], [-9, 2], [3, 2], [3, 2], [-2, 1], [-2, 1], [-3, 2], [-3, 0], [-3, 2], [-3, 0], [-4, -3], [-6, -3], [-6, -3], [-7, -2], [-10, -1], [-11, 0], [-13, 0], [-15, 4], [-17, 8], [-16, 7], [-14, 3], [-15, 2], [-12, 1], [-10, 7], [-10, 3], [-22, 1], [-10, 7], [-9, 8], [-8, 3], [-8, 5], [-7, 0], [-7, -6], [-6, -3], [-9, -8], [-2, -1], [-1, 0], [-3, -2], [-7, -6], [2, -1], [1, 0], [4, -3], [4, 1], [2, 1], [5, 4], [5, 4], [5, 4], [7, 6], [5, 4], [2, 1], [-3, -2], [1, 0], [5, 4], [4, 3], [3, 2], [-6, -1], [-5, -2], [-6, -1], [-3, 0], [-3, 2], [-3, 2], [-3, 2], [-6, 3], [-11, 6], [-7, 4], [-7, 6], [-9, 4], [-9, 2], [-9, 2], [-8, 3], [-9, 4], [-9, 2], [-9, 2], [-9, 2], [-14, 3], [-8, 3], [-10, 1], [-11, 2], [-11, 0], [-10, 1], [-10, 1], [-11, 2], [-10, -1], [-9, -2], [-8, -5], [-5, -4], [-4, -3], [-4, -1], [-5, 0], [-4, -1], [-2, 1], [-4, 1], [-4, 1], [-6, 1], [-5, 2], [-4, 1], [-5, 0], [-5, 0], [-9, 0], [-4, -3], [-4, -3], [-4, -3], [-3, -2], [-2, 1], [-3, 2], [-6, 1], [-5, 0], [-3, 0]], "stand_dev": [82.6607308255586, 82.62229831549035, 82.60650776883907, 82.91996628535048, 83.44682914915764, 83.81812925024234, 84.21878820905467, 84.5710184305517, 84.39438093258225, 84.42603737059639, 84.59590303255514, 84.71230669581212, 84.55537995024507, 84.45112517511387, 84.32355521642643, 84.13904773501241, 84.35095155263127, 84.29077274209733, 83.51914753218256, 83.2116778412323, 83.26437289851519, 82.9575154704342, 82.68345600749308, 82.71963772618084, 82.47111872076692, 82.37947741214052, 82.0024206983056, 81.38699957345804, 81.05329203415198, 81.11793783871956, 81.3009726081354, 81.14431889028685, 80.56599341632516, 79.96623152533698, 79.21633179308236, 78.74536243663046, 79.09983460309559, 79.1549376827358, 79.0972406892752, 79.57876978979314, 80.00465864137396, 79.68518155009043, 79.85908600776925, 80.27433754051854, 80.78282641271517, 81.13752422302889, 81.18730280745014, 80.19881049027624, 79.75763504428025, 77.68152579285713, 76.21737358756947, 76.49380042162029, 75.52953393348919, 73.85139671231035, 72.56429884777972, 73.19683719748714, 71.570163898082, 71.64555511831105, 72.06427817784264, 73.34284122243696, 74.41856084290426, 74.83075931404692, 75.72106009690006, 76.02002396793267, 76.07138724015995, 75.3094835783167, 75.38912383862788, 75.77297350208659, 75.93677399811261, 76.19738508473179, 76.05364433809189, 75.72350360370949, 75.72534099947204, 75.63077420209285, 75.78980880061039, 75.72732635467533, 75.6537666223224, 75.62830837158205, 75.38438503562537, 75.29201687863663, 75.06866579935468, 74.75062885812109, 74.01771024083304, 73.73644852564159, 73.27536493082205, 73.05083707633062, 72.82981589299247, 72.90550106572005, 73.11419946246545, 73.29307351643524, 73.28808660572902, 73.23871094985722, 73.48733967564556, 73.29553690969612, 73.40583267011333, 73.76586134528891, 73.9017343286142, 74.32949775563524, 74.53668415089058, 74.59575778131953, 74.53844211221625, 74.66065509621336, 74.51738121011371, 74.29766350475535, 74.19657705850265, 74.12777540634995, 74.0099876934048, 74.1422568099145, 74.43457538519284, 74.56685026307707, 74.55970467296086, 74.638466866307, 74.47809376226914, 74.48554451844088, 74.38223983196258, 74.48025299104708, 74.32000318974299, 74.24895098996198, 74.12286997462977, 74.35883831552079, 74.45835633782906, 74.24209636080708, 74.1014839907737], "rmsdiffs": [9.783915148818563, 6.663916681926701, 6.576265039046556, 6.641900878012035, 6.794634458039998, 7.416314203058612, 6.89459416117162, 6.77914146646629, 6.285656230251406, 6.1138271102131085, 6.072288329139872, 6.248920550780863, 6.523182757496166, 6.6010648990628535, 6.658363506975179, 7.300452154458088, 6.6316442946326415, 7.640006112657677, 7.4029768233032, 7.326813474994386, 6.823507872814574, 6.956778710345157, 7.172362169357424, 7.271904182626771, 7.2880729480963256, 6.987208915967387, 7.102097205679391, 7.0729367251104085, 7.055477205060875, 7.154630629347671, 7.207163856822481, 7.129719837678569, 7.31333754713449, 7.32991960039908, 7.7696086951808185, 7.518576121110786, 7.457969082413304, 7.134536663850094, 7.3731385887370555, 7.2652360485118, 6.8891626488695135, 8.095661301303227, 7.4472967254883375, 7.633133780219507, 7.1551654847534945, 7.2248867280530185, 7.018148631648029, 7.867454281545996, 7.1193632748560765, 8.145131073682172, 7.5324561222212685, 7.942381841528434, 7.429326973199371, 8.18012890939949, 8.33493233350115, 8.212759696939882, 8.330006999572959, 7.653530375957948, 7.595301086700719, 8.378842322953613, 8.331127402744533, 8.67797832414848, 8.727438568581777, 8.246835376514378, 7.484201830582341, 7.904648521448266, 7.4142943988483685, 8.38325666450267, 8.35554067587841, 8.524191466353653, 6.708042157194596, 7.002827601919499, 7.545898033878094, 6.285138099354773, 7.86499699529954, 7.5351236639647174, 6.916467596129841, 6.302885800339251, 7.537626537564849, 6.034921979211507, 6.954170267436368, 6.634807046308697, 6.846780652099667, 6.883430767999411, 7.1649294645885, 7.18261225474221, 7.074123482635156, 6.379141108931578, 6.4545255481898876, 7.459773904269599, 6.478596329695855, 6.890129993018127, 7.021832076577065, 7.0691595776854435, 6.80724673613572, 6.80853006958546, 7.6257849803369755, 7.0150401527753345, 6.698562722519021, 7.080584468312473, 7.275644574966806, 6.560895582520759, 5.9635689353933925, 6.1613291790687015, 6.392557284349978, 6.387186805652086, 6.689384327900288, 7.011880914423718, 7.4402647066451735, 6.421006386120585, 6.2357937563298735, 6.058016748832398, 6.685936716816675, 6.887384953047111, 6.083217946203495, 6.731597414352774, 7.035373549594225, 6.642039699466207, 6.258332436052992, 6.610190513863782, 7.199042799917676, 6.7453976403422065, 6.161575960338257]}, "frame_states": [1, 1, 1, 1, 1, 1, 1, 1, 1, 1, 1, 1, 1, 1, 1, 1, 1, 1, 1, 1, 1, 1, 1, 0, 0, 0, 0, 0, 0, 0, 0, 0, 0, 0, 0, 0, 0, 0, 0, 0, 0, 0, 0, 0, 0, 0, 0, 0, 0, 0, 0, 0, 0, 0, 0, 0, 1, 1, 1, 1, 1, 1, 1, 1, 1, 1, 1, 1, 1, 1, 1, 1, 0, 0, 0, 0, 0, 0, 0, 0, 0, 0, 0, 0, 0, 0, 0, 0, 0, 0, 0, 0, 0, 0, 0, 0, 0, 0, 0, 0, 0, 0, 0, 0, 0, 0, 1, 1, 1, 1, 1, 1, 1, 1, 1, 1, 1, 1, 1, 1, 1, 1, 1]}