{
    "frame_states": [
        0, 
        0, 
        0, 
        0, 
        0, 
        0, 
        0, 
        0, 
        0, 
        0, 
        0, 
        0, 
        0, 
        0, 
        0, 
        0, 
        0, 
        0, 
        0, 
        0, 
        0, 
        0, 
        0, 
        0, 
        0, 
        0, 
        0, 
        0, 
        0, 
        0, 
        0, 
        0, 
        1, 
        1, 
        1, 
        1, 
        1, 
        1, 
        1, 
        1, 
        1, 
        1, 
        1, 
        1, 
        1, 
        1, 
        1, 
        1, 
        0, 
        0, 
        0, 
        0, 
        0, 
        0, 
        0, 
        0, 
        0, 
        0, 
        0, 
        0, 
        0, 
        0, 
        0, 
        0, 
        0, 
        0, 
        0, 
        0, 
        0, 
        0, 
        0, 
        0, 
        0, 
        0, 
        0, 
        0, 
        0, 
        0, 
        0, 
        0, 
        0, 
        0, 
        0, 
        0, 
        0
    ], 
    "phase1": {
        "rmsdiffs": [
            9.703145217789743, 
            6.464767370752162, 
            5.145929921173113, 
            8.610041799816335, 
            8.889381115739003, 
            6.665846290688054, 
            6.40768492332673, 
            6.637827907951619, 
            7.16190265446036, 
            8.832213440687871, 
            9.117463598184393, 
            9.09045618605942, 
            8.120283128542193, 
            6.675646052993642, 
            8.382132711528197, 
            8.397539042590452, 
            8.428650754332809, 
            8.33966392005072, 
            8.161361429263167, 
            6.133218859481758, 
            5.815391548960855, 
            7.941855106938557, 
            8.310981204647023, 
            8.564542662906458, 
            6.856831756159944, 
            6.6745531968830445, 
            5.911549687444347, 
            5.821542062705124, 
            7.430356762794762, 
            8.007776389152053, 
            7.771238028609393, 
            7.999396921933723, 
            7.43122810929939, 
            7.529275443070057, 
            7.391644678888879, 
            7.012298853079275, 
            8.56214534947683, 
            8.455497101256165, 
            8.299788247849312, 
            5.2640082147835185, 
            6.540904247932594, 
            6.984925089009527, 
            8.175821620374768, 
            7.9752177908550985, 
            6.612536985632645, 
            5.76890082166832, 
            6.450128943041438, 
            6.531315013948051, 
            7.248953479772374, 
            6.503342037717029, 
            6.737016016207993, 
            7.3595697739656085, 
            7.829511666989754, 
            8.036256906109184, 
            7.946066948726445, 
            6.878491825977172, 
            8.020367548901152, 
            5.978777525733667, 
            6.690290973156421, 
            7.454821111536095, 
            8.243954133314013, 
            8.542150981672913, 
            8.693936366311066, 
            8.843566840736333, 
            8.758161588817076, 
            7.239954932796554, 
            6.69034666699264, 
            6.746859590583028, 
            8.34319020734793, 
            8.350935631196158, 
            8.084571771223459, 
            7.519866077715191, 
            7.011294145770356, 
            5.86335835581765, 
            7.649080837787971, 
            6.946027362630635, 
            7.869495565785745, 
            7.964591160033078, 
            7.909869737144119, 
            7.937680481539967, 
            7.884834559316136, 
            7.73638491767262, 
            7.5375987428826745, 
            7.272588241220481, 
            6.592477287060036
        ], 
        "shift_vectors": [
            [
                -26, 
                -37
            ], 
            [
                3, 
                -2
            ], 
            [
                4, 
                -3
            ], 
            [
                4, 
                -3
            ], 
            [
                3, 
                -2
            ], 
            [
                4, 
                -1
            ], 
            [
                5, 
                -2
            ], 
            [
                12, 
                -3
            ], 
            [
                6, 
                -3
            ], 
            [
                1, 
                0
            ], 
            [
                4, 
                -1
            ], 
            [
                1, 
                0
            ], 
            [
                2, 
                -1
            ], 
            [
                2, 
                1
            ], 
            [
                2, 
                1
            ], 
            [
                1, 
                0
            ], 
            [
                1, 
                0
            ], 
            [
                3, 
                -2
            ], 
            [
                1, 
                0
            ], 
            [
                -5, 
                0
            ], 
            [
                -5, 
                2
            ], 
            [
                -7, 
                6
            ], 
            [
                -6, 
                5
            ], 
            [
                -18, 
                15
            ], 
            [
                -5, 
                4
            ], 
            [
                -6, 
                1
            ], 
            [
                -8, 
                -3
            ], 
            [
                -2, 
                -1
            ], 
            [
                -2, 
                -1
            ], 
            [
                -1, 
                0
            ], 
            [
                -1, 
                0
            ], 
            [
                -2, 
                -1
            ], 
            [
                -2, 
                -1
            ], 
            [
                -1, 
                0
            ], 
            [
                1, 
                0
            ], 
            [
                2, 
                -1
            ], 
            [
                -1, 
                0
            ], 
            [
                -1, 
                0
            ], 
            [
                -1, 
                0
            ], 
            [
                2, 
                -1
            ], 
            [
                6, 
                -1
            ], 
            [
                3, 
                -2
            ], 
            [
                -2, 
                -1
            ], 
            [
                -2, 
                -1
            ], 
            [
                3, 
                0
            ], 
            [
                6, 
                1
            ], 
            [
                4, 
                1
            ], 
            [
                2, 
                -1
            ], 
            [
                1, 
                0
            ], 
            [
                1, 
                0
            ], 
            [
                1, 
                0
            ], 
            [
                -1, 
                0
            ], 
            [
                -6, 
                5
            ], 
            [
                -9, 
                4
            ], 
            [
                -14, 
                3
            ], 
            [
                -1, 
                0
            ], 
            [
                -12, 
                -1
            ], 
            [
                -4, 
                -3
            ], 
            [
                -4, 
                -3
            ], 
            [
                -3, 
                -2
            ], 
            [
