{"phase1": {"shift_vectors": [[-41, -22], [11, -2], [10, 11], [10, 3], [7, -4], [0, 1], [2, 3], [5, 6], [9, 4], [6, 1], [0, 1], [0, -3], [0, -3], [3, -2], [0, 1], [-1, 6], [0, 5], [1, 6], [-1, 10]], "stand_dev": [80.95079594860833, 81.09433525872302, 80.58501962779513, 81.0953941298002, 81.45830037188662, 81.80646999971472, 82.0147114023619, 82.10759821067889, 82.29275014665075, 82.87372722950525, 83.14622716945831, 83.26809484850648, 83.71149123807653, 83.8177114051455, 84.01198926887757, 83.62827623989477, 83.32693092540964, 82.92463387142423, 81.82798747863234], "rmsdiffs": [9.091615723550975, 6.523625951334926, 6.56631179810384, 6.484852366320615, 5.898035900586025, 7.406867790072267, 6.857610792202549, 6.9808394098774125, 5.949818942434011, 6.181644736662564, 7.0621048093638565, 5.505619662140281, 5.770642522808913, 5.75901594901259, 7.070213113826934, 6.121048030032809, 5.764171528979074, 5.872084415563182, 5.643415826115602]}, "frame_states": [0, 0, 0, 0, 0, 0, 0, 0, 0, 0, 0, 0, 0, 1, 1, 1, 1, 1, 1]}