{"phase1": {"shift_vectors": [[56, 7], [-15, -10], [-17, -10], [0, -1], [-14, -7], [-10, -5], [0, 1], [-6, -1], [-1, 2], [-2, 3]], "stand_dev": [67.6263448968181, 68.30702549192023, 69.06140451748982, 69.03235043034866, 69.98530084352761, 70.79182003582277, 70.8556946261792, 71.53355334181533, 71.60878979934674, 71.54687496793152], "rmsdiffs": [9.12214566122195, 6.498567402567606, 6.411845907625378, 5.063558428164106, 6.60403705296369, 6.555174349581355, 5.029143824196801, 6.424412934518638, 6.432902926156448, 5.840114613622321]}, "frame_states": [0, 0, 0, 0, 0, 0, 0, 0, 0, 0]}