{"phase1": {"shift_vectors": [[-63, 0], [2, -1], [3, 0], [3, 0], [4, -1], [4, -1], [5, 0], [5, 0], [5, 0], [5, 0], [5, 0], [5, 0], [5, 0], [9, 0], [5, 0], [5, 0], [5, 0], [5, 0], [5, 0], [3, 2], [4, 3], [5, 2], [4, 1], [3, 0], [3, 0], [1, 0], [3, 0], [3, 0], [3, 0]], "stand_dev": [86.17634109982833, 86.46569370475773, 87.31386204703996, 87.96171195046573, 88.73396542717086, 89.7017650271589, 90.3943606452255, 91.0923374881232, 91.74791644194534, 92.2071587283382, 92.79431653152375, 93.76952017007464, 94.28540943616224, 95.48437839883395, 95.84420968158587, 96.17156710874796, 96.90949730118744, 97.3726951048198, 97.7657527870337, 98.60908323013138, 98.88762581795393, 99.51639299162242, 100.28270127836998, 100.68740717381098, 101.34087883804159, 102.15307787638724, 102.50120958193068, 102.8784071197913, 103.49586420042723], "rmsdiffs": [8.751820530809844, 4.920792265774736, 4.47594545740441, 4.481921940471679, 4.603923507822248, 4.524786765709003, 3.820901901198548, 3.7571279587854955, 4.264060678897034, 4.34232813687473, 4.21943644572472, 4.575948954741022, 4.047887019956734, 4.876291869680235, 4.290850711108681, 4.345817369485731, 4.577559952432107, 4.465345810891766, 4.312577994527188, 4.54990058047183, 4.220654935784025, 4.307712779407855, 4.018117921557447, 3.8269684149805414, 4.279321137135217, 4.349802678516288, 4.12574356765489, 4.123245230364386, 4.110263453232644]}, "horizontal_movement": [[1.0, 1.1666666666666667, 2.0, 1.0, 1.9166666666666667, 0.8571428571428571, 1.0714285714285714, 0.7142857142857143, 0.15384615384615385, 0.08333333333333333, 0.08333333333333333, -1.4444444444444444, -0.625, -0.5555555555555556, -0.8888888888888888, -0.25, 0.0, 0.14285714285714285, 0.6666666666666666, 0.0, 0.0, -0.5714285714285714, 0.42857142857142855, -0.2857142857142857, 0.8333333333333334, 0.2, 0.25, -0.25, 0.0, 0.0], [0.0, 0.0, 0.7142857142857143, 0.05, 0.9473684210526315, 0.0, 0.9, 0.9, 0.6, 0.10526315789473684, 0.2777777777777778, -0.05555555555555555, 0.0, 0.05263157894736842, 0.3, 0.5, 0.42105263157894735, 0.65, 1.4761904761904763, 0.8095238095238095, 1.1111111111111112, 0.7777777777777778, 1.5, 0.7777777777777778, 1.105263157894737, 0.2222222222222222, 0.42105263157894735, 0.19047619047619047, 1.0555555555555556, -0.5263157894736842], [-2.0, -1.9, -0.45454545454545453, -0.18181818181818182, 1.0, 1.1818181818181819, 2.4545454545454546, 2.8181818181818183, 3.4, 4.0, 4.0, 7.333333333333333, 3.2, 3.1, 2.8333333333333335, 3.0, 2.25, 2.4166666666666665, 2.8181818181818183, 2.5714285714285716, 2.9, 2.727272727272727, 3.4, 2.9, 3.6363636363636362, 2.6153846153846154, 2.8461538461538463, 2.2, 2.2666666666666666, 1.5714285714285714], [0.3333333333333333, 0.3783783783783784, 0.9459459459459459, 0.42105263157894735, 0.8421052631578947, -0.07894736842105263, 0.5897435897435898, 0.21052631578947367, 0.0, -0.2894736842105263, 0.35714285714285715, -0.5, 0.125, 0.14634146341463414, 0.21951219512195122, 0.275, 0.07894736842105263, 0.358974358974359, 0.85, 0.275, 0.5853658536585366, 0.4634146341463415, 1.024390243902439, 0.5128205128205128, 0.918918918918919, 0.2647058823529412, 0.5806451612903226, 0.06060606060606061, 0.4444444444444444, -0.45714285714285713], [-0.08888888888888889, 0.3181818181818182, 0.7441860465116279, -0.07317073170731707, 0.6190476190476191, -0.11904761904761904, 0.8571428571428571, 0.6585365853658537, 0.8, 0.2926829268292683, 0.9024390243902439, 0.1388888888888889, 0.8292682926829268, 0.8780487804878049, 1.1025641025641026, 0.8536585365853658, 0.8888888888888888, 1.6666666666666667, 2.048780487804878, 1.325, 1.5476190476190477, 1.5, 2.235294117647059, 1.0, 1.6097560975609757, 0.7380952380952381, 0.9772727272727273, 0.6590909090909091, 0.825, -0.7317073170731707], [-0.06666666666666667, 0.8387096774193549, 1.2857142857142858, 1.1714285714285715, 2.4054054054054053, 1.9473684210526316, 3.085714285714286, 3.111111111111111, 3.4857142857142858, 3.4444444444444446, 3.7419354838709675, 6.153846153846154, 3.6129032258064515, 2.7941176470588234, 2.32, 2.0, 1.8484848484848484, 2.1666666666666665, 2.586206896551724, 1.4583333333333333, 1.5757575757575757, 1.6451612903225807, 2.25, 1.2142857142857142, 1.9285714285714286, 1.0740740740740742, 1.1153846153846154, 0.8333333333333334, 0.9583333333333334, -0.17391304347826086], [0.29411764705882354, 1.1470588235294117, 1.1764705882352942, 0.20588235294117646, 1.0, 0.11764705882352941, 0.8611111111111112, 0.6410256410256411, 0.5, 0.05, 0.65, -0.05405405405405406, 0.3, 0.125, 0.15, 0.05128205128205128, -0.07894736842105263, 0.10256410256410256, 0.45, -0.05, -0.325, 0.1, 0.225, -0.358974358974359, 0.4358974358974359, -0.3076923076923077, -0.21621621621621623, -0.07894736842105263, 0.6842105263157895, -0.07692307692307693], [0.1, 0.95, 0.85, 0.07692307692307693, 0.85, -0.025, 0.875, 0.6, 0.717948717948718, 0.475, 1.25, 0.45714285714285713, 0.725, 0.7, 0.45, 0.85, 0.5, 1.025, 1.025, 0.675, 1.025, 0.975, 1.625, 1.205128205128205, 1.6153846153846154, 0.8974358974358975, 1.225, 0.85, 1.55, 0.325], [-0.9, 0.025, 0.4, -0.1282051282051282, 1.125, 0.5641025641025641, 1.7, 1.875, 2.210526315789474, 2.8684210526315788, 3.25, 5.642857142857143, 3.342857142857143, 3.2, 2.8333333333333335, 2.638888888888889, 2.025, 2.1794871794871793, 1.9473684210526316, 1.55, 2.05, 2.375, 2.8421052631578947, 2.4324324324324325, 2.6216216216216215, 2.0277777777777777, 1.9743589743589745, 1.263157894736842, 1.4864864864864864, -0.05555555555555555]], "frame_states": [0, 0, 0, 0, 0, 0, 0, 0, 0, 0, 0, 0, 0, 1, 1, 1, 1, 1, 1, 1, 1, 1, 1, 1, 1, 1, 1, 1, 1], "brightness": [150, 148, 147, 146, 145, 144, 144, 145, 145, 146, 146, 146, 145, 145, 144, 142, 141, 140, 139, 140, 139, 138, 137, 135, 133, 132, 131, 129, 128, 127, 127],