{"phase1": {"shift_vectors": [[12, 3], [1, 0], [-2, -1], [-1, 0], [-2, -1], [-2, -1], [-1, 0], [-1, 0], [-3, 0]], "stand_dev": [92.07513262996069, 92.11705725323843, 91.96141170706952, 91.75567575054295, 91.47571828600748, 91.1359407819246, 91.11908031205016, 91.21017354699947, 91.16411740080208], "rmsdiffs": [6.479835239621811, 6.214053994713019, 4.829308930355007, 5.08517095666352, 5.518078716770764, 5.362878659125957, 3.829296938194067, 5.225633188307859, 4.606562845052832]}, "horizontal_movement": [[0.36363636363636365, -0.2727272727272727, 0.36363636363636365, 0.09090909090909091, -0.8181818181818182, 0.0, -0.1111111111111111, 0.0, -0.6666666666666666, -0.5555555555555556], [0.3333333333333333, -1.0, 0.14285714285714285, -0.125, -0.8, 0.0, 0.0, 0.7, -0.8181818181818182, -0.6], [-0.375, -0.3333333333333333, 0.4444444444444444, 0.2222222222222222, -1.0, 0.0, -2.4285714285714284, 0.8571428571428571, -0.75, 0.0], [-0.1276595744680851, -0.24444444444444444, 0.0, -0.55, -0.851063829787234, -0.08333333333333333, -0.9565217391304348, -0.025, -0.8541666666666666, 0.0], [0.06818181818181818, -0.16279069767441862, 0.0, -0.5428571428571428, -0.9782608695652174, -0.0425531914893617, -0.6521739130434783, 0.0425531914893617, -0.8888888888888888, -0.08695652173913043], [-0.14583333333333334, -0.1702127659574468, -0.0625, -0.5531914893617021, -1.0208333333333333, -0.16666666666666666, -1.0212765957446808, -0.047619047619047616, -0.9574468085106383, -0.19148936170212766], [0.1, 0.675, -0.35, -0.6756756756756757, -0.8, -0.65, -1.625, -0.23076923076923078, -0.475, -0.25], [-0.5128205128205128, 0.0, -0.7692307692307693, -0.8918918918918919, -1.0769230769230769, -0.717948717948718, -1.3846153846153846, -0.5757575757575758, -0.8421052631578947, -0.3076923076923077], [-1.6363636363636365, -0.7058823529411765, -1.4857142857142858, -1.935483870967742, -1.3714285714285714, -1.0, -1.4857142857142858, -2.740740740740741, -2.057142857142857, -0.6571428571428571]], "frame_states": [1, 1, 1, 1, 1, 1, 1, 1, 1], "brightness": [129, 129, 129, 128, 128, 128, 128, 128, 128, 129, 128], "mean_vector_length": [[1.128564869306645, 1.172681357873788, 0.6636875527041609, 1.391557799033206, 0.9090909090909091, 1.0920474583051323, 0.5555555555555556, 1.040638479192994, 0.9618726943880422, 1.1643009627354528], [0.8500312822080983, 1.1553300858899107, 0.14285714285714285, 1.625, 0.9, 0.75, 0.75, 1.0246211251235322, 1.301246227180433, 1.1656854249492379], [1.1553300858899107, 1.7794821913182932, 1.7327281610968939, 1.2952060277213755, 1.0, 0.7142857142857143, 3.7330263581596577, 1.867805482283073, 1.2588834764831844, 0.25], [1.0528783271114588, 0.7847490777552171, 0.10638297872340426, 1.0778174593052026, 0.851063829787234, 1.0345177968644246, 0.9655263817907194, 0.5810660171779821, 0.8541666666666666, 1.0], [0.11363636363636363, 0.6021609820230737, 0.043478260869565216, 1.2669198182882395, 0.9782608695652174, 0.9750729175477914, 1.204921888504192, 0.15238888638656128, 1.0031585694162433, 0.9655263817907194], [0.673202260395516, 1.6009539359520197, 0.5919627825494395, 1.2291394174829884, 1.0208333333333333, 1.060406144512743, 1.5065277611712593, 0.5812907991041213, 1.3400586395169543, 0.3404255319148936], [1.0310660171779822, 1.222971752840168, 0.6810660171779822, 0.8015366013376319, 1.1672978025053875, 1.2337191587426968, 1.7136349517372669, 1.2346385291275919, 0.525, 1.0285533905932738], [0.7377615137114193, 1.111215744236166, 1.0026826934415003, 1.4274359344200118, 1.2480049736245389, 1.3676787470416008, 1.8203063327466906, 1.3307525654083725, 0.9075074045852256, 0.9326059202977243], [2.6315386317072664, 2.4523578953657257, 2.0751277699534962, 2.556199867902635, 1.5304762229890214, 1.8851712681734754, 2.542198615100353, 3.907871661137963, 2.2757622406699474, 1.492752890991909]], "vertical_movement": [[0.45454545454545453, 0.18181818181818182, -0.5454545454545454, 0.5454545454545454, 0.09090909090909091, -0.7777777777777778, 0.0, -0.2222222222222222, -0.3333333333333333, 0.8888888888888888], [0.2222222222222222, -0.375, 0.0, 1.5, 0.1, -0.75, 0.25, 0.3, -0.5454545454545454, 0.8], [-0.5, -1.4444444444444444, -1.5555555555555556, 0.2222222222222222, 0.0, -0.7142857142857143, -0.42857142857142855, 0.8571428571428571, -0.125, 0.25], [1.0, 0.6444444444444445, 0.10638297872340426, 0.85, 0.0, -1.0, 0.021739130434782608, -0.55, 0.0, 1.0], [0.045454545454545456, -0.4186046511627907, -0.043478260869565216, 0.9714285714285714, 0.0, -0.9574468085106383, 0.7608695652173914, 0.0425531914893617, -0.24444444444444444, 0.8913043478260869], [-0.5833333333333334, -1.553191489361702, -0.5, 1.0, 0.0, -0.9791666666666666, 1.0851063829787233, 0.5476190476190477, -0.8936170212765957, 0.14893617021276595], [0.975, 0.725, 0.325, 0.1891891891891892, -0.65, -0.875, 0.3, -1.0256410256410255, 0.05, 0.925], [0.07692307692307693, -0.65, 0.07692307692307693, 0.5945945945945946, -0.23076923076923078, -0.8461538461538461, 0.9230769230769231, -0.8787878787878788, -0.05263157894736842, 0.717948717948718], [-1.0, -1.6764705882352942, -0.34285714285714286, 0.6774193548387096, -0.45714285714285713, -0.7058823529411765, 1.0571428571428572, 0.18518518518518517, -0.45714285714285713, 0.2857142857142857]]}