{"phase1": {"shift_vectors": [[-23, -22], [0, -1], [0, 1], [0, 1], [-1, 2], [-1, -2], [0, 1], [0, 1], [-2, 3], [-3, 0], [-2, 3], [-1, -2], [-1, -2], [0, -1], [0, 1], [-1, 2], [0, 1], [0, -1], [0, -1], [4, -5], [2, -3], [1, -2], [0, -1], [0, -1], [0, -1], [0, -1], [-1, -2], [-1, 0], [0, -1], [0, 1], [1, 0], [1, 2], [0, 1], [0, -1], [0, -1], [3, 0], [5, 0], [7, 0], [2, 3], [1, -2], [2, -3], [4, -5], [2, -3], [1, -4], [2, -3], [3, -4], [1, -2], [4, -5], [4, -5], [4, -5], [3, -4], [4, -5], [4, -5], [4, -5], [4, -5], [3, -4], [2, 3], [0, -1], [-2, 3], [-5, 6], [-1, -2], [5, -6], [8, -9], [8, 1], [4, -5], [4, -5], [4, -5], [15, 0], [8, -1], [5, -2], [4, -5], [5, 0], [6, -1], [7, -2], [4, -5], [5, -4], [3, -2], [5, 0], [6, -1], [7, 0], [7, 0], [6, 1], [5, 2], [5, 2], [5, 0], [6, -1]], "stand_dev": [61.717682791131224, 61.96458730884853, 61.78879674888461, 61.734877129236715, 61.76666549117044, 61.87749606175278, 61.95347676891889, 61.82840898732995, 61.77956725848563, 61.80265057608991, 61.836880652817655, 62.06053969762389, 62.25077359024747, 62.346706034073485, 61.94769424188093, 62.03527689076291, 62.03105989827428, 62.04372330089634, 61.91856803693222, 61.9205980503774, 61.687724925522375, 61.51957278449647, 61.458413001406385, 61.208947606760496, 61.44885319110208, 61.501930811171526, 61.30483814902699, 61.30105292641107, 61.389182793081815, 61.34086116506503, 61.14165521683788, 61.066805835865054, 60.970127416476984, 60.861414981611006, 60.80080588733219, 60.78438996278934, 60.969752216763005, 60.764983242050036, 60.482061082068526, 60.3703512284941, 60.121782761960624, 59.91473773776596, 59.70843074175317, 59.90266200623534, 59.67044765847671, 59.48929142512453, 59.39939582276643, 59.274262084820194, 59.42193236967552, 59.216486695914654, 58.7981322217942, 58.65479599000016, 58.38647875852208, 57.96554626206174, 57.481897089854755, 57.22549291300427, 57.033393214557535, 57.11160810386344, 57.24942509732243, 57.69300545011026, 57.84514302266352, 57.56217432679101, 57.22992980293058, 57.02630602880828, 57.02333922836792, 57.038678223988676, 57.13770828716036, 57.56480447628989, 57.52942519392787, 57.33950292300566, 57.09486401755922, 56.880182269598926, 56.91053281001001, 56.72808903754317, 56.729051443305096, 56.36863072174234, 55.99673692217314, 55.77686071595699, 55.648459400390614, 55.67595994554458, 55.71470389989198, 55.58138587057816, 55.45696325653809, 55.46560667104072, 55.992314795809456, 56.04748152438767], "rmsdiffs": [10.188922265334192, 8.503165629999087, 7.747954959761693, 8.692340863863619, 8.704468241883129, 6.9405579038666545, 8.27361696232523, 7.194221908233198, 8.384514553451602, 6.574415364127843, 8.860620914319515, 6.666762070815242, 6.022474032836441, 7.423296548732094, 7.879783388299332, 7.716171798735367, 7.4394749080884734, 7.392320379415519, 6.0034406482442755, 8.570033974724362, 8.516548234393678, 7.750238411465575, 6.9592010770575685, 6.870450824613053, 6.980437061305858, 6.863199228930256, 6.6949164752342964, 7.454366475521737, 6.457748498395062, 7.757226054363494, 7.653902588252889, 6.142876341936162, 6.9614778296295245, 7.720394526412108, 7.896575872827433, 4.060666323278852, 6.6844395639024645, 6.6742485848499395, 8.671630276864443, 5.5491030100602465, 6.75456344954315, 8.497191753409806, 8.301609840146916, 6.194890850136837, 8.199506099980926, 8.4464900951261, 8.08927692383817, 8.499132114535445, 8.698849327709084, 8.795417919808626, 8.624692512727222, 8.789207238217779, 8.946666810562593, 8.985591462369245, 8.856984184073092, 8.716325041365193, 8.425612550370388, 7.666067656547471, 8.85026577205037, 9.179641198660482, 7.507853690693146, 8.807273583496428, 9.31992287252885, 7.7246516158756755, 9.010945008682961, 9.069983367212586, 9.177356284215914, 7.192554174669493, 6.766252616104001, 6.429070515804, 8.721117117701805, 6.8565507246005355, 7.054617264959112, 7.400277392323405, 8.196386470494723, 7.804373775141604, 6.180662675539847, 7.195811457867893, 6.624586298433113, 6.815926531647518, 6.276318293254229, 6.6851196977819365, 6.389395797458359, 6.870563676249729, 7.2190616612265766, 6.552181854462229]}, "frame_states": [0, 0, 0, 0, 0, 0, 0, 0, 0, 0, 1, 1, 1, 1, 1, 1, 1, 1, 1, 1, 1, 1, 1, 1, 1, 1, 1, 1, 1, 1, 1, 1, 1, 1, 1, 1, 1, 1, 1, 1, 1, 1, 1, 1, 1, 1, 1, 1, 0, 0, 0, 0, 0, 0, 0, 0, 0, 0, 0, 0, 0, 0, 0, 0, 0, 0, 0, 0, 0, 0, 0, 0, 0, 0, 0, 0, 0, 0, 0, 0, 0, 0, 0, 0, 0, 0]}