{
    "frame_states": [
        0, 
        0, 
        0, 
        0, 
        0, 
        0, 
        0, 
        0, 
        0, 
        0, 
        0, 
        0, 
        1, 
        1, 
        1, 
        1, 
        1, 
        1, 
        1, 
        1, 
        1, 
        1, 
        1, 
        1, 
        1, 
        1, 
        1, 
        1, 
        1, 
        1, 
        1, 
        1, 
        1, 
        1, 
        1, 
        1, 
        1, 
        1, 
        1, 
        1, 
        1, 
        1, 
        1, 
        1, 
        1, 
        1, 
        1, 
        1, 
        1, 
        1, 
        1, 
        1, 
        1, 
        1, 
        1, 
        1, 
        1, 
        1, 
        1, 
        1, 
        1, 
        1, 
        1, 
        1, 
        1, 
        1, 
        1, 
        1, 
        1, 
        1, 
        1, 
        1, 
        1, 
        1, 
        1, 
        1, 
        1, 
        1, 
        1, 
        1, 
        1, 
        1, 
        1, 
        1, 
        1, 
        1, 
        1, 
        1, 
        1, 
        1
    ], 
    "phase1": {
        "rmsdiffs": [
            10.176576763657927, 
            6.066483748679252, 
            6.008689276662187, 
            6.094652491657943, 
            7.276856746904588, 
            6.541162872432615, 
            6.612689023469846, 
            6.336780991258103, 
            6.567803886905298, 
            6.591784205538348, 
            6.278524061588919, 
            5.762645509373079, 
            5.965940964845615, 
            6.363976809867223, 
            6.410991096462416, 
            5.897406513204405, 
            5.857170859950004, 
            6.177208994612971, 
            6.656361509461019, 
            6.533308432170099, 
            6.5135539209051565, 
            6.444295568364673, 
            6.7499724070052665, 
            6.56714649419171, 
            6.721358491567384, 
            6.611059818575771, 
            6.251592737413201, 
            6.200610892519589, 
            7.102082706306158, 
            5.91007130181674, 
            6.165739468540413, 
            6.4501513039331515, 
            6.205809899672998, 
            6.298406458303968, 
            6.064721046309377, 
            6.099204932210099, 
            5.856891297871517, 
            5.343574985659849, 
            5.3782727337132945, 
            5.325217857456519, 
            5.006912584662825, 
            5.215858712583545, 
            5.180606165503384, 
            6.73094286517684, 
            6.087389991368701, 
            5.86868979845209, 
            5.051728556094297, 
            4.8723726027509695, 
            5.534827528583906, 
            5.058582216666561, 
            5.28524880982365, 
            5.548220509852084, 
            6.930946506421322, 
            5.489572559476648, 
            6.158485811252105, 
            6.674140633126442, 
            6.522937139064563, 
            6.406274908132976, 
            6.529578714711911, 
            5.584631269499844, 
            5.674816548762694, 
            6.176594667224451, 
            6.516880825835274, 
            5.744020803901473, 
            4.962079731668209, 
            5.129701850119368, 
            5.583405546134902, 
            5.841166958580347, 
            5.70766643161566, 
            5.62817483193204, 
            5.5908332206879106, 
            5.499513897046541, 
            5.815311231796363, 
            5.484166916453099, 
            4.939618453308624, 
            5.267292061599866, 
            5.594448468683883, 
            4.99112061504369, 
            4.951552802116469, 
            5.38258185684729, 
            5.237659897632625, 
            5.107157670164357, 
            4.946488121894685, 
            4.778270437168468, 
            5.800362144600995, 
            5.514816592763269, 
            5.764300143708436, 
            5.764349539448218, 
            5.534960260097222, 
            5.617569378674541
        ],