{
    "frame_states": [
        0, 
        0, 
        0, 
        0, 
        0, 
        0, 
        0, 
        0, 
        0, 
        0, 
        0, 
        0, 
        1, 
        1, 
        1, 
        1, 
        1, 
        1, 
        1, 
        1, 
        1, 
        1, 
        1, 
        1, 
        1, 
        1, 
        1, 
        1, 
        1, 
        1, 
        1, 
        1, 
        1, 
        1, 
        1, 
        1, 
        1, 
        1, 
        1, 
        1, 
        1, 
        1, 
        1, 
        1, 
        1, 
        1, 
        1, 
        1, 
        1, 
        1, 
        1, 
        1, 
        1, 
        1, 
        1, 
        1, 
        1, 
        1, 
        1, 
        1, 
        1, 
        1, 
        1, 
        1, 
        1, 
        1, 
        1, 
        1, 
        1, 
        1, 
        1, 
        1, 
        1, 
        1, 
        1, 
        1, 
        1, 
        1, 
        1, 
        1, 
        1, 
        1, 
        1, 
        1, 
        1, 
        1, 
        1, 
        1, 
        1, 
        1, 
        1, 
        1, 
        1, 
        1, 
        1, 
        1, 
        1, 
        1, 
        1, 
        1, 
        1, 
        1, 
        1, 
        1, 
        1, 
        1, 
        1, 
        1, 
        1
    ], 
    "phase1": {
        "rmsdiffs": [
            9.926526795059925, 
            7.965096764973768, 
            7.573342431337365, 
            8.632509633356213, 
            8.676796776187224, 
            7.590177453458889, 
            8.774963148905506, 
            8.836086322117641, 
            7.62570194824338, 
            8.820262275242662, 
            7.049334928568915, 
            6.412150955939801, 
            7.583504737328375, 
            7.315571925187571, 
            7.764060674021486, 
            7.253946215553259, 
            6.4040070837924965, 
            7.631147735025312, 
            6.513838044654433, 
            7.0944496833938375, 
            7.585357890105625, 
            7.017799735540451, 
            6.518739622560195, 
            6.534787466059573, 
            7.865189555672053, 
            7.595191420060145, 
            7.877837595465812, 
            7.588197577789391, 
            7.920374032397459, 
            8.231635055335532, 
            7.534890442941601, 
            7.607820587948803, 
            6.104847052778596, 
            6.283439149583105, 
            7.932470429524733, 
            8.224504822101489, 
            7.9006588012646795, 
            7.374945071986287, 
            6.853866246490247, 
            7.486942206226386, 
            7.287516331320004, 
            7.172207948598378, 
            6.889485813907904, 
            7.447469196078257, 
            6.456151001873983, 
            6.446968773315921, 
            7.4971579267024175, 
            5.95006279473972, 
            7.39476421662717, 
            7.627218713946834, 
            6.532067148657299, 
            7.2327505420419484, 
            7.856537569244046, 
            7.387138119619175, 
            8.198686337428544, 
            8.476689876893273, 
            7.361145805569758, 
            8.668635905937737, 
            8.624787463455299, 
            7.405822818015843, 
            7.755892966537468, 
            7.5757134818240415, 
            7.450868750687778, 
            7.365867596473773, 
            7.076600408654307, 
            7.322957935116947, 
            8.740167737599613, 
            6.839168215101645, 
            7.293490903782232, 
            7.067283821143015, 
            7.178872853087238, 
            6.440028706798773, 
            7.748898430246801, 
            6.930026660723942, 
            6.852747019588891, 
            7.3740897483999905, 
            7.208379902920412, 
            7.196427388805817, 
            7.417819918191847, 
            7.142880881445796, 
            7.180088062139143, 
            6.488175245341203, 
            7.01420702264301, 
            7.064001204970307, 
            7.783015785953139, 
            7.14871464127859, 
            6.104072985104041, 
            7.43097811531593, 
            7.154772007275362, 
            6.715231672095616, 
            6.671664844192542, 
            7.2855559386174775, 
            6.271710929276592, 
            6.6116759905340565, 
            7.196743912016164, 
            7.142730676024515, 
            7.7691626265222435, 
            7.403390995104568, 
            6.7801270919861265, 
            5.684469487795402, 
            7.393404964391165, 
            7.267066745625532, 
            7.693747108279711, 
            7.460349312117172, 
            7.300006669474328, 
            7.462452817393023, 
            7.684645480653207, 
            7.975405563069677, 
            8.765380451134941
        ],