{
    "brightness": [
        153, 
        156, 
        156, 
        156, 
        156, 
        156, 
        157, 
        158, 
        158, 
        158, 
        158, 
        157, 
        157, 
        157, 
        157, 
        157, 
        157, 
        158, 
        157, 
        154, 
        153
    ], 
    "horizontal_movement": [
        [
            1.4838709677419355, 
            3.3823529411764706, 
            3.484848484848485, 
            4.378378378378378, 
            3.388888888888889, 
            3.4571428571428573, 
            4.0, 
            2.888888888888889, 
            3.142857142857143, 
            2.2972972972972974, 
            1.5263157894736843, 
            2.6486486486486487, 
            6.181818181818182, 
            2.142857142857143, 
            1.2424242424242424, 
            1.2857142857142858, 
            1.2580645161290323, 
            0.3333333333333333, 
            -0.9473684210526315, 
            -1.175
        ], 
        [
            2.0526315789473686, 
            2.35, 
            3.8333333333333335, 
            4.333333333333333, 
            3.0555555555555554, 
            3.0606060606060606, 
            2.5555555555555554, 
            1.5161290322580645, 
            2.303030303030303, 
            1.1935483870967742, 
            0.20689655172413793, 
            1.5483870967741935, 
            3.8333333333333335, 
            1.2727272727272727, 
            0.4117647058823529, 
            0.53125, 
            0.3, 
            -0.8387096774193549, 
            -1.8571428571428572, 
            -1.2173913043478262
        ], 
        [
            0.23809523809523808, 
            1.2222222222222223, 
            0.96875, 
            1.032258064516129, 
            0.43333333333333335, 
            0.3, 
            0.6666666666666666, 
            0.17647058823529413, 
            1.0857142857142856, 
            -0.32432432432432434, 
            -1.1481481481481481, 
            0.2702702702702703, 
            -0.45161290322580644, 
            -0.8857142857142857, 
            -1.1282051282051282, 
            0.0, 
            0.02857142857142857, 
            -0.05555555555555555, 
            -1.0303030303030303, 
            0.029411764705882353
        ], 
        [
            2.0, 
            3.236842105263158, 
            3.4651162790697674, 
            4.270833333333333, 
            4.1063829787234045, 
            4.51063829787234, 
            3.782608695652174, 
            2.473684210526316, 
            2.9791666666666665, 
            1.8604651162790697, 
            1.837837837837838, 
            2.9574468085106385, 
            6.25, 
            3.0434782608695654, 
            2.0851063829787235, 
            1.9565217391304348, 
            0.8636363636363636, 
            -0.6086956521739131, 
            -0.926829268292683, 
            -1.4848484848484849
        ], 
        [
            1.3666666666666667, 
            2.6666666666666665, 
            3.0, 
            3.6458333333333335, 
            3.4468085106382977, 
            3.5106382978723403, 
            2.630434782608696, 
            1.3170731707317074, 
            1.9318181818181819, 
            0.8571428571428571, 
            0.36585365853658536, 
            2.0217391304347827, 
            3.317073170731707, 
            1.673913043478261, 
            0.8936170212765957, 
            0.7333333333333333, 
            0.045454545454545456, 
            -1.1333333333333333, 
            -1.2553191489361701, 
            -1.553191489361702
        ], 
        [
            0.7666666666666667, 
            1.2666666666666666, 
            0.825, 
            1.027027027027027, 
            0.4878048780487805, 
            0.95, 
            0.35555555555555557, 
            -0.3902439024390244, 
            0.3958333333333333, 
            -0.6511627906976745, 
            -0.6470588235294118, 
            0.25, 
            -0.4444444444444444, 
            -0.4523809523809524, 
            -0.8863636363636364, 
            -0.18604651162790697, 
            -0.20512820512820512, 
            -0.45454545454545453, 
            -0.5428571428571428, 
            -0.2631578947368421
        ], 
        [
            1.0, 
            2.4, 
            3.242424242424242, 
            4.242424242424242, 
            4.371428571428571, 
            4.973684210526316, 
            3.5555555555555554, 
            1.2962962962962963, 
            2.076923076923077, 
            0.868421052631579, 
            1.5, 
            2.4285714285714284, 
            4.413793103448276, 
            2.6875, 
            1.3529411764705883, 
            1.2580645161290323, 
            0.12, 
            -0.8620689655172413, 
            -0.5925925925925926, 
            -1.5294117647058822
        ], 
        [
            1.6923076923076923, 
            2.7037037037037037, 
            2.806451612903226, 
            3.5428571428571427, 
            3.625, 
            3.75, 
            2.6129032258064515, 
            0.3870967741935484, 
            1.53125, 
            0.24242424242424243, 
            1.1666666666666667, 
            2.09375, 
            3.161290322580645, 
            2.0588235294117645, 
            0.84375, 
            0.9032258064516129, 
            -0.1724137931034483, 
            -1.1612903225806452, 
            -0.8214285714285714, 
            -1.4411764705882353
        ], 
        [
            -1.6666666666666667, 
            -1.2083333333333333, 
            -0.6, 
            -0.03571428571428571, 
            0.6153846153846154, 
            2.1481481481481484, 
            0.896551724137931, 
            -0.46875, 
            0.5, 
            -0.7777777777777778, 
            -0.7428571428571429, 
            0.05, 
            -2.033333333333333, 
            -0.43243243243243246, 
            -1.4545454545454546, 
            -2.125, 
            -2.375, 
            -1.1428571428571428, 
            0.0, 
            -0.3103448275862069
        ]
    ],