{
    "frame_states": [
        0, 
        0, 
        0, 
        0, 
        0, 
        0, 
        0, 
        0, 
        0, 
        0, 
        0, 
        0, 
        0, 
        0, 
        0, 
        0, 
        0, 
        0, 
        0, 
        0, 
        0, 
        0, 
        0, 
        0, 
        0, 
        1, 
        1, 
        1, 
        1, 
        1, 
        1, 
        1, 
        1, 
        1, 
        1, 
        1, 
        1, 
        1, 
        1, 
        1, 
        1, 
        1, 
        1, 
        1, 
        1, 
        1, 
        1, 
        1, 
        1, 
        1, 
        1, 
        1, 
        1, 
        1, 
        1, 
        1, 
        1, 
        1, 
        1, 
        1, 
        1, 
        1, 
        1, 
        1, 
        1, 
        1, 
        1, 
        1, 
        1, 
        1, 
        1, 
        1, 
        1, 
        1, 
        1, 
        1, 
        1, 
        1, 
        1, 
        1, 
        1, 
        1, 
        1, 
        1, 
        1, 
        1, 
        1, 
        1, 
        1, 
        1, 
        1, 
        1, 
        1, 
        1, 
        1, 
        1, 
        1, 
        1, 
        1, 
        1, 
        1, 
        1, 
        1, 
        1, 
        1, 
        1, 
        1, 
        1, 
        1, 
        1, 
        1
    ], 
    "phase1": {
        "rmsdiffs": [
            10.480538772953443, 
            0.0, 
            0.0, 
            0.0, 
            0.0, 
            0.0, 
            0.0, 
            0.0, 
            0.0, 
            0.0, 
            0.0, 
            0.0, 
            10.344601474765337, 
            6.0762542685736, 
            8.527538950208505, 
            8.501203778217754, 
            6.043943367912469, 
            8.547359864820471, 
            8.54009648953546, 
            8.578287139205758, 
            6.050739639298401, 
            8.537904280453569, 
            8.557506035834024, 
            5.9703827643612675, 
            8.511070148740567, 
            8.518731188808054, 
            5.898282141478432, 
            8.5481537806339, 
            8.473826535543967, 
            7.692537540906231, 
            6.031622026211854, 
            8.35557500642177, 
            5.527181522228464, 
            6.097121560478201, 
            6.493616256284383, 
            6.349359735792381, 
            6.569800310960079, 
            6.339780466357747, 
            7.894494082773181, 
            7.076805577842043, 
            6.184124929820427, 
            6.462646976803844, 
            5.467062818833066, 
            6.3447611940586945, 
            6.543263521628631, 
            7.970076982984852, 
            6.271836483936586, 
            8.004156524374151, 
            7.975233393087985, 
            7.377795632229868, 
            6.21669145540558, 
            6.557758438447272, 
            5.623676943611832, 
            6.53681859803137, 
            5.208535155192487, 
            6.027992863762465, 
            7.144666040172595, 
            7.808870614101601, 
            8.062012414170047, 
            6.036932066383242, 
            6.661932656692738, 
            6.869908604616591, 
            6.054000460757816, 
            6.627343271512565, 
            7.567610455501605, 
            6.157955329577433, 
            8.122488318513822, 
            8.422911610936877, 
            7.645861131594648, 
            5.823903623584192, 
            6.809197691334506, 
            6.370937790741126, 
            6.592088728378654, 
            6.621735880336106, 
            6.265426796622545, 
            6.245196032381413, 
            7.997224918390979, 
            7.536384243325834, 
            6.166535900712818, 
            4.703435889179709, 
            6.834555916942363, 
            6.247047294175891, 
            6.122660519005272, 
            7.556052351797567, 
            6.897660249591649, 
            7.621275611112098, 
            4.181210922483991, 
            3.9203300884092136, 
            6.318642531107784, 
            4.819905168003989, 
            5.571569252304866, 
            6.261856429193866, 
            6.556909491228369, 
            7.019868652853924, 
            6.275539368548108, 
            6.636454756390007, 
            6.882447516073845, 
            6.820355183345411, 
            6.386646541243313, 
            6.759317712211793, 
            6.65299295426666, 
            6.521226526466781, 
            6.889667531340051, 
            6.415383926958152, 
            7.2902260667982866, 
            7.328068722489587, 
            6.962062159402868, 
            6.3846546491331555, 
            7.12723713151507, 
            6.970345438192738, 
            6.445171563318704
        ],