{
    "frame_states": [
        1, 
        1, 
        1, 
        1, 
        1, 
        1, 
        1, 
        1, 
        1, 
        1, 
        1, 
        1, 
        1, 
        1, 
        1, 
        1, 
        1, 
        1, 
        1, 
        1, 
        1, 
        1, 
        1, 
        1, 
        1, 
        1, 
        1, 
        1, 
        1, 
        1, 
        1, 
        1, 
        1, 
        1, 
        1, 
        1, 
        1, 
        1, 
        1, 
        1, 
        1, 
        1, 
        1, 
        1, 
        1
    ], 
    "phase1": {
        "rmsdiffs": [
            7.799780563002413, 
            6.081133615913994, 
            5.476104808539447, 
            5.438788940881353, 
            6.306833613289857, 
            6.2194547466229215, 
            5.649821151781907, 
            5.069144148286279, 
            5.670001550224778, 
            6.790263297132706, 
            6.298275542894754, 
            5.826534901205377, 
            5.033431961917189, 
            6.188906238122698, 
            6.256307893173248, 
            5.878436556175756, 
            5.4654898093264395, 
            5.321528569772135, 
            5.073568487808839, 
            4.83391205860195, 
            5.181886899042044, 
            4.685531305707209, 
            5.979896623163114, 
            4.891648548904089, 
            4.771811338093445, 
            5.708525093017535, 
            4.8503899209931625, 
            4.936172768423102, 
            5.474243368953216, 
            5.329780457837154, 
            5.42002925201327, 
            5.044544234568247, 
            5.673691141596559, 
            6.275075525890781, 
            5.454856145944074, 
            5.164687389069423, 
            5.422609596465594, 
            5.430790742518809, 
            5.60566563573087, 
            5.176903970945932, 
            5.616556724705645, 
            6.077697098164774, 
            6.056087111097436, 
            6.141610475957696, 
            6.536350689517624
        ], 
        "shift_vectors": [
            [
                3, 
                2
            ], 
            [
                1, 
                0
            ], 
            [
                1, 
                0
            ], 
            [
                1, 
                0
            ], 
            [
                -2, 
                -1
            ], 
            [
                -2, 
                -1
            ], 
            [
                -1, 
                0
            ], 
            [
                1, 
                0
            ], 
            [
                1, 
                0
            ], 
            [
                3, 
                2
            ], 
            [
                2, 
                1
            ], 
            [
                1, 
                0
            ], 
            [
                -1, 
                0
            ], 
            [
                1, 
                0
            ], 
            [
                1, 
                0
            ], 
            [
                1, 
                0
            ], 
            [
                1, 
                0
            ], 
            [
                1, 
                0
            ], 
            [
                -1, 
                0
            ], 
            [
                -1, 
                0
            ], 
            [
                1, 
                0
            ], 
            [
                1, 
                0
            ], 
            [
                -1, 
                0
            ], 
            [
                1, 
                0
            ], 
            [
                1, 
                0
            ], 
            [
                -1, 
                0
            ], 
            [
                1, 
                0
            ], 
            [
                1, 
                0
            ], 
            [
                -1, 
                0
            ], 
            [
                1, 
                0
            ], 
            [
                1, 
                0
            ], 
            [
                -1, 
                0
            ], 
            [
                -1, 
                0
            ], 
            [
                -2, 
                -1
            ], 
            [
                -1, 
                0
            ], 
            [
                -1, 
                0
            ], 
            [
                -1, 
                0
            ], 
            [
                -1, 
                0
            ], 
            [
                -1, 
                0
            ], 
            [
                1, 
                0
            ], 
            [
                1, 
                0
            ], 
            [
                -1, 
                0
            ], 
            [
                -1, 
                0
            ], 
            [
                -1, 
                0
            ], 
            [
                -2, 
                -1
            ]
        ], 
        "stand_dev": [
            100.38065470549046, 
            100.17822177751707, 
            100.47031958343275, 
            100.29718597787134, 
            99.67021968390182, 
            99.00087064095756, 
            98.54273900806251, 
            98.42679551529598, 
            98.62002363210499, 
            99.40384021278662, 
            99.87070882260367, 
            100.15286866105326, 
            100.1219757507654, 
            100.22838089810581, 
            100.53700918985349, 
            100.79402993493373, 
            100.89427020691637, 
            101.00315576852466, 
            100.95308190301691, 
            100.97882161105908, 
            101.01706563819751, 
            101.00268912165845, 
            100.87829046768796, 
            100.80244200465263, 
            100.88182549524616, 
            100.96521287343543, 
            100.80234557076226, 
            100.86839122544856, 
            100.87826699438587, 
            100.9524749890583, 
            100.9213438581137, 
            101.03075316769687, 
            100.9112688590684, 
            100.5943558916884, 
            100.38774358533978, 
            100.18640652730585, 
            100.23044764769496, 
            100.11707929000022, 
            99.95995822616682, 
            99.7329402353112, 
            99.48825120167409, 
            99.08534055468711, 
            98.71374612960884, 
            98.26236450763378, 
            97.55047133634744
        ]
    }
}