{
    "frame_states": [
        0, 
        0, 
        0, 
        0, 
        0, 
        0, 
        0, 
        0, 
        0, 
        0, 
        0, 
        0, 
        0, 
        0, 
        0, 
        0, 
        0, 
        0, 
        0, 
        0, 
        0, 
        0, 
        0, 
        0, 
        0, 
        0, 
        0, 
        0, 
        0, 
        0, 
        0, 
        0, 
        0, 
        0, 
        0, 
        0, 
        0, 
        0, 
        0, 
        0, 
        0, 
        0, 
        0, 
        0, 
        0, 
        0, 
        0, 
        0, 
        0, 
        0, 
        0, 
        0, 
        0, 
        0, 
        0, 
        0, 
        0, 
        0, 
        0, 
        0, 
        0, 
        0, 
        0, 
        0, 
        0, 
        0, 
        0, 
        0, 
        0, 
        0
    ], 
    "phase1": {
        "rmsdiffs": [
            10.060049476764704, 
            7.092208530470608, 
            6.197014866510056, 
            6.4650753946450354, 
            7.5400807281622715, 
            5.347838880836876, 
            7.156905578357905, 
            7.7513445376842975, 
            7.898576031013645, 
            8.811038568904843, 
            8.869727016117286, 
            8.378355275523218, 
            7.872315734394432, 
            9.004708919655354, 
            8.312112004760843, 
            8.74789719533504, 
            8.558317207119442, 
            6.941781032302239, 
            6.934381905627533, 
            8.25027649536932, 
            7.838447073644262, 
            6.873269132472473, 
            7.195797732853993, 
            7.225650022657336, 
            7.2460887475838485, 
            6.3153266103781736, 
            8.4589075740431, 
            8.495965876639197, 
            7.777211867742853, 
            7.767777515139202, 
            7.736459080147033, 
            8.668427989628656, 
            7.768839081907532, 
            8.800008381226899, 
            8.589756959412869, 
            8.11263411879243, 
            7.28673988032693, 
            8.091847985807794, 
            7.8321986658648655, 
            5.923736714361317, 
            6.716358918653991, 
            8.424889714358665, 
            7.964763373827433, 
            7.78234970701442, 
            8.710140821335111, 
            7.580650090145771, 
            7.2903244458467515, 
            7.380201995744299, 
            8.316111573464646, 
            8.003722127937387, 
            6.439014427598186, 
            7.814521583783146, 
            7.425864446043986, 
            7.294966232892856, 
            6.978916276575888, 
            8.267701019978773, 
            8.142334911166392, 
            7.1762346991911885, 
            7.420034288295787, 
            6.287194845869916, 
            8.047821976637163, 
            8.322890042968188, 
            7.143629257459391, 
            6.56818298028036, 
            6.58672650872982, 
            8.688292088011945, 
            7.736340496587302, 
            7.418929191333934, 
            6.467655285034273, 
            7.253094718509119
        ], 
        "shift_vectors": [
            [
                26, 
                -27
            ], 
            [
                -1, 
                0
            ], 
            [
                -3, 
                -2
            ], 
            [
                -5, 
                -4
            ], 
            [
                2, 
                -1
            ], 
            [
                5, 
                -4
            ], 
            [
                3, 
                -2
            ], 
            [
                4, 
                -3
            ], 
            [
                5, 
                -4
            ], 
            [
                9, 
                -8
            ], 
            [
                9, 
                -8
            ], 
            [
                5, 
                -4
            ], 
            [
                0, 
                -19
            ], 
            [
                12, 
                -11
            ], 
            [
                2, 
                -1
            ], 
            [
                -3, 
                2
            ], 
            [
                -5, 
                4
            ], 
            [
                -12, 
                -1
            ], 
            [
                -2, 
                -1
            ], 
            [
                -1, 
                0
            ], 
            [
                -7, 
                -2
            ], 
            [
                -8, 
                -1
            ], 
            [
                -3, 
                2
            ], 
            [
                -2, 
                1
            ], 
            [
                -5, 
                -2
            ], 
            [
                -5, 
                -2
            ], 
            [
                -9, 
                -8
            ], 
            [
                -26, 
                -29
            ], 
            [
                -7, 
                -18
            ], 
            [
                26, 
                1
            ], 
            [
                31, 
                16
            ], 
            [
                -5, 
                4
            ], 
            [
                -2, 
                1
            ], 
            [
                -6, 
                5
            ], 
            [
                -5, 
                4
            ], 
            [
                -5, 
                4
            ], 
            [
                10, 
                7
            ], 
            [
                1, 
                0
            ], 
            [
                1, 
                0
            ], 
            [
                6, 
                1
            ], 
            [
                4, 
                -3
            ], 
            [
                5, 
                -4
            ], 
            [
                3, 
                -2
            ], 
            [
                1, 
                0
            ], 
            [
                -5, 
                4
            ], 
            [
                4, 
                11
            ], 
            [
                -10, 
                1
            ], 
            [
                -12, 
                -7
            ], 
            [
                1, 
                0
            ], 
            [
                1, 
                0
            ], 
            [
                -1, 
                0
            ], 
            [
                -2, 
                1
            ], 
            [
                -2, 
                1
            ], 
            [
                -2, 
                1
            ], 
            [
                -2, 
                1
            ], 
            [
                -3, 
                2
            ], 
            [
                -1, 
                0
            ], 
            [
                4, 
                -1
            ], 
            [
                8, 
                -3
            ], 
            [
                10, 
                -1
            ], 
            [
                25, 
                4
            ], 
            [
                -9, 
                8
            ], 
            [
                -9, 
                2
            ], 
            [
                -4, 
                1
            ], 
            [
                4, 
                1
            ], 
            [
                -3, 
                2
            ], 
            [
                3, 
                2
            ], 
            [
                1, 
                0
            ], 
            [
                3, 
                -2
            ], 
            [
                5, 
