{"phase1": {"shift_vectors": [[12, 3], [1, 0], [-2, -1], [-1, 0], [-2, -1], [-2, -1], [-1, 0], [-1, 0], [-3, 0]], "stand_dev": [92.07513262996069, 92.11705725323843, 91.96141170706952, 91.75567575054295, 91.47571828600748, 91.1359407819246, 91.11908031205016, 91.21017354699947, 91.16411740080208], "rmsdiffs": [6.479835239621811, 6.214053994713019, 4.829308930355007, 5.08517095666352, 5.518078716770764, 5.362878659125957, 3.829296938194067, 5.225633188307859, 4.606562845052832]}, "frame_states": [1, 1, 1, 1, 1, 1, 1, 1, 1]}