{
<<<<<<< HEAD
    "brightness": [
        93, 
        92, 
        91, 
        91, 
        91, 
        92, 
        93, 
        90, 
        90, 
        88, 
        89, 
        90, 
        91, 
        91, 
        90, 
        90, 
        89, 
        89
    ], 
    "horizontal_movement": [
        [
            -2.2, 
            -1.0, 
            0.0, 
            -0.6785714285714286, 
            -1.4814814814814814, 
            -0.32, 
            -0.4642857142857143, 
            0.02702702702702703, 
            -0.6296296296296297, 
            -0.24324324324324326, 
            -1.0, 
            -1.8285714285714285, 
            -2.1666666666666665, 
            -2.515151515151515, 
            -2.096774193548387, 
            -3.5, 
            -5.125
        ], 
        [
            -0.17857142857142858, 
            -0.5161290322580645, 
            0.0, 
            -0.1875, 
            1.2258064516129032, 
            0.6785714285714286, 
            0.47058823529411764, 
            0.0, 
            1.263157894736842, 
            0.4857142857142857, 
            -0.16666666666666666, 
            -0.125, 
            -0.5, 
            0.1724137931034483, 
            0.7, 
            0.35714285714285715, 
            -0.23076923076923078
        ], 
        [
            -1.8, 
            -1.0, 
            0.0, 
            -0.8181818181818182, 
            0.0, 
            0.2857142857142857, 
            0.0, 
            0.0, 
            1.2, 
            0.0, 
            -0.9333333333333333, 
            -1.1428571428571428, 
            -1.0769230769230769, 
            -0.6153846153846154, 
            0.0, 
            0.15384615384615385, 
            -0.9230769230769231
        ], 
        [
            0.5526315789473685, 
            0.6666666666666666, 
            0.0, 
            1.275, 
            1.2857142857142858, 
            1.146341463414634, 
            0.5454545454545454, 
            0.0, 
            1.7428571428571429, 
            -0.6666666666666666, 
            -0.5555555555555556, 
            -0.8863636363636364, 
            -2.238095238095238, 
            -2.6511627906976742, 
            -2.8095238095238093, 
            -3.8292682926829267, 
            -5.282051282051282
        ], 
        [
            -0.9117647058823529, 
            0.15, 
            0.0, 
            0.5853658536585366, 
            1.054054054054054, 
            1.054054054054054, 
            0.7333333333333333, 
            0.0, 
            1.564102564102564, 
            0.4888888888888889, 
            0.6222222222222222, 
            0.48936170212765956, 
            -0.3404255319148936, 
            -0.46808510638297873, 
            0.6086956521739131, 
            0.7872340425531915, 
            0.26666666666666666
        ], 
        [
            -2.0, 
            -0.10869565217391304, 
            0.0, 
            0.5208333333333334, 
            0.25, 
            0.825, 
            -0.10638297872340426, 
            0.041666666666666664, 
            0.17073170731707318, 
            -0.44680851063829785, 
            -0.24444444444444444, 
            -0.5957446808510638, 
            -1.2173913043478262, 
            -1.4130434782608696, 
            -0.2826086956521739, 
            -0.574468085106383, 
            -1.1458333333333333
        ], 
        [
            1.9696969696969697, 
            3.0833333333333335, 
            0.0, 
            3.5555555555555554, 
            4.0625, 
            1.1666666666666667, 
            -0.0625, 
            -0.075, 
            0.0, 
            -1.5454545454545454, 
            1.0, 
            0.09090909090909091, 
            -1.4166666666666667, 
            -1.5, 
            -2.088235294117647, 
            -3.8484848484848486, 
            -4.03030303030303
        ], 
        [
            0.6666666666666666, 
            2.2, 
            0.0, 
            2.5, 
            2.4722222222222223, 
            2.1052631578947367, 
            0.7837837837837838, 
            0.025, 
            1.09375, 
            0.8333333333333334, 
            1.3714285714285714, 
            0.4594594594594595, 
            -1.2222222222222223, 
            -1.525, 
            -0.35, 
            -0.325, 
            -0.525
        ], 
        [
            -0.5128205128205128, 
            1.2, 
            0.05, 
            1.825, 
            1.2, 
            3.24, 
            0.5263157894736842, 
            0.025, 
            -0.027777777777777776, 
            0.2564102564102564, 
            0.6, 
            -0.175, 
            -1.5, 
            -2.075, 
            -1.0, 
            -0.8, 
            -1.55
        ]
    ],