{
    "frame_states": [
        0, 
        0, 
        0, 
        0, 
        0, 
        0, 
        0, 
        0, 
        0, 
        0, 
        0, 
        0, 
        0, 
        0, 
        0, 
        0, 
        0, 
        0, 
        0, 
        0, 
        0, 
        0, 
        0, 
        0
    ], 
    "phase1": {
        "rmsdiffs": [
            9.474674456246014, 
            7.655622638936856, 
            3.794390656231286, 
            6.844983002619641, 
            6.719517730510273, 
            7.204391656851783, 
            6.227944160438765, 
            3.798788575902806, 
            6.1830547788518215, 
            8.06788561779315, 
            6.314883202377296, 
            4.1088286181658304, 
            6.4929478223480706, 
            7.730736723442185, 
            6.58032064972251, 
            4.29033530711412, 
            6.695059937610305, 
            7.210741835424481, 
            6.376248242082153, 
            6.478642300117724, 
            4.328562138005753, 
            7.328573671430378, 
            6.549895122535834, 
            6.379422841546406
        ], 
        "shift_vectors": [
            [
                -21, 
                2
            ], 
            [
                -62, 
                1
            ], 
            [
                1, 
                0
            ], 
            [
                -28, 
                1
            ], 
            [
                -29, 
                0
            ], 
            [
                -54, 
                5
            ], 
            [
                -23, 
                2
            ], 
            [
                -1, 
                0
            ], 
            [
                -19, 
                0
            ], 
            [
                -49, 
                0
            ], 
            [
                -13, 
                2
            ], 
            [
                -1, 
                0
            ], 
            [
                -13, 
                2
            ], 
            [
                -24, 
                5
            ], 
            [
                -11, 
                4
            ], 
            [
                -1, 
                0
            ], 
            [
                -9, 
                2
            ], 
            [
                -19, 
                0
            ], 
            [
                -9, 
                0
            ], 
            [
                -5, 
                -2
            ], 
            [
                -1, 
                0
            ], 
            [
                -8, 
                -3
            ], 
            [
                -5, 
                -2
            ], 
            [
                -4, 
                -1
            ]
        ], 
        "stand_dev": [
            75.65344481208002, 
            75.21474533789282, 
            75.22030773366482, 
            75.24567797691805, 
            74.88127588606156, 
            75.41042784024174, 
            75.46439782664648, 
            75.48755371861229, 
            74.83719874870744, 
            71.76676936567475, 
            73.36949306933445, 
            73.3925159995732, 
            74.71600871131298, 
            78.1646772455525, 
            80.11303830914517, 
            80.1312831841358, 
            80.67089982145177, 
            81.18400296519724, 
            81.68426095681502, 
            81.8985884400026, 
            81.89751147342987, 
            81.50618612338187, 
            81.16569905759283, 
            80.8184850353674
        ]
    }
}