{"phase1": {"shift_vectors": [[-18, 5], [5, -2], [2, -3], [1, 0], [1, 0], [2, -3], [1, 0], [-1, 0], [1, 0], [2, -3], [1, 0], [-1, 0], [0, -1], [1, -2], [0, -1], [0, -1], [0, 1], [0, -1], [0, 1], [0, -1], [0, -1], [0, -1], [0, 1], [0, -1], [0, -1], [-1, 2], [0, -1], [0, 1], [0, 1], [-1, 2], [0, -1], [0, 1], [0, 1], [0, 1], [0, 1], [0, 1], [-1, 0], [2, -3], [1, -2]], "stand_dev": [36.313116159823466, 35.89351439732346, 35.609008834071176, 35.65305215369423, 35.408674006719096, 35.13947750122339, 35.0787116727941, 35.09674217410163, 34.99669098934418, 35.12645569094934, 35.06205102036125, 34.98155595724576, 35.61243040139104, 35.47787174595809, 35.230787040381486, 35.15376178964895, 35.1341772726729, 35.15378866931245, 35.2587200383695, 35.372273926962755, 35.36195145182694, 35.430222835766955, 35.27281093375809, 35.28779224109268, 35.83436343995799, 35.76345247929927, 35.791853324802666, 35.35313494164605, 35.297208766069225, 35.13851079750098, 35.008161065803115, 35.13600625943412, 35.05961206164423, 35.16661974342666, 35.08888275594792, 35.17099498395792, 36.36554018782586, 36.125818326524445, 36.10044400207191], "rmsdiffs": [7.723825723668943, 4.004680980755031, 7.107479012548953, 5.697810181329201, 4.111427260186655, 6.616863157229318, 2.5115037016360526, 5.9740058114782935, 4.286136479274851, 7.199251922458426, 4.708072328781096, 7.415406544260265, 6.27605953001037, 5.707066333251904, 4.843837439681609, 4.41585382141946, 6.117614286736402, 3.8559165956331456, 6.046622771095708, 5.441901613911029, 5.6271541062649595, 5.620954131478873, 6.0235638725773875, 5.825413030654211, 6.889506094057521, 6.189518472520625, 5.867714619911592, 5.779489822762959, 5.973090261929647, 5.679356901507269, 6.927404729141863, 5.35245035065879, 5.394694517258636, 4.2328097373943585, 6.303476306338292, 6.71040985727744, 7.65425528000583, 8.16315483407044, 7.467756202145214]}, "frame_states": [0, 0, 0, 0, 0, 0, 0, 0, 1, 1, 1, 1, 1, 1, 1, 1, 1, 1, 1, 1, 1, 1, 1, 1, 1, 1, 1, 1, 1, 1, 1, 1, 1, 1, 1, 1, 1, 1, 1]}