{"phase1": {"shift_vectors": [[29, 0], [-1, 0], [-1, 0], [-1, 0], [-1, 0], [-1, 0], [-1, 0], [-1, 0], [-1, 0], [-1, 0], [-1, 0], [-1, 0], [-1, 0], [-3, 0], [1, 0], [-1, 0], [-1, 0], [-1, 0], [-1, 0], [-1, 0], [-1, 0], [-3, 0], [-1, 0], [-2, -1], [1, 0]], "stand_dev": [61.04167312576384, 61.090787244145744, 61.169308674118994, 61.25635588343846, 61.293999060102465, 61.31908319856541, 61.35864394579515, 61.60274695306272, 61.616821832281325, 61.74635101975446, 61.72238102043285, 61.74558858693855, 62.01331120479862, 61.84437574305903, 61.86165046895731, 61.92784144577904, 62.02059207401458, 62.51646909924468, 62.711380876538776, 62.73155403701181, 63.00765929984219, 63.835874147281785, 64.05240852333486, 64.48837459959061, 64.7478892282944], "rmsdiffs": [9.36668622698041, 7.180316609870312, 6.071271833784737, 5.786165589054728, 5.827945570609521, 5.844281402249275, 5.77955988526782, 5.794368709903176, 5.751357070735867, 5.508570881451275, 5.563905696594003, 5.819117113311823, 6.280465653619251, 6.70580349052332, 5.255444883316621, 5.599653232798903, 5.614821593487277, 6.701458510345654, 5.541684953747072, 5.104610753785374, 5.727469599744482, 7.048952329086141, 6.499552905185866, 6.624717758118814, 5.747459048619878]}, "frame_states": [0, 0, 0, 0, 0, 0, 0, 0, 1, 1, 1, 1, 1, 1, 1, 1, 1, 1, 1, 1, 1, 1, 1, 1, 1]}