{"phase1": {"shift_vectors": [[33, 0], [5, -2], [4, -3], [3, -2], [2, -1], [3, -2], [3, -2], [3, -2], [-2, -1], [-2, -1], [-2, -1], [-4, -1], [1, 0], [-3, 0], [-2, -1], [-5, 0], [-2, 1], [-1, 0], [-3, 2], [-2, 1], [-1, 0], [-1, 0], [1, 0], [2, -1], [1, 0], [-1, 0], [2, -1], [2, -1], [1, 0], [1, 0], [1, 0], [1, 0], [1, 0], [1, 0], [-2, -1], [-4, -1], [-4, -1], [-6, -1], [-6, -1], [-15, -4], [-1, 0], [-8, -3], [-7, -2], [-14, -1], [-7, 0], [1, 0], [-7, 0], [-15, 0], [-7, 0], [-6, -1], [1, 0], [-14, -1], [-7, 0], [-7, 0], [-7, 0], [1, 0], [-12, 1], [-6, 1], [-11, 0], [-11, 0], [-10, -1], [-11, 0], [-9, 0], [-9, 0], [-8, -1], [-7, -2], [-7, -2], [-7, -2], [-4, -1], [-2, -1], [1, 0], [1, 0], [3, -2], [1, 0], [3, 0], [4, -1], [8, -1], [4, -1], [1, 0], [4, -1], [-2, -1], [-1, 0], [3, 0], [1, 0], [-1, 0], [3, 0], [3, 0], [4, -1], [3, 0], [3, 0], [-1, 0], [3, 0], [1, 0], [1, 0], [1, 0], [1, 0], [3, 0], [-1, 0], [1, 0], [1, 0], [3, 0], [1, 0], [1, 0], [2, -1], [4, -1], [-1, 0], [2, -1], [-1, 0], [3, -2], [1, 0], [1, 0], [1, 0], [2, -1], [1, 0], [1, 0], [1, 0], [1, 0], [1, 0], [1, 0], [1, 0], [1, 0], [-1, 0], [1, 0], [1, 0], [1, 0], [-1, 0], [1, 0], [-1, 0], [1, 0], [1, 0], [1, 0], [1, 0], [1, 0], [1, 0], [1, 0], [-1, 0], [1, 0], [1, 0], [1, 0], [1, 0], [-1, 0], [-1, 0], [-1, 0], [-1, 0]], "stand_dev": [77.81156802411816, 77.63318244348565, 78.03370415839277, 78.2131529845997, 77.95817788201113, 77.58879149452846, 77.15760948413799, 76.76721856022107, 76.15210090896296, 75.83968139977648, 75.66490575912145, 75.92576997568885, 76.08118260114856, 76.14169119394093, 76.19590747122385, 76.99972192178032, 77.35624958792589, 77.4151455275077, 77.96709094992396, 78.44057348544275, 78.21348284573955, 78.13792153995894, 78.15337481469908, 78.34057079368284, 78.62279460342491, 78.76778908868882, 78.639965429216, 78.56693267802925, 78.50093091311356, 78.48671477738854, 78.49874519816603, 78.28095342974328, 78.3428389429043, 78.16634086110545, 78.12049731922298, 78.12718048126284, 78.10486554914833, 78.16551614120336, 78.2000682238509, 78.01653772000891, 78.00331056394411, 78.11082724695483, 78.16160910365203, 78.7081250475723, 78.92431846827651, 78.95558625599715, 79.2082696579274, 79.40218067563634, 79.56413551530584, 79.67871076511393, 79.68847001958304, 79.77930373071322, 79.77433946349744, 79.8246876322153, 79.85357920905894, 79.8838515424812, 79.93359934060021, 80.46041535425628, 80.75336543465872, 81.44168980858586, 81.91870523839371, 82.65877825309732, 83.26240124930013, 83.63911078122162, 83.84093820856829, 84.12099967589876, 84.30338275749098, 84.45007975278969, 84.65018017958036, 84.89003876426037, 84.99644233187112, 85.06372636888457, 85.6977633392931, 85.71019708751582, 85.77803667246785, 85.88149144750315, 86.00931864817578, 86.06475651179507, 86.06010874952176, 86.21952173715555, 86.6176629102365, 86.62484528462943, 86.72868938691153, 86.77180743248918, 87.2609326350674, 87.6036181602481, 87.81574814728144, 88.2936727530638, 88.7925664474918, 89.58193438185873, 90.46040653427939, 91.16682440907547, 91.80392685210127, 92.13148030146435, 92.18408723496225, 92.17783747824772, 92.13406133154798, 92.16704690773724, 92.09228425687097, 92.0245533808946, 91.81042753866463, 91.75059534937141, 91.70659144947203, 91.51205280982526, 91.11748346645925, 91.0030216000146, 90.79792285885223, 90.81973683592686, 90.73200760886446, 90.60108273718984, 90.52268420726801, 90.51055052307731, 90.4868718129189, 90.47209757342188, 90.45424924579757, 90.48912068230553, 90.49487057797235, 90.50624258870059, 90.54144690087611, 90.56258828728647, 90.67704860969596, 90.53537440743683, 90.48943287610362, 90.40463908672339, 90.23997191634727, 90.26828733406914, 90.2537803340033, 90.24089132611667, 90.09512403028707, 90.05562357765628, 90.06271423194858, 90.05314737175027, 89.98121248550535, 89.87207148077258, 89.79092113097015, 89.81866506051426, 89.69268653275972, 89.54833099601683, 89.43820685237174, 89.282568561396, 89.07558679471893, 88.92771923940208, 88.7304905426203, 88.58059092095029], "rmsdiffs": [9.728496001434957, 7.4761951579330805, 7.2322649878123615, 7.283658596836752, 7.416116949915349, 7.415347876145503, 7.457004267159312, 7.700950894334487, 7.960835151366187, 7.37950714935127, 6.67842146740166, 6.925254519152551, 6.046033489228931, 6.664379186312101, 6.750471148961827, 7.599506706834767, 6.550133843546852, 5.726409577499534, 6.6922935541893445, 7.149588836603036, 7.037198711867617, 7.249951582471632, 5.858869510305999, 7.233420573227907, 6.855498296583052, 7.087845842387235, 7.0324649117659215, 6.903335516261426, 6.77837550918785, 6.650524275206199, 6.821193269603439, 6.9244987427081925, 7.033073246000134, 7.227511004424341, 6.436759152784119, 6.080821393191318, 6.815530101924742, 6.111440157503689, 6.657786462239999, 7.361742893294107, 5.108540212094993, 6.334276845016356, 6.24525661300658, 7.779825142473698, 6.490064441728202, 4.756548808125048, 6.670758354677913, 7.013192013785322, 6.277017084493561, 6.023380527239841, 4.717494641720518, 6.646122837120663, 5.4630322080086495, 5.399172746885481, 5.447169149800038, 4.709561874332424, 7.205944955997741, 7.1486775905566535, 7.382745618944928, 7.391049314062522, 7.592564773335196, 7.43326073334144, 7.4600712678236, 7.460060350976951, 7.503493127747583, 7.457792189161181, 7.361757191540383, 7.382998789950475, 7.249673097818087, 7.193943164941351, 7.241386335249489, 7.0915983264114155, 7.983153969789647, 4.659353667127525, 7.042887729738147, 6.981248989904989, 7.6024738995395955, 6.831122274607, 4.427460212102571, 6.759483668933368, 7.837064099689353, 7.000067379261876, 6.792257625344416, 4.380447399833616, 7.963339208153453, 6.919394940219891, 7.049523923343161, 7.041834163854863, 7.006621111738075, 7.0380094866075265, 6.947444422432045, 6.933237669408057, 6.306569758425933, 5.501554055592298, 5.187741191314167, 5.053124576752088, 6.197174806310984, 4.697408801910812, 5.015052979799218, 5.337444213157543, 5.845217765905428, 5.138908556406132, 4.5878431362319745, 5.061071219885499, 5.598479538537919, 5.9951303921937615, 4.591742383127547, 4.54003233289418, 5.919880988912191, 4.865398288348049, 4.606281291277882, 4.643917649512607, 5.326970259888516, 4.392395243640073, 3.8268162605102676, 3.895740666412599, 4.293345552362916, 4.196024896827228, 3.922399770771177, 4.400365830257455, 5.091645333251075, 5.213882229321503, 4.729824498264742, 5.091918103956036, 5.505635262960737, 4.538970822705165, 4.861771696676365, 4.818055017027603, 5.358537050201241, 4.790580437539293, 4.4797017034357225, 4.854279796447806, 5.709278933136731, 5.020040259595916, 5.077654669543836, 4.660778105357845, 5.784860080887975, 5.421868815287085, 5.413527640666301, 5.449803341382708, 4.719555539049871, 4.508590787434708, 4.366215377652366, 4.309224798269869]}, "frame_states": [0, 0, 0, 0, 0, 0, 0, 0, 0, 0, 1, 1, 1, 1, 1, 1, 1, 1, 1, 1, 1, 1, 1, 1, 1, 1, 1, 1, 1, 1, 1, 1, 1, 1, 1, 1, 0, 0, 0, 0, 0, 0, 0, 0, 0, 0, 0, 0, 0, 0, 0, 0, 0, 0, 0, 0, 0, 0, 0, 0, 0, 0, 0, 0, 0, 0, 0, 0, 0, 1, 1, 1, 1, 1, 1, 1, 1, 1, 1, 1, 1, 1, 1, 1, 1, 1, 1, 1, 1, 1, 1, 1, 1, 1, 1, 1, 1, 1, 1, 1, 1, 1, 1, 1, 1, 1, 1, 1, 1, 1, 1, 1, 1, 1, 1, 1, 1, 1, 1, 1, 1, 1, 1, 1, 1, 1, 1, 1, 1, 1, 1, 1, 1, 1, 1, 1, 1, 1, 1, 1, 1, 1, 1, 1]}