{"phase1": {"shift_vectors": [[-57, -6], [-4, -1], [-3, 0], [-3, 0], [-1, 0], [-1, 0], [-1, 0], [1, 0], [0, 1], [5, 2], [3, 0], [-1, 0], [3, 0], [9, 0], [5, 0], [1, 0], [3, 0], [7, 0], [3, 0], [3, 0], [1, 0], [6, 1], [3, 0], [3, 0], [1, 0], [1, 0], [1, 0], [1, 0], [1, 0], [1, 0], [1, 0], [1, 0], [1, 0], [-1, 0], [-1, 0], [-1, 0], [-1, 0], [-1, 0], [-2, -1], [-1, 0], [-1, 0], [-1, 0], [-2, -1], [-1, 0]], "stand_dev": [65.45728329705278, 65.4636866692307, 65.45378181775779, 65.51810831006357, 65.62652217114338, 65.89577676080002, 65.91780058977452, 66.104257213546, 66.23717433707056, 66.5454299792527, 66.50915433411696, 66.53012589203436, 66.65664604438699, 66.65800695221444, 66.59506208387863, 66.6894403476562, 66.76822753799742, 66.88290991626981, 66.87017967602202, 66.97960798250212, 67.03461492568192, 67.27384449207756, 67.40487388165103, 67.55686399569088, 67.89900643865523, 67.94727310367074, 67.91213471420966, 67.92118382089552, 68.0990321374742, 67.99806903459341, 68.0058129051068, 67.92284593732246, 67.87927163326971, 67.94482238982732, 67.9502381486021, 68.0059373273081, 68.13593183587794, 68.09434146833017, 67.93267157083669, 67.95209805645399, 67.97736038690218, 67.93015624134834, 68.05690459130489, 68.00018476477536], "rmsdiffs": [9.218163193539818, 4.800959815536921, 5.1978058440254955, 4.324773173666221, 5.30773353685064, 6.085683691418852, 4.791238725758993, 5.036610446739955, 5.76331833807718, 5.958704057861878, 4.92193506593717, 4.860142313477138, 5.606189111859123, 5.7904426511402125, 5.0075341312107495, 4.705255813730879, 5.244309084882181, 5.6356121006809685, 4.949145269398579, 4.689000065229432, 4.746977366994839, 5.868341073685994, 4.679951375870941, 4.8410551104323485, 5.838223972658944, 5.2076395469056385, 5.15398978233408, 4.818048701302613, 4.983520486451339, 5.076109141869431, 4.863428689656151, 5.388418981496615, 5.5994610926327715, 5.796145716277262, 4.879512455299795, 4.429773811165059, 5.099027186362252, 4.45367439477514, 5.687599071014256, 4.755960211967665, 4.59736388067825, 4.966739049232217, 5.253504893211417, 5.402227655431219]}, "frame_states": [0, 0, 0, 0, 0, 0, 0, 0, 0, 0, 0, 0, 0, 1, 1, 1, 1, 1, 1, 1, 1, 1, 1, 1, 1, 1, 1, 1, 1, 1, 1, 1, 1, 1, 1, 1, 1, 1, 1, 1, 1, 1, 1, 1]}