{
    "frame_states": [
        1, 
        1, 
        1, 
        1, 
        1, 
        1, 
        1, 
        1, 
        1, 
        1, 
        1
    ], 
    "phase1": {
        "rmsdiffs": [
            7.3040810865702674, 
            5.960978060112456, 
            4.7693305242769695, 
            4.5494825737002245, 
            4.312284861915754, 
            6.00653090944106, 
            4.908155325335355, 
            4.6998688461410065, 
            5.045632490929616, 
            6.322994883902766, 
            5.763029283337463
        ], 
        "shift_vectors": [
            [
                3, 
                -2
            ], 
            [
                -1, 
                0
            ], 
            [
                -1, 
                0
            ], 
            [
                -1, 
                0
            ], 
            [
                -1, 
                0
            ], 
            [
                -2, 
                1
            ], 
            [
                -1, 
                0
            ], 
            [
                -1, 
                0
            ], 
            [
                -1, 
                0
            ], 
            [
                -1, 
                0
            ], 
            [
                1, 
                0
            ]
        ], 
        "stand_dev": [
            59.37209924789759, 
            59.46765927350057, 
            59.488980147772196, 
            59.39911383740606, 
            59.229996514365666, 
            59.04810941765341, 
            58.956369770700974, 
            58.97780147446259, 
            59.11835913051649, 
            59.14523559890319, 
            59.154588058958815
        ]
    }
}