{"phase1": {"shift_vectors": [[-6, -1], [3, 0], [3, 0], [4, 1], [5, 4], [4, 3], [3, 0], [5, -2], [1, 0], [3, -2], [1, 0], [2, -1], [1, 0], [-1, 0], [-5, 0], [-7, 0], [-3, 0], [-1, 0], [-3, 0], [-11, 0], [-3, 0], [-1, 0], [-1, 0], [-5, 2], [-5, 0], [-3, 2], [-1, 0], [1, 0], [3, 0], [-1, 0], [1, 0], [-1, 0], [1, 0], [2, 1], [3, 2], [5, 4], [-1, 0], [2, 1], [3, 2], [6, 5], [3, 2], [-1, 0], [3, 2], [11, 4], [4, 1], [1, 0], [4, 1], [8, 3], [3, 2], [-1, 0], [2, 1], [6, 1], [3, -2], [1, 0], [5, -4], [9, -8], [2, -1], [2, -1], [-1, 0], [-1, 0], [1, 0], [1, 0], [-1, 0], [-1, 0], [-1, 0], [-3, 0], [-1, 0], [-1, 0], [-2, -1], [3, -2], [-3, -2], [5, -4], [1, 0], [5, -4], [3, -2], [4, -3], [3, -2], [-1, 0], [5, -2], [9, 0], [4, 1], [5, 4], [1, 0], [6, 5], [3, 0], [2, 1], [2, 1], [2, 1]], "stand_dev": [62.70642375966288, 62.42006682979923, 62.478167228523894, 62.649093134234, 62.79920088431538, 63.082708096737704, 62.63761653364887, 62.060643503006446, 62.09982381735282, 61.643229203284754, 61.391682934589454, 61.502262528141465, 61.72025139520387, 61.54901491733487, 61.60461157509248, 61.19708842465356, 61.060174913713844, 61.441449297445615, 61.443946671222946, 62.12312895187851, 62.365221467592455, 62.63826841598385, 62.717537691814634, 63.43461049278012, 64.13121866481993, 64.25146216599315, 64.33261053818728, 64.56708106687594, 64.38180115413626, 64.6492108384157, 64.44687490832679, 64.19304294515933, 63.85915938530724, 63.58982841405942, 63.764028211065366, 64.03473524021086, 64.34315452039358, 64.10208180797663, 64.08077613858714, 64.27191491149601, 64.31828731203036, 64.44713730394125, 64.33323560276554, 64.6945873415264, 65.09873515531491, 65.16082672173752, 65.44521330682893, 65.89365889821086, 66.2070615376769, 66.2467177433408, 66.11740529791228, 66.07570577222504, 65.82632480833571, 65.91389225665624, 65.13313208563795, 63.332181602999256, 63.14286746135584, 63.25055480313469, 63.28949374872539, 63.38847690474034, 63.55900692527507, 63.36341540644075, 63.51267842997701, 63.38211041205987, 63.22506403850636, 63.104894106065395, 62.90404241782085, 62.746283640353234, 62.38947441035587, 61.91662193641489, 61.0696756040788, 60.038362086379124, 60.34953405912693, 59.52092765226412, 59.210827790685855, 58.57046599122328, 58.197127363616154, 58.43569181527425, 57.80473125976144, 57.38660445142658, 57.75144939901809, 58.187301800015064, 58.326286204717995, 58.341590917107325, 58.46162624659273, 58.1706573493877, 57.96319050175072, 58.242191166529494], "rmsdiffs": [9.718803967938044, 6.717138549100162, 6.519624135348076, 6.543941651180243, 7.104933221782937, 6.960777930621888, 6.695691005372105, 7.556692285201913, 5.362627393479216, 6.861776640999755, 6.666810444458985, 7.717268007252346, 5.756122895766452, 6.914993575574365, 7.126304887340393, 7.742133777076705, 6.856499893543514, 5.8654110935315025, 7.080353822826248, 7.860522332564963, 7.190307896533793, 6.42145066870894, 5.653255940602726, 7.469626468536829, 6.829764447965842, 6.741786823343071, 6.046359904314798, 6.097509047834157, 6.384301168716341, 6.924709987857085, 6.070990794730229, 6.4142081816163055, 6.1373943967186015, 6.5562725864486815, 6.981135336105663, 7.602186866695217, 6.35850193531585, 6.8380198819087825, 6.507453230386724, 7.323830602255947, 6.568112614175368, 6.122854700082047, 6.369724726183979, 7.746773795749482, 6.490464036075108, 5.709704923003689, 6.525525546924616, 7.765118195906, 7.006505375830419, 5.700214832730441, 6.544046385601134, 7.362641338131865, 6.746518038484609, 6.026127327900932, 7.435335673637681, 8.257997546841963, 6.847122849107059, 6.801226199337094, 5.7576406637499815, 8.145693689458867, 7.223500548960879, 6.6253358231568376, 7.3711271804437395, 7.045183249913748, 6.793554779456117, 6.934429757729722, 6.4608161128742, 7.079323023216924, 7.592493957560631, 7.642828598800462, 7.81069208754257, 8.345412667422623, 6.309152352582948, 8.019786918435583, 7.75097176479393, 7.452753308553831, 6.580050370117235, 5.9553860660721165, 6.703274174689963, 7.079460580157543, 6.506244196051636, 7.327717796907912, 5.720850071744912, 7.425135603786364, 6.932734798864241, 6.420070492064543, 6.488060923996322, 6.32565802163372]}, "frame_states": [1, 1, 1, 1, 1, 1, 1, 1, 1, 1, 1, 1, 1, 1, 1, 1, 1, 1, 1, 1, 1, 1, 1, 1, 1, 1, 1, 1, 1, 1, 1, 1, 1, 1, 1, 1, 1, 1, 1, 1, 1, 1, 1, 1, 1, 1, 1, 1, 1, 1, 1, 1, 1, 1, 1, 1, 1, 1, 1, 1, 1, 1, 1, 1, 1, 1, 1, 1, 1, 1, 1, 1, 1, 1, 1, 1, 1, 1, 1, 1, 1, 1, 1, 1, 1, 1, 1, 1]}