{
    "frame_states": [
        0, 
        0, 
        0, 
        0, 
        0, 
        0, 
        0, 
        0, 
        0, 
        0, 
        0, 
        0, 
        0, 
        0, 
        0, 
        0, 
        0, 
        0, 
        0, 
        0, 
        0, 
        0, 
        0, 
        0, 
        0, 
        0, 
        0, 
        0, 
        0, 
        0, 
        0, 
        0, 
        0, 
        0, 
        0, 
        0, 
        0, 
        0, 
        0, 
        0, 
        0, 
        0, 
        0, 
        0, 
        0, 
        0, 
        0, 
        0, 
        0, 
        0, 
        0, 
        0, 
        0, 
        0, 
        0, 
        0, 
        0, 
        0, 
        0, 
        0, 
        0, 
        0, 
        0, 
        0, 
        0, 
        0, 
        0, 
        0, 
        0, 
        0, 
        0, 
        0, 
        0, 
        0, 
        0, 
        0
    ], 
    "phase1": {
        "rmsdiffs": [
            10.136663354048368, 
            7.252605929446533, 
            7.390231818875349, 
            7.991617837556041, 
            7.755405401339329, 
            7.745784420565214, 
            8.746275957417296, 
            4.518250631292041, 
            8.373755989954581, 
            7.976972639137553, 
            8.69708279933757, 
            8.009076838956585, 
            5.0272457979483205, 
            7.8407718203129795, 
            8.873036439952768, 
            8.407514657004157, 
            8.28479211762534, 
            4.63036592997281, 
            9.11147608758992, 
            8.346769256440489, 
            8.053564861146919, 
            8.357507653407637, 
            8.370413858272885, 
            8.070907650729819, 
            8.04457649390001, 
            8.055374590944245, 
            7.903551532037169, 
            7.969026602092118, 
            7.965812823088664, 
            8.049830272834942, 
            8.456780994500807, 
            4.393459516609066, 
            7.810224160581362, 
            7.294431671218384, 
            8.192854620300231, 
            5.076377181222571, 
            7.67697312994592, 
            7.380335258250258, 
            8.147230923500214, 
            7.938184106940494, 
            4.788086651103268, 
            7.808978445151471, 
            7.792458681505911, 
            6.916340710643001, 
            7.1907392953109985, 
            5.232376170488651, 
            7.922675011807755, 
            7.460907391798806, 
            7.533144876812935, 
            7.551722514924621, 
            7.740704642383162, 
            7.615098089713458, 
            7.197444768164597, 
            8.061742586609858, 
            8.124336570156217, 
            7.395670849143861, 
            7.3636934971730685, 
            6.930941265197934, 
            8.189929317290975, 
            5.812401150057945, 
            7.63399434380815, 
            7.673799725409824, 
            7.795372362576152, 
            7.7666236816344645, 
            6.246084497729232, 
            8.428244991310386, 
            9.011849265645019, 
            7.353702503324275, 
            8.197985546183082, 
            5.757231811901997, 
            7.994374426552094, 
            7.282696845046068, 
            7.594930963387347, 
            8.208434791479284, 
            8.359139052414573, 
            8.355149581435748
        ], 
        "shift_vectors": [
            [
                -49, 
                -4
            ], 
            [
                1, 
                4
            ], 
            [
                6, 
                3
            ], 
            [
                11, 
                0
            ], 
            [
                19, 
                -2
            ], 
            [
                20, 
                -3
            ], 
            [
                38, 
                3
            ], 
            [
                1, 
                0
            ], 
            [
                19, 
                8
            ], 
            [
                15, 
                14
            ], 
            [
                21, 
                22
            ], 
            [
                11, 
                6
            ], 
            [
                1, 
                0
            ], 
            [
                4, 
                1
            ], 
            [
                9, 
                0
            ], 
            [
                13, 
                4
            ], 
            [
                17, 
                16
            ], 
            [
                1, 
                0
            ], 
            [
                11, 
                28
            ], 
            [
                -5, 
                4
            ], 
            [
                -1, 
                0
            ], 
            [
                5, 
                4
            ], 
            [
                9, 
                8
            ], 
            [
                11, 
                10
            ], 
            [
                3, 
                2
            ], 
            [
                -8, 
                -1
            ], 
            [
                -14, 
                -13
            ], 
            [
                -16, 
                -13
            ], 
            [
                -10, 
                -5
            ], 
            [
                -7, 
                0
            ], 
            [
                -31, 
                20
            ], 
            [
                -1, 
                0
            ], 
            [
                -27, 
                8
            ], 
            [
                -29, 
                0
            ], 
            [
                -26, 
                -17
            ], 
            [
                1, 
                0
            ], 
            [
                3, 
                -2
            ], 
            [
                5, 
                -2
            ], 
            [
                13, 
                -12
            ], 
            [
                7, 
                -6
            ], 
            [
                -1, 
                0
            ], 
            [
                3, 
                -2
            ], 
            [
                -13, 
                -2
            ], 
            [
                -7, 
                0
            ], 
            [
                -7, 
                0
            ], 
            [
                -1, 
                0
            ], 
            [
                -16, 
                -5
            ], 
            [
                -9, 
                0
            ], 
            [
                -11, 
                4
            ], 
            [
                -9, 
                0
            ], 
            [
                -5, 
                -4
            ], 
            [
                -6, 
                -3
            ], 
            [
                -5, 
                -2
            ], 
            [
                4, 
                -3
            ], 
            [
                4, 
                -3
            ], 
            [
                -3, 
                -2
            ], 
            [
                -7, 
                0
            ], 
            [
                -9, 
                0
            ], 
            [
                -15, 
                0
            ], 
            [
                1, 
                0
            ], 
            [
                -5, 
                0
            ], 
            [
                1, 
                0
            ], 
            [
                5, 
                0
            ], 
            [
                2, 
                1
            ], 
            [
                -1, 
                0
            ], 
            [
                5, 
