{"phase1": {"shift_vectors": [[17, 38], [1, 0], [2, -1], [3, -2], [3, -2], [6, -5], [-1, 0], [3, -2], [2, -1], [2, -1], [-1, 0], [1, 0], [1, 0], [1, 0], [-1, 0], [1, 0], [1, 0], [2, -1], [1, 0], [1, 0], [-1, 0], [-3, 2], [-2, 1], [-2, 1], [-1, 0], [1, 0], [2, -1], [2, -1], [2, -1], [2, -1], [1, 0], [1, 0], [1, 0], [2, -1], [1, 0], [1, 0], [1, 0], [1, 0], [1, 0], [-1, 0], [1, 0], [-2, 1], [2, 1], [1, 0], [1, 0], [1, 0], [1, 0], [1, 0], [-1, 0], [1, 0], [-1, 0], [-1, 0], [1, 0], [1, 0], [1, 0], [1, 0], [1, 0], [1, 0], [-1, 0], [-1, 0], [-1, 0], [-2, -1], [1, 0], [-1, 0], [-3, 2], [-3, 2], [-1, 0], [-1, 0], [-1, 0], [-1, 0], [-1, 0], [-1, 0], [1, 0], [-1, 0], [-1, 0], [-1, 0], [-1, 0], [-1, 0], [-1, 0], [-1, 0], [-1, 0], [1, 0], [1, 0], [-1, 0], [-1, 0], [1, 0], [1, 0], [1, 0], [-1, 0], [1, 0], [-1, 0], [1, 0], [-1, 0], [1, 0], [-1, 0], [-1, 0], [-1, 0], [1, 0], [1, 0], [1, 0], [-1, 0], [-1, 0], [1, 0], [1, 0], [1, 0], [1, 0], [1, 0], [1, 0], [1, 0], [1, 0], [1, 0], [1, 0], [1, 0], [1, 0], [-1, 0]], "stand_dev": [89.48750044530864, 89.09134921538609, 88.97342453025104, 88.70198623437962, 88.42339465417946, 87.5424087137107, 87.57425192805727, 87.18841942309777, 86.9037778613679, 86.63048718337508, 86.64350694189903, 86.61471934740538, 86.68727784914775, 86.71551892474261, 86.57023825044479, 86.61905110912552, 86.42869275767728, 86.11396866249981, 86.03182304018479, 85.9559391249765, 85.92644903660678, 86.19639251678797, 86.36288665853112, 86.5772600049257, 86.59622488612364, 86.59125910814717, 86.4697496337996, 86.50749139420171, 86.55401216150267, 86.72296327560885, 86.47352513808406, 86.29867459259935, 85.96860182446764, 85.21957243238083, 85.3084719304693, 85.19819051763183, 85.0353711342368, 84.93488637426368, 84.86724801467929, 84.90923307339611, 85.00318838642963, 84.66632489231871, 84.43402878252807, 84.13297016247498, 84.193933592507, 84.06158349773808, 84.05787431440112, 83.99543788331285, 84.04740220269568, 83.68125904164539, 83.58044055504983, 83.5807920997099, 83.55326145742521, 83.7280949778645, 83.79979418526167, 83.75602791272671, 83.65446480277112, 83.42704583378278, 83.23358074001558, 82.91478764513559, 82.65502286188193, 82.06031085989204, 82.0835864161484, 81.9376560425367, 81.91251869548333, 82.33799327228375, 82.48732149054676, 82.58563606621034, 82.79206705876443, 82.58484077716923, 82.23382405233826, 81.84006060523264, 82.17370364786267, 81.75406798236857, 81.4385599130821, 81.43378755266055, 81.40004277642073, 81.4179227392764, 81.50876837375777, 81.50760892428589, 81.43059127131646, 81.47314273543223, 81.52083574092275, 81.45316201991574, 81.38174002078367, 81.66334943039341, 81.74367852976766, 81.88943989400252, 81.75238037859926, 81.78980541329182, 81.72658357413101, 81.62692340737384, 81.5725580432908, 81.54274279534903, 81.40326509624728, 81.48420341712207, 81.61670583655092, 81.60905974044643, 81.59950202779098, 81.69038967143764, 81.6931058526447, 81.74044324243904, 81.84443556578123, 82.00393719465518, 82.1923332477439, 82.29903357037794, 82.45124762501987, 82.3932755267343, 82.49392941854842, 82.42197505789639, 82.33144365601488, 82.26410587225122, 82.30638319569648, 82.24572263161606, 82.10265695361053], "rmsdiffs": [8.988309750565925, 6.736381058753718, 6.956655387627189, 7.231339431987545, 7.249814954814413, 7.849517170038425, 5.384436232189498, 6.894966424274946, 6.2998184336779035, 6.1066367280836245, 5.2770479686499385, 4.886989690147903, 5.495082846461925, 5.116867973114629, 5.7349180004831535, 5.38727247751592, 5.912916773291035, 6.737608841498591, 5.898566618983049, 5.804503989346289, 5.622119618404747, 6.962501719490506, 6.354460000695376, 5.520634950495654, 5.904552204988645, 6.412297050898525, 6.571704973463191, 6.688436910525124, 6.670184380007287, 6.751902625613084, 7.087561259306097, 7.068318339769463, 7.100565892500415, 7.364017732948085, 5.523370385357212, 6.799605364084425, 6.913986728710524, 7.36232620555597, 7.08502557342657, 5.406665660033084, 6.924452600636844, 6.170288350346398, 7.118833662843883, 7.0815243631971905, 5.885193868376021, 6.7499705364607445, 5.573391946713277, 6.007075755934937, 5.939195538503809, 6.645157987133921, 6.0232324944164715, 6.081841271633719, 5.640981711127559, 5.198747725835908, 5.191051715204608, 5.791131717787979, 6.208354558085505, 6.56141683810118, 6.390529829412315, 6.306412597819655, 6.373384603089989, 5.888453543925616, 5.622198871706414, 5.044982408768318, 6.748375091602351, 6.967375717635235, 5.251971750523908, 5.482082621875153, 5.263240831604546, 6.098300343865116, 6.442189719431671, 6.272741966265105, 5.963267115109095, 6.207435831889433, 6.6048098611568244, 5.873332939580548, 5.604717145959383, 5.514553310015883, 5.4865550720702085, 5.473141451038039, 5.835903003576528, 5.9633764602919355, 6.298806995813531, 5.531599759234742, 6.062053053183713, 6.079111697136046, 6.01369286094405, 5.968477371598289, 5.704554748545363, 5.932801623764099, 5.995311664496076, 5.993268408353774, 6.297385833498022, 5.965957153502989, 6.275899908869246, 5.694241188784453, 6.472171008683312, 6.046369610220473, 6.40620976561959, 5.810640710829829, 5.585211924790946, 6.33926876418841, 6.8887689928483145, 6.300188163223284, 6.39037133239953, 5.661999443464445, 6.875014424353753, 6.13861006030189, 6.282891542481479, 5.911832280363329, 5.616322979629202, 6.001601681540572, 5.864645078969218, 5.989916467454326, 5.815427470225227]}, "frame_states": [0, 0, 0, 0, 0, 0, 0, 0, 0, 0, 1, 1, 1, 1, 1, 1, 1, 1, 1, 1, 1, 1, 1, 1, 1, 1, 1, 1, 1, 1, 1, 1, 1, 1, 1, 1, 1, 1, 1, 1, 1, 1, 1, 1, 1, 1, 1, 1, 1, 1, 1, 1, 1, 1, 1, 1, 1, 1, 1, 1, 1, 1, 1, 1, 1, 1, 1, 1, 1, 1, 1, 1, 1, 1, 1, 1, 1, 1, 1, 1, 1, 1, 1, 1, 1, 1, 1, 1, 1, 1, 1, 1, 1, 1, 1, 1, 1, 1, 1, 1, 1, 1, 1, 1, 1, 1, 1, 1, 1, 1, 1, 1, 1, 1, 1]}