{
    "brightness": [
        134, 
        134, 
        134, 
        134, 
        132, 
        124, 
        109, 
        110, 
        107, 
        107, 
        105, 
        110, 
        110, 
        121, 
        138, 
        142
    ], 
    "horizontal_movement": [
        [
            -0.1, 
            -0.1794871794871795, 
            0.0, 
            -0.075, 
            -0.09090909090909091, 
            0.0, 
            0.0, 
            -96.875, 
            0.0, 
            -0.06666666666666667, 
            -0.1, 
            0.0, 
            0.0, 
            -0.625, 
            0.0
        ], 
        [
            -0.1, 
            -0.175, 
            0.0, 
            -0.15, 
            -0.15, 
            0.0, 
            0.0, 
            0.0, 
            -82.8, 
            -126.28571428571429, 
            -0.35294117647058826, 
            -0.02564102564102564, 
            -0.24242424242424243, 
            -0.7, 
            0.0
        ], 
        [
            0.0, 
            0.05, 
            0.0, 
            0.0, 
            0.0, 
            0.05, 
            0.0, 
            0.0, 
            0.0, 
            0, 
            -42.166666666666664, 
            0.025, 
            -13.0, 
            -43.4, 
            0.0
        ], 
        [
            -0.3125, 
            -0.5, 
            0.0, 
            -1.853658536585366, 
            -8.2, 
            -182.0, 
            0.15555555555555556, 
            -102.92857142857143, 
            -98.5, 
            17.6, 
            -11.517241379310345, 
            0.041666666666666664, 
            -4.0, 
            -0.5, 
            0.020833333333333332
        ], 
        [
            -0.22916666666666666, 
            -0.44680851063829785, 
            0.0, 
            -0.2708333333333333, 
            -0.25, 
            -0.35714285714285715, 
            0.0, 
            -77.4, 
            -99.23809523809524, 
            -155.44444444444446, 
            -1.0, 
            -0.020833333333333332, 
            -0.09523809523809523, 
            -13.303030303030303, 
            -1.5106382978723405
        ], 
        [
            0.0, 
            0.06818181818181818, 
            0.0, 
            -0.022727272727272728, 
            -0.06382978723404255, 
            0.0, 
            0.0, 
            -0.10638297872340426, 
            -5.892857142857143, 
            0, 
            -44.30434782608695, 
            0.023809523809523808, 
            -23.392857142857142, 
            0, 
            -10.612903225806452
        ], 
        [
            0.0, 
            -0.05, 
            0.0, 
            -4.096774193548387, 
            -18.176470588235293, 
            -199.0, 
            0.0, 
            -103.83870967741936, 
            -83.36842105263158, 
            31.0, 
            -80.92307692307692, 
            0.175, 
            -68.46153846153847, 
            -0.3103448275862069, 
            0.3
        ], 
        [
            -0.05263157894736842, 
            -0.15789473684210525, 
            0.0, 
            -0.025, 
            0.0, 
            -0.4375, 
            0.22857142857142856, 
            -99.1, 
            -105.88, 
            -139.0, 
            -69.83333333333333, 
            -0.025, 
            -88.42105263157895, 
            0, 
            -9.727272727272727
        ], 
        [
            0.0, 
            0.0, 
            0.05, 
            0.0, 
            0.0, 
            0.0, 
            0.0, 
            -0.22580645161290322, 
            -5.3076923076923075, 
            -139.0, 
            -59.666666666666664, 
            0.10810810810810811, 
            -33.25, 
            0, 
            -82.44444444444444
        ]
    ], 
    "mean_vector_length": [
        [
            0.1, 
            0.22180209076597143, 
            0.0, 
            0.075, 
            0.30303030303030304, 
            0.0, 
            0.0, 
            104.26546235091926, 
            0.0, 
            0.26666666666666666, 
            0.175, 
            0.0, 
            0.0, 
            0.7517766952966369, 
            0.0
        ], 
        [
            0.1, 
            0.25, 
            0.0, 
            0.15, 
            0.225, 
            0.15924157536391456, 
            0.0, 
            0.0625, 
            90.39237667399038, 
            144.956483961856, 
            0.47058823529411764, 
            0.057335076346148456, 
            0.30303030303030304, 
            0.725, 
            0.0
        ], 
        [
            0.0, 
            0.19571067811865475, 
            0.0, 
            0.0, 
            0.3, 
            0.1, 
            0.0, 
            0.1, 
            0.0, 
            0, 
            44.10991856753045, 
            0.075, 
            38.407910573250035, 
            66.35765978691306, 
            0.0
        ], 
        [
            0.3125, 
            0.5416666666666666, 
            0.0, 
            1.855372744919278, 
            8.441614406419752, 
            183.7182980070777, 
            0.2758714124971799, 
            104.80043715039685, 
            100.49887898917594, 
            59.190306478735806, 
            11.753231912472744, 
            0.041666666666666664, 
            4.796815504137898, 
            0.7204812092115425, 
            0.125
        ], 
        [
            0.25, 
            0.5697717392418052, 
            0.0, 
            0.2708333333333333, 
            0.2708333333333333, 
            0.6576504843704677, 
            0.041666666666666664, 
            78.15219214612611, 
            100.23575352395231, 
            157.34533621957436, 
            1.0, 
            0.020833333333333332, 
            0.19047619047619047, 
            13.69512583545681, 
            1.6289340357472708
        ], 
        [
            0.0, 
            0.11363636363636363, 
            0.0, 
            0.10467161989690886, 
            0.21413819366480807, 
            0.11904761904761904, 
            0.0, 
            0.46808510638297873, 
            5.93908310369718, 
            0, 
            54.138915900822596, 
            0.07142857142857142, 
            42.79449168401156, 
            0, 
            10.694981297389438
        ], 
        [
            0.0, 
            0.05, 
            0.0, 
            4.9021871106642205, 
            21.453128929644162, 
            201.11957923453974, 
            0.125, 
            104.27588840945408, 
            83.48171146859592, 
            52.616211022724826, 
            81.36568898211539, 
            0.2560660171779821, 
            68.90085773592963, 
            0.46255908835769294, 
            0.3559016994374947
        ], 
        [
            0.07894736842105263, 
            0.22781195393401, 
            0.0, 
            0.075, 
            0.0, 
            0.6909615711335886, 
            0.22857142857142856, 
            100.91182382594187, 
            106.4772659457981, 
            142.27266452031145, 
            70.35915888715354, 
            0.23090169943749475, 
            88.89915128441761, 
            0, 
            9.934993405937592
        ], 
        [
            0.0, 
            0.1, 
            0.05, 
            0.025, 
            0.025, 
            0.05, 
            0.0, 
            1.4462215413016968, 
            6.25092851871419, 
            141.0567306398798, 
            63.514043022399164, 
            0.10810810810810811, 
            70.972489841364, 
            0, 
            82.65146547344
        ]
    ],