{"phase1": {"shift_vectors": [[17, 4], [-1, 0], [-1, 0], [-3, 0], [-5, 0], [-5, 0], [-6, 1], [-6, 1], [-7, 0], [-4, -1], [-7, -6], [-1, 0], [-2, -1], [-3, 0], [1, 0], [1, 0], [-1, 0], [3, 0], [7, 0], [1, 0], [1, 0], [1, 0]], "stand_dev": [65.5322901782821, 65.31397210201479, 65.0668284967161, 65.07649296552992, 65.2426538392303, 65.67702851091026, 66.21765125282255, 66.92453349357571, 67.35742497767012, 67.49201213378659, 65.90098869481662, 65.9134870453072, 65.54137507755563, 65.69441449743438, 66.54938114046533, 66.7931170537054, 66.80451541244275, 66.87124731366731, 66.95265647332153, 66.93200273297447, 66.78837867498612, 66.94467705149422], "rmsdiffs": [8.589117843829188, 5.724229330297572, 5.20510630336037, 5.365876072438581, 5.418095712965547, 5.362375405662223, 5.576883696759025, 5.572031397640763, 5.598131223579809, 5.851343307012714, 6.5611641471170685, 4.042792961072804, 5.243939752811817, 5.404629583186021, 6.684467627236462, 5.405031241309067, 4.153453227005233, 5.001543456175141, 5.639500209406947, 4.7430159878240605, 4.619162136355524, 4.32353382145539]}, "frame_states": [0, 0, 0, 0, 0, 0, 0, 0, 0, 1, 1, 1, 1, 1, 1, 1, 1, 1, 1, 1, 1, 1]}