{"phase1": {"shift_vectors": [[1, 0], [-1, 0], [-1, 0], [-1, 0], [1, 0], [-1, 0], [-1, 0], [1, 0], [1, 0], [-63, 0], [-62, 1], [29, 34], [-57, 2], [1, 0]], "stand_dev": [39.7478441130547, 39.74271928487343, 39.69066029165898, 39.72553646317071, 39.72581874274692, 39.9828180272745, 44.37082608828045, 47.33092651212537, 47.35715184857171, 48.73651840284839, 50.70905561532413, 54.196411084051356, 54.61985091354455, 54.67587835156319], "rmsdiffs": [9.671714994983239, 4.917265420691401, 4.922080650931301, 5.302419617433087, 4.915544773552203, 5.316231301356424, 6.223068562494488, 7.522135074841403, 4.025348951998953, 8.688550560451233, 8.907823095222822, 10.054981491623112, 8.767143086301546, 3.989322385675633]}, "frame_states": [0, 0, 0, 0, 0, 0, 0, 0, 0, 0, 0, 0, 0, 0]}