{
    "frame_states": [
        0, 
        0, 
        0, 
        0, 
        1, 
        1, 
        1, 
        1, 
        1, 
        1, 
        1, 
        1, 
        1, 
        1, 
        1, 
        1, 
        1, 
        1, 
        1, 
        1, 
        1, 
        1, 
        1, 
        1, 
        1, 
        1, 
        1, 
        1, 
        1, 
        1, 
        1, 
        1, 
        1, 
        1, 
        1, 
        1, 
        1, 
        1, 
        1, 
        1, 
        1, 
        1, 
        1, 
        1, 
        1, 
        1, 
        1, 
        1, 
        1, 
        1, 
        1, 
        1, 
        1, 
        1, 
        1, 
        1, 
        1, 
        1, 
        1, 
        1, 
        1, 
        1, 
        1, 
        1, 
        1, 
        1, 
        1, 
        1, 
        1, 
        1, 
        1, 
        1, 
        1, 
        1, 
        1, 
        1, 
        1, 
        1, 
        1, 
        1, 
        1, 
        1, 
        1, 
        1, 
        1, 
        1, 
        1, 
        1, 
        1, 
        1, 
        1, 
        1, 
        1, 
        1, 
        1, 
        1, 
        1, 
        1, 
        1, 
        1, 
        1, 
        1, 
        1, 
        1, 
        1, 
        1, 
        1, 
        1, 
        1, 
        1, 
        1, 
        1, 
        1, 
        1, 
        1, 
        1, 
        1, 
        1, 
        1, 
        1, 
        1, 
        1, 
        1, 
        1, 
        1, 
        1, 
        1, 
        1, 
        1, 
        1
    ], 
    "phase1": {
        "rmsdiffs": [
            9.03530128816462, 
            5.842769772624358, 
            6.179226659899674, 
            6.367615122158388, 
            6.136389247432133, 
            5.986689722552506, 
            5.589619745192351, 
            6.31911549643437, 
            6.201122564278781, 
            6.456975095703984, 
            6.069769466270869, 
            5.587132093985784, 
            6.61200990720985, 
            6.0928079867679825, 
            6.034068351692055, 
            5.743202645750129, 
            5.621006474725525, 
            6.620670092547452, 
            7.0115821909203415, 
            6.1517983284822915, 
            6.590422119307611, 
            5.726778880702584, 
            7.107226001280264, 
            6.679555550661522, 
            6.844804740735359, 
            6.500107003921084, 
            6.621451061063592, 
            6.481422833030729, 
            6.726335088632564, 
            6.62288374614386, 
            6.714917007348632, 
            6.787529542800059, 
            6.643993460600602, 
            6.566749944526738, 
            6.905467141249765, 
            5.609903184257411, 
            6.763048723017441, 
            6.043262205449265, 
            6.393655770825165, 
            6.712610013566041, 
            5.754955981120595, 
            6.962590207777945, 
            6.884230289569264, 
            7.612079180292954, 
            5.496055397718799, 
            8.062686613657592, 
            8.563006699841814, 
            7.890096594388935, 
            7.900754538294875, 
            5.314862299148633, 
            8.247957809869392, 
            7.504166813298818, 
            7.596827864386086, 
            7.42816113264611, 
            7.384171956221437, 
            7.392170720925622, 
            7.309799757294352, 
            7.305459010292877, 
            7.2914221212439205, 
            7.204570037203488, 
            7.364564843659347, 
            7.119973509687181, 
            7.783669800454724, 
            5.161848427281499, 
            7.302177200142764, 
            7.516457420723353, 
            8.053846696865303, 
            7.490732986939301, 
            4.847178558260095, 
            7.5220544568361385, 
            7.892201028345236, 
            7.271972023943927, 
            6.796515186109205, 
            4.932246563600137, 
            6.645358160464754, 
            5.968895590277475, 
            6.34253066082036, 
            6.095070354729958, 
            6.082435567343199, 
            5.869107458662557, 
            5.7702261200591405, 
            5.866317803920563, 
            5.833085172454451, 
            5.872667148757656, 
            6.331909965524702, 
            5.887074897037713, 
            6.120549334195529, 
            6.042929133843647, 
            6.046116173130893, 
            6.132341128834604, 
            6.605433793293928, 
            5.048269009920365, 
            5.959945742462435, 
            5.861806490816234, 
            6.436352417178951, 
            5.886339497004286, 
            5.36577249976311, 
            5.671161298112876, 
            6.030205853682637, 
            5.806440964299863, 
            5.575779412748908, 
            4.65179088171787, 
            5.728284895218433, 
            6.367673179167803, 
            5.484330627800014, 
            5.7385933697724845, 
            4.621843008400074, 
            6.362218986884383, 
            6.170269924700175, 
            5.664276168891769, 
            5.447409447822647, 
            5.493942776688214, 
            5.637603058836279, 
            5.559608459059778, 
            5.663307523345428, 
            6.414714083475208, 
            6.339701792207523, 
            5.996785204949118, 
            5.550145644517881, 
            6.320900062799204, 
            5.21287579691614, 
            5.233259238799129, 
            5.242144763826864, 
            6.017891435799216, 
            4.640819601403393, 
            5.258297382045322, 
            5.4508780773007235, 
            6.3749284205521946, 
            5.725536135685141, 
            4.621916370644141
        ],