{
<<<<<<< HEAD
    "brightness": [
        133, 
        133, 
        133, 
        133, 
        133, 
        133, 
        133, 
        133, 
        133, 
        133, 
        133, 
        133, 
        133, 
        133, 
        133, 
        133, 
        133, 
        133, 
        133, 
        133, 
        133, 
        134
    ], 
    "horizontal_movement": [
        [
            0.0, 
            0.0, 
            0.0, 
            -0.5769230769230769, 
            0.0, 
            -0.5, 
            -0.6923076923076923, 
            -0.8076923076923077, 
            0.19230769230769232, 
            0.0, 
            -0.5769230769230769, 
            -0.07407407407407407, 
            -0.037037037037037035, 
            0.0, 
            0.0, 
            0.0, 
            0.0, 
            0.0, 
            0.0, 
            0.0, 
            0.037037037037037035
        ], 
        [
            0.0, 
            0.0, 
            0.0, 
            -0.9285714285714286, 
            0.0, 
            -0.5714285714285714, 
            -1.0, 
            -0.9285714285714286, 
            0.0, 
            0.0, 
            -0.75, 
            -0.06666666666666667, 
            -0.0625, 
            0.0, 
            0.0, 
            0.0, 
            0.0625, 
            0.0, 
            0.0, 
            0.0, 
            0.0625
        ], 
        [
            0.0, 
            0.0, 
            0.0, 
            -0.95, 
            0.0, 
            -0.85, 
            -0.9, 
            -1.0, 
            0.0, 
            0.0, 
            -0.9523809523809523, 
            0.0, 
            -0.047619047619047616, 
            0.0, 
            0.0, 
            0.0, 
            0.0, 
            0.0, 
            0.0, 
            0.0, 
            0.09523809523809523
        ], 
        [
            -0.10416666666666667, 
            -0.0625, 
            -0.020833333333333332, 
            -0.75, 
            0.0, 
            -0.4791666666666667, 
            -0.875, 
            -0.7291666666666666, 
            -0.041666666666666664, 
            0.0, 
            -0.4791666666666667, 
            -0.0625, 
            -0.041666666666666664, 
            0.0, 
            0.0, 
            0.0, 
            -0.08333333333333333, 
            0.041666666666666664, 
            0.0, 
            0.0, 
            0.1875
        ], 
        [
            -0.020833333333333332, 
            -0.041666666666666664, 
            0.0, 
            -0.9166666666666666, 
            0.020833333333333332, 
            -0.4791666666666667, 
            -0.9791666666666666, 
            -0.8958333333333334, 
            -0.08333333333333333, 
            0.0, 
            -0.3958333333333333, 
            -0.20833333333333334, 
            -0.14583333333333334, 
            0.0, 
            0.0, 
            0.0, 
            -0.041666666666666664, 
            -0.020833333333333332, 
            0.0, 
            -0.041666666666666664, 
            0.14583333333333334
        ], 
        [
            0.0, 
            0.0, 
            0.0, 
            -0.9166666666666666, 
            0.0, 
            -0.8958333333333334, 
            -0.9791666666666666, 
            -1.0, 
            -0.041666666666666664, 
            0.0, 
            -0.4375, 
            -0.08333333333333333, 
            -0.125, 
            0.0, 
            0.0, 
            0.0, 
            0.0, 
            0.020833333333333332, 
            0.0, 
            0.0, 
            0.08333333333333333
        ], 
        [
            0.0, 
            0.0, 
            0.0, 
            -0.975, 
            0.0, 
            -0.775, 
            -1.0, 
            -0.95, 
            -0.05, 
            0.0, 
            -0.025, 
            0.0, 
            -0.125, 
            0.0, 
            0.0, 
            0.0, 
            -0.025, 
            0.0, 
            0.0, 
            0.0, 
            0.025
        ], 
        [
            0.0, 
            0.0, 
            0.0, 
            -1.0, 
            0.0, 
            -0.725, 
            -0.925, 
            -0.725, 
            -0.025, 
            0.0, 
            -0.05, 
            -0.025, 
            -0.025, 
            0.0, 
            0.0, 
            0.0, 
            -0.025, 
            0.0, 
            0.0, 
            0.0, 
            0.025
        ], 
        [
            0.0, 
            0.0, 
            0.0, 
            -1.0, 
            0.0, 
            -0.975, 
            -0.95, 
            -0.975, 
            0.0, 
            0.0, 
            0.0, 
            -0.1, 
            0.0, 
            0.0, 
            0.0, 
            0.0, 
            0.0, 
            0.025, 
            0.0, 
            0.0, 
            0.1
        ]
    ],