{
    "frame_states": [
        0, 
        0, 
        0, 
        0, 
        0, 
        0, 
        0, 
        0, 
        0, 
        0, 
        0, 
        0, 
        0, 
        0, 
        0, 
        0, 
        0, 
        0, 
        0, 
        0, 
        0, 
        0, 
        0, 
        0, 
        0, 
        0, 
        0, 
        0, 
        0, 
        0, 
        0, 
        0, 
        0, 
        0, 
        0, 
        0, 
        0, 
        0, 
        0, 
        0, 
        0, 
        0, 
        0, 
        0, 
        0, 
        0, 
        0, 
        0, 
        0, 
        0, 
        0, 
        0, 
        0, 
        0, 
        0, 
        0, 
        0, 
        0, 
        0, 
        0, 
        0, 
        0, 
        0, 
        0, 
        0, 
        0, 
        0, 
        0, 
        0, 
        0, 
        0, 
        0, 
        0, 
        0, 
        0, 
        0, 
        0, 
        0, 
        0, 
        0, 
        0, 
        0, 
        0, 
        0, 
        0, 
        0, 
        0, 
        0, 
        0, 
        0, 
        0, 
        0, 
        0, 
        0, 
        0, 
        0, 
        0, 
        0, 
        0, 
        0, 
        0, 
        0, 
        0, 
        0, 
        0, 
        0, 
        0, 
        0, 
        1, 
        1, 
        1, 
        1, 
        1, 
        1, 
        1, 
        1, 
        1, 
        1, 
        1, 
        1
    ], 
    "phase1": {
        "rmsdiffs": [
            9.756866161849532, 
            5.379749198915063, 
            6.70142218443487, 
            7.0145367230526405, 
            7.671621127927699, 
            6.815998317281577, 
            5.397794055374131, 
            7.145608140782498, 
            8.37524626044031, 
            8.069427760130576, 
            8.093518833564532, 
            5.063450644485711, 
            9.018587298126718, 
            8.705850379273821, 
            8.56896833790725, 
            4.3868019641633405, 
            9.362229301266822, 
            8.320661727326419, 
            9.201088135179674, 
            9.172083237098379, 
            9.173277731387286, 
            9.201356633576127, 
            8.97270057000992, 
            8.870260864867026, 
            8.799123587185619, 
            8.795523380306, 
            9.042435476108645, 
            9.015766861830826, 
            9.905540475824598, 
            3.8363480694759886, 
            9.507756266946371, 
            9.439005241545987, 
            9.81857867409979, 
            8.962198931034328, 
            4.1216662284440115, 
            8.950675286727167, 
            9.826231417137649, 
            8.440793374236543, 
            8.650810108658689, 
            3.9169699324316545, 
            9.842599165248183, 
            8.7400041902037, 
            8.340862486301763, 
            7.893740784483681, 
            8.123420471341978, 
            8.394942233060256, 
            8.538894389453903, 
            8.403917592570968, 
            8.338002325586569, 
            8.365472670453117, 
            8.657037405721539, 
            8.604128363079239, 
            8.699663570244386, 
            4.381023934896496, 
            8.00014399540031, 
            8.480018657788424, 
            8.95093230968898, 
            4.319362233717903, 
            8.506036312091895, 
            8.36245057329364, 
            9.164905560111016, 
            8.186575269247916, 
            4.267677037059477, 
            8.47286893524911, 
            9.288414557718031, 
            8.410957619421525, 
            8.373480894252763, 
            4.84718124873383, 
            9.088727228479941, 
            8.585332142913025, 
            8.564869816239526, 
            8.429218204568551, 
            8.60408643827365, 
            8.274456977116284, 
            8.205441851316776, 
            8.046284368255415, 
            8.158436333650583, 
            7.9748655869482326, 
            7.575368545145246, 
            7.669769634324847, 
            8.222300423066207, 
            4.688569213824418, 
            7.6700605189366735, 
            7.772407804843983, 
            8.28803255109891, 
            7.4371280339391115, 
            4.535107645501467, 
            7.492984161747513, 
            8.497642951320158, 
            7.705327543199172, 
            7.84146906941412, 
            8.19299238826083, 
            8.937649914123988, 
            7.903864603176635, 
            4.265303030981073, 
            8.104620020017396, 
            8.63658656457867, 
            7.4300920752954305, 
            6.961333631671081, 
            4.296626361145354, 
            7.31317508613535, 
            6.076690658726188, 
            6.796062682468273, 
            7.068554135592655, 
            7.132846096637738, 
            7.077343924479848, 
            7.12674684269969, 
            7.066277597866768, 
            6.898802847278909, 
            6.725418539372617, 
            7.0104784501573185, 
            7.113588458653656, 
            8.250419379176213, 
            4.32387415077142, 
            6.799784598869373, 
            6.787846786628481, 
            7.515394687597399, 
            7.001016583140254, 
            4.509147082033077, 
            7.202821200495273
        ],