{"phase1": {"shift_vectors": [[-13, -2], [-1, 0], [-3, -2], [-1, 0], [1, 0], [-1, 0], [3, 0], [4, -3], [-7, -6], [1, 0], [2, -1], [4, 3], [3, 2], [-3, 2], [1, 0], [1, 0]], "stand_dev": [89.4144873407449, 88.66384883451695, 87.26467632115911, 86.57843773918042, 86.54681804559686, 85.94074202220352, 85.4086381490135, 84.34357500674118, 81.13415687356122, 81.17186667205331, 79.47280772702197, 80.1894673970483, 81.11124286155606, 81.58054248159452, 81.55429388750426, 81.45694895277168], "rmsdiffs": [8.626374868677063, 4.435156080593385, 5.544046958656887, 5.393807751373086, 3.5080080779076432, 5.6634675986384595, 5.452798022981857, 5.607767486349889, 7.3210170248174, 3.6393681964613056, 5.995733253530524, 6.496893903477085, 6.647469612499754, 5.563645745954393, 5.849708739054312, 5.86742552710462]}, "frame_states": [1, 1, 1, 1, 1, 1, 1, 1, 1, 1, 1, 1, 1, 1, 1, 1]}