{
<<<<<<< HEAD
    "brightness": [
        104, 
        104, 
        104, 
        104, 
        104, 
        104, 
        104, 
        104, 
        104, 
        104, 
        104, 
        104, 
        103
    ], 
    "horizontal_movement": [
        [
            -0.15, 
            -0.2564102564102564, 
            -0.2894736842105263, 
            1.588235294117647, 
            0.8611111111111112, 
            -0.025, 
            0.28205128205128205, 
            3.3947368421052633, 
            0.6111111111111112, 
            0.8888888888888888, 
            0.0, 
            -1.96875
        ], 
        [
            0.0, 
            -1.0384615384615385, 
            -0.7619047619047619, 
            0.05555555555555555, 
            0.2, 
            0.0, 
            0.36, 
            1.6923076923076923, 
            -0.25, 
            0.9523809523809523, 
            0.0, 
            -1.5833333333333333
        ], 
        [
            0.0, 
            -0.868421052631579, 
            -0.18421052631578946, 
            2.6315789473684212, 
            1.35, 
            0.0, 
            0.925, 
            1.6842105263157894, 
            -0.07692307692307693, 
            0.7692307692307693, 
            0.025, 
            0.08571428571428572
        ], 
        [
            -0.02127659574468085, 
            -0.2222222222222222, 
            -0.2222222222222222, 
            1.457142857142857, 
            0.5609756097560976, 
            -0.020833333333333332, 
            0.7619047619047619, 
            2.135135135135135, 
            -0.14634146341463414, 
            0.23255813953488372, 
            0.08333333333333333, 
            -1.6944444444444444
        ], 
        [
            0.0, 
            -0.8095238095238095, 
            -1.0465116279069768, 
            -1.0, 
            -0.6888888888888889, 
            0.0, 
            -0.5813953488372093, 
            -1.5454545454545454, 
            -2.2222222222222223, 
            -0.5833333333333334, 
            0.0, 
            -2.7083333333333335
        ], 
        [
            0.05128205128205128, 
            -0.4117647058823529, 
            -0.2894736842105263, 
            1.696969696969697, 
            1.0263157894736843, 
            0.025, 
            0.9705882352941176, 
            2.793103448275862, 
            0.5625, 
            1.0909090909090908, 
            0.0, 
            -1.1538461538461537
        ], 
        [
            -0.13157894736842105, 
            -0.21052631578947367, 
            -0.2894736842105263, 
            2.0, 
            0.7692307692307693, 
            0.0, 
            0.7692307692307693, 
            3.6857142857142855, 
            0.6111111111111112, 
            0.75, 
            0.05128205128205128, 
            -1.7878787878787878
        ], 
        [
            -0.10526315789473684, 
            -0.6388888888888888, 
            -1.4324324324324325, 
            -1.0, 
            -0.5945945945945946, 
            0.0, 
            -0.2972972972972973, 
            0.7777777777777778, 
            -1.65625, 
            -2.03125, 
            -0.05128205128205128, 
            -7.2
        ], 
        [
            -0.03125, 
            -0.029411764705882353, 
            -0.5882352941176471, 
            0.7878787878787878, 
            0.967741935483871, 
            -0.125, 
            0.967741935483871, 
            2.933333333333333, 
            0.23333333333333334, 
            0.4666666666666667, 
            -0.06451612903225806, 
            -1.9333333333333333
        ]
    ], 
    "mean_vector_length": [
        [
            0.25590169943749475, 
            0.6596903092655861, 
            0.3793214095361341, 
            2.2508032537977307, 
            1.3001142189454602, 
            0.025, 
            1.5654825667720695, 
            3.5354233611840757, 
            1.0815236501670455, 
            1.0717371035922412, 
            0.0, 
            2.8784562583755084
        ], 
        [
            0.0, 
            1.3065601057106595, 
            1.079526017986189, 
            1.3756449838780613, 
            0.5511983950044016, 
            0.0, 
            1.6241136996542818, 
            1.7047905892437214, 
            0.632842712474619, 
            1.1811078088074207, 
            0.0, 
            3.3861058190497015
        ], 
        [
            0.05, 
            1.1018436232918105, 
            0.6968081227531336, 
            3.0400889327376843, 
            1.4127866979363801, 
            0.0, 
            0.9944817936091213, 
            2.8281606937720567, 
            1.2714731419849294, 
            2.0153790948352643, 
            0.025, 
            3.144121962637706
        ], 
        [
            0.10638297872340426, 
            0.8160612111452985, 
            0.6014332244943551, 
            2.240752836711717, 
            1.10380080037407, 
            0.020833333333333332, 
            1.2316171919370915, 
            2.9033698158141825, 
            1.4118827667174918, 
            1.1043598994619586, 
            0.22559223176554566, 
            2.0831344929097124
        ], 
        [
            0.0, 
            1.2400776457306002, 
            1.0794003154040255, 
            1.2762706133111736, 
            0.83048068648025, 
            0.0, 
            0.9856924723453543, 
            2.0155563795030447, 
            2.5713481004894345, 
            1.7800247088790064, 
            0.0, 
            4.048128787595457
        ], 
        [
            0.1282051282051282, 
            0.5953717849152731, 
            0.3684210526315789, 
            2.2379201960037394, 
            1.0543288184801574, 
            0.05, 
            0.9949537389631233, 
            3.2326163571153796, 
            1.0647894410778473, 
            1.7705222766325406, 
            0.12071067811865474, 
            3.508105963761847
        ], 
        [
            0.2432273865031391, 
            0.2432273865031391, 
            0.8891011698416932, 
            2.301059852213101, 
            0.9487179487179487, 
            0.02564102564102564, 
            1.1269447338363756, 
            3.819138632618168, 
            0.8052973551365158, 
            0.9234066857533134, 
            0.2670311169839255, 
            2.235286225785543
        ], 
        [
            0.10526315789473684, 
            0.705950376732586, 
            1.4660173158680887, 
            2.0888287511517314, 
            0.8889978980268154, 
            0.0, 
            1.1538354621679867, 
            2.0494929281931147, 
            1.9262808226496078, 
            2.3436118247654494, 
            0.1282051282051282, 
            7.36720657845496
        ], 
        [
            0.03125, 
            0.17647058823529413, 
            0.688653340069797, 
            1.4968907129469367, 
            0.9753570315322513, 
            0.125, 
            0.967741935483871, 
            2.938742588672279, 
            0.5525497074180492, 
            0.9485410872999994, 
            0.1746520503991321, 
            3.6113404101755133
        ]
    ],