{"phase1": {"shift_vectors": [[55, 0], [-31, -2], [33, 4], [-3, 2], [-3, -2], [-4, -3], [31, 2], [-3, -2], [-5, 0], [-3, 0], [-1, 0], [32, 1], [-3, -2], [-34, -7], [-35, -8], [-4, -3], [-6, -5], [-5, -4], [-4, -3], [-3, 0], [31, 4], [31, 2], [31, 2], [30, 3]], "stand_dev": [78.76188131007018, 78.70509835437525, 79.18763872023493, 79.34930380147614, 78.81950649184671, 78.23174601035737, 78.21490574886762, 77.92401775579297, 78.03706885352281, 78.93743520243065, 79.47244039706176, 79.48572000336007, 79.98055730941493, 79.84412722338747, 79.4059234814811, 78.49551044087166, 77.01092657842814, 75.9366676423557, 75.46239703410183, 75.56836127266219, 76.80185809322715, 78.56782611201263, 79.97170312359054, 81.51873070692919], "rmsdiffs": [8.280291306563885, 7.579682543119934, 7.549142691363217, 5.778971923472777, 4.400605617626065, 4.420158584623194, 7.598885617424926, 4.273447667103492, 5.042684817260466, 4.490831212003835, 4.355449960394798, 7.412485121508643, 5.120812690247175, 7.339690916085509, 7.34873409165226, 4.721322368513094, 4.8148904121011755, 5.256766808130233, 5.832247892550035, 6.0877389908963995, 7.774975587288137, 7.752213614036941, 7.7794635433410235, 7.674800176187602]}, "frame_states": [0, 0, 0, 0, 0, 0, 0, 0, 0, 0, 0, 0, 0, 0, 0, 0, 0, 0, 0, 0, 0, 0, 0, 0]}