{"phase1": {"shift_vectors": [[-3, 8], [-1, 0], [1, 0], [0, -1], [0, -1], [1, 0], [0, -1], [1, 0], [0, -1], [0, -1], [0, -1], [0, -1]], "stand_dev": [61.84910999212287, 61.78501746961489, 61.72799751395236, 61.75533024794212, 61.71126148237046, 61.79738318965046, 61.75233798105621, 61.474193633914204, 61.50134765114772, 61.432367276699225, 61.20562559657722, 61.07245513597124], "rmsdiffs": [8.431934184577688, 6.408746780627942, 6.652926633767777, 6.115059653125335, 5.560834505443939, 6.057598613011217, 5.803239958087384, 6.024469029793473, 5.970842643485009, 6.06925882468844, 6.030214588840532, 6.134272939121918]}, "frame_states": [1, 1, 1, 1, 1, 1, 1, 1, 1, 1, 1, 1]}