{
    "frame_states": [
        1, 
        1, 
        1, 
        1, 
        1, 
        1, 
        1, 
        1, 
        1, 
        1, 
        1, 
        1, 
        1, 
        1, 
        1, 
        1, 
        1, 
        1, 
        1, 
        1
    ], 
    "phase1": {
        "rmsdiffs": [
            4.746162489093264, 
            4.18263710338162, 
            4.08749508461735, 
            4.26247134557301, 
            4.035569873572526, 
            3.091563337076169, 
            3.965321988604329, 
            2.895858782345777, 
            2.4533023460881274, 
            2.6700853477398283, 
            4.08210967154782, 
            4.0886057643354645, 
            3.7814449889081305, 
            3.723956688362135, 
            4.003538037095071, 
            4.087328110975129, 
            3.9108829203242697, 
            3.9574011888750444, 
            4.000277659464179, 
            4.03006977041008
        ], 
        "shift_vectors": [
            [
                6, 
                3
            ], 
            [
                1, 
                0
            ], 
            [
                -1, 
                0
            ], 
            [
                -1, 
                0
            ], 
            [
                -1, 
                0
            ], 
            [
                -1, 
                0
            ], 
            [
                1, 
                0
            ], 
            [
                -1, 
                0
            ], 
            [
                -1, 
                0
            ], 
            [
                -1, 
                0
            ], 
            [
                -1, 
                0
            ], 
            [
                1, 
                0
            ], 
            [
                -1, 
                0
            ], 
            [
                -1, 
                0
            ], 
            [
                -1, 
                0
            ], 
            [
                -1, 
                0
            ], 
            [
                -1, 
                0
            ], 
            [
                -1, 
                0
            ], 
            [
                -1, 
                0
            ], 
            [
                1, 
                0
            ]
        ], 
        "stand_dev": [
            74.62598341650963, 
            74.65863414187801, 
            74.63455501509044, 
            74.55261838935726, 
            74.56154259085731, 
            74.4698899168684, 
            74.47526456884188, 
            74.408667470484, 
            74.38271173965708, 
            74.3384611459375, 
            74.12870867270358, 
            74.13211361671154, 
            74.03358802771088, 
            74.01586976278854, 
            73.83134966523689, 
            73.80371613882755, 
            73.81348944279812, 
            73.80450367711079, 
            73.83806673481307, 
            73.78596284014608
        ]
    }
}