{"phase1": {"shift_vectors": [[39, 0], [1, 0], [1, 0], [-1, 0], [-1, 0], [1, 0], [-1, 0], [-7, 0], [-3, 2], [-3, 2], [1, 0], [11, 6], [5, 4], [-6, 5], [-5, 4], [-6, 5], [-5, 4], [3, 2], [2, 1], [1, 0], [1, 0], [1, 0], [1, 0], [7, 0], [-1, 0], [-2, 1], [-3, 0], [-7, 0], [-21, 0], [-1, 0], [-3, 0], [-5, -2], [-12, -7], [-9, -4], [1, 0], [-8, -3], [-11, -10], [-6, -5], [-4, -3], [-1, 0], [8, -7], [5, -4], [4, -3], [-1, 0], [9, 10], [4, 9], [3, 10], [2, 9], [4, 3], [1, 0], [3, -2], [2, -1], [3, -2], [3, -2], [2, -1], [2, -1], [-1, -4], [1, 0], [1, 0], [2, 1], [2, 5], [3, 0], [-1, 0], [1, 0], [-1, 0], [-2, -1], [-3, -2], [1, 0]], "stand_dev": [89.73183904432739, 89.5080882649024, 89.73897985137415, 91.27226064454746, 91.84692554399963, 91.86206473518666, 92.15510269849186, 92.34102360370062, 92.08763302145961, 91.85268113342799, 91.83220622870914, 91.28125067215707, 91.0718807353271, 91.08087409798955, 91.04052395425217, 90.9972797980063, 90.73205017458524, 90.22413249643162, 89.61430526377167, 88.96811123137059, 87.73886458463586, 85.83325171285216, 84.3300353656334, 82.78072905916989, 81.2019018804022, 80.04875751328234, 79.06094756410072, 78.23698577081657, 75.82410585786718, 75.86404175474503, 74.67417115895788, 73.24636592950978, 69.97670885994485, 68.6014392828029, 68.55944971661711, 67.08249046130294, 62.29892841376889, 59.16794639213344, 56.571268131457835, 56.70213692682099, 54.04700513507909, 53.79853750803225, 54.27616320302405, 54.29827434315667, 55.25865991650461, 55.81884698201496, 57.2970649846195, 59.81552395715338, 62.03101413830791, 62.10866670726795, 61.82760304578865, 61.65636432086595, 61.846552995239406, 61.56032011376447, 61.37593419554822, 61.10789133304695, 61.046764470700204, 61.09229322124773, 61.27432023552419, 61.61010396236652, 62.59604664102445, 62.79161195431182, 62.81587682992839, 62.74335418432771, 63.03651876930352, 62.85759380904611, 62.5223445950189, 62.57588575045683], "rmsdiffs": [9.98346108750042, 4.123290127377186, 3.8158727787319147, 6.060096859981374, 4.566286171127109, 3.3875340425207026, 3.9277224952005545, 5.96568209197726, 6.364393738663182, 6.209685145872371, 3.4157826127027198, 7.20423827374813, 6.386045733587792, 6.512083296621119, 6.3429498941174955, 6.448105504884654, 6.582171717403365, 6.592735784526794, 6.618296830399005, 6.703410089916487, 6.831918374567415, 7.0934784202159875, 7.173568209441059, 7.444797724909898, 7.44590384639256, 7.514942342733836, 7.6068953567423545, 7.70499013078989, 8.620286193122435, 4.368087728247828, 7.908862963706275, 7.551341302419237, 8.36568984631373, 7.331136757718144, 4.808470399697587, 7.391014272481884, 8.473332604864485, 8.088677444648923, 8.024819790996983, 5.080471799492891, 8.583067795634118, 7.250138579522274, 7.268898347132483, 4.950606752322014, 8.455211140282675, 7.035189716983988, 6.585537035723806, 6.7922347127490434, 7.655827354096514, 6.856347937659926, 7.06395893866503, 6.892757915564241, 7.0511501920162685, 7.305533213750806, 6.744679413846194, 7.297507903833855, 7.0727299782836495, 5.591925162355769, 6.592194237523711, 7.293823314368689, 7.595082309500812, 6.354957369457802, 5.575587515525107, 6.705015549915184, 8.052200747655421, 7.015446434756113, 6.867061221725816, 5.75784375756824]}, "frame_states": [0, 0, 0, 0, 0, 0, 0, 0, 0, 0, 0, 0, 1, 1, 1, 1, 1, 1, 1, 1, 1, 1, 0, 0, 0, 0, 0, 0, 0, 0, 0, 0, 0, 0, 0, 0, 0, 0, 0, 0, 0, 0, 0, 0, 0, 0, 0, 0, 0, 0, 0, 0, 1, 1, 1, 1, 1, 1, 1, 1, 1, 1, 1, 1, 1, 1, 1, 1]}