{"phase1": {"shift_vectors": [[-16, -45], [1, 0], [1, 0], [1, 0], [1, 0], [1, 0], [1, 0], [1, 0], [2, 1], [2, 1], [3, 0], [3, 0], [3, 0], [5, 0], [5, 0], [5, 0], [5, 0], [11, 0], [-1, 0], [5, 0], [6, 1], [13, 2], [6, 1], [-1, 0], [6, 1], [12, 3], [6, 1], [5, 2], [1, 0], [10, 3], [6, 1], [6, 1], [6, 1], [6, 1], [6, 1], [13, 2], [6, 1], [6, 1], [6, 1], [6, 1], [6, 1], [6, 1], [6, 1], [6, 1], [6, 1], [5, 0], [5, 0], [3, 0], [3, 0], [5, 0], [1, 0]], "stand_dev": [81.49244373242612, 81.3939474321825, 81.40211642566781, 81.39378303177, 81.39440244130503, 81.5576465890722, 81.611616026502, 81.72952814425139, 81.83564881593202, 82.10251411003688, 82.1890355441704, 82.29562465983358, 82.19146308964876, 82.16148661459418, 82.21492766276026, 82.4123527751195, 82.5892480827017, 83.18285851743575, 83.1816611289139, 83.49334929301624, 83.80222155357797, 85.0181369909982, 85.67439510688496, 85.6997011528559, 86.32738410946945, 87.39625315473192, 87.99927809461622, 88.52091402291764, 88.55201625589578, 88.78809691828015, 88.74209721131332, 88.71696527270157, 88.48566941741959, 88.23010457887388, 87.84841869828277, 87.9487712351429, 87.94316412297425, 87.70807801059078, 87.2129284845904, 86.67536787889632, 85.97257140454977, 84.9172050048705, 84.18968202847928, 83.78228971253773, 83.40157647651155, 83.29961680288189, 82.78621575084716, 82.20323327009186, 82.03219190246675, 81.4719308734027, 81.4589948091949], "rmsdiffs": [10.238940746527817, 4.374645078382398, 4.393025625195828, 4.292052377945017, 4.27286926484739, 3.8350742230945234, 4.430958608734049, 4.668538170820527, 4.848574560094812, 4.9622191858957, 4.705579892112507, 4.464590221605064, 5.063399291428729, 4.863597439395395, 4.811718798441529, 4.453951718896459, 4.657204035826762, 5.488076635911002, 4.180391064098132, 4.752820224612863, 4.824946305536802, 5.458804273851562, 4.019138135174372, 4.021151259388051, 4.6111004154040245, 5.697393194367569, 5.021986666514027, 5.634502852883776, 4.086552710855264, 6.242189731153848, 4.964564289835583, 4.9830552131511725, 5.067720180350477, 5.281942164954767, 4.942834640246284, 5.386230233248503, 5.0290990892277225, 4.4122782587176435, 4.550376471246033, 4.4282278471622405, 4.165420613954131, 4.041965155210015, 4.150217906780414, 4.368634455340109, 4.547067821035024, 5.006541652436869, 5.053435375946015, 4.771870067237905, 4.580349868611636, 4.56148526869461, 3.904921679038225]}, "frame_states": [0, 0, 0, 0, 0, 0, 0, 0, 0, 0, 0, 0, 1, 1, 1, 1, 1, 0, 0, 0, 0, 0, 0, 0, 0, 0, 0, 0, 0, 0, 0, 0, 0, 0, 0, 0, 0, 0, 0, 0, 0, 1, 1, 1, 1, 1, 1, 1, 1, 1, 1]}