{
    "brightness": [
        102, 
        102, 
        101, 
        101, 
        100, 
        99, 
        99, 
        98, 
        98, 
        98, 
        98, 
        98, 
        98, 
        97
    ], 
    "horizontal_movement": [
        [
            -1.6896551724137931, 
            -1.125, 
            -0.6388888888888888, 
            -0.358974358974359, 
            0.0, 
            0.7297297297297297, 
            0.9473684210526315, 
            1.393939393939394, 
            1.793103448275862, 
            1.9285714285714286, 
            5.1875, 
            0.025, 
            2.64
        ], 
        [
            0.029411764705882353, 
            0.05714285714285714, 
            0.08108108108108109, 
            0.1111111111111111, 
            0.20689655172413793, 
            0.15151515151515152, 
            0.058823529411764705, 
            0.0, 
            0.05555555555555555, 
            0.0, 
            -0.19047619047619047, 
            0.0, 
            -0.10344827586206896
        ], 
        [
            0.05714285714285714, 
            0.15625, 
            0.10810810810810811, 
            0.08571428571428572, 
            0.1875, 
            0.11428571428571428, 
            0.18421052631578946, 
            0.07692307692307693, 
            -0.08333333333333333, 
            -0.16216216216216217, 
            -0.3333333333333333, 
            0.0, 
            0.08823529411764706
        ], 
        [
            -1.5348837209302326, 
            -1.1395348837209303, 
            -0.6, 
            -0.18604651162790697, 
            0.2857142857142857, 
            0.9761904761904762, 
            1.4878048780487805, 
            1.7857142857142858, 
            2.3, 
            2.5121951219512195, 
            7.057142857142857, 
            0.0, 
            3.9722222222222223
        ], 
        [
            -0.2222222222222222, 
            -0.28888888888888886, 
            0.1956521739130435, 
            0.125, 
            0.3111111111111111, 
            0.36363636363636365, 
            0.23404255319148937, 
            0.25, 
            0.2553191489361702, 
            0.25, 
            0.2682926829268293, 
            0.0, 
            0.32608695652173914
        ], 
        [
            0.0, 
            0.07894736842105263, 
            0.24324324324324326, 
            0.15789473684210525, 
            0.4594594594594595, 
            0.14285714285714285, 
            0.225, 
            0.11904761904761904, 
            0.11904761904761904, 
            0.12195121951219512, 
            -0.125, 
            0.0, 
            0.27906976744186046
        ], 
        [
            -0.825, 
            -0.46153846153846156, 
            -0.20512820512820512, 
            -0.3684210526315789, 
            0.24324324324324326, 
            0.3333333333333333, 
            0.08108108108108109, 
            0.1282051282051282, 
            0.15789473684210525, 
            0.15384615384615385, 
            2.4482758620689653, 
            -0.05, 
            0.6571428571428571
        ], 
        [
            -0.13157894736842105, 
            0.0, 
            0.35, 
            0.475, 
            1.0, 
            0.675, 
            0.575, 
            0.575, 
            0.5, 
            0.48717948717948717, 
            0.4411764705882353, 
            0.0, 
            0.575
        ], 
        [
            -1.0303030303030303, 
            -0.7419354838709677, 
            -0.4375, 
            -0.25, 
            -0.2, 
            0.06451612903225806, 
            -0.14705882352941177, 
            0.21212121212121213, 
            0.7272727272727273, 
            1.1944444444444444, 
            2.4516129032258065, 
            0.0, 
            0.4444444444444444
        ]
    ], 
    "mean_vector_length": [
        [
            1.7771604986438563, 
            1.4042865936731053, 
            0.9291464281415617, 
            0.6508917002782113, 
            0.358974358974359, 
            1.2592272172115446, 
            1.1075370403613187, 
            1.6095390418052231, 
            2.187530017721665, 
            2.377043753348471, 
            5.6042680548469255, 
            0.025, 
            2.804924225024706
        ], 
        [
            0.2647058823529412, 
            0.11428571428571428, 
            0.24324324324324326, 
            0.27301186457628307, 
            0.2413793103448276, 
            0.7346254753672511, 
            0.14705882352941177, 
            0.2777777777777778, 
            0.705950376732586, 
            0.9777247260917437, 
            1.8221215770763532, 
            0.0, 
            0.3448275862068966
        ], 
        [
            0.468977530353517, 
            0.30713834764831843, 
            0.1845520844525997, 
            0.14285714285714285, 
            0.21875, 
            0.2571428571428571, 
            0.18421052631578946, 
            0.07692307692307693, 
            0.28928371006591935, 
            0.48184938174989705, 
            1.2209138999323175, 
            0.0, 
            0.17142432719841735
        ], 
        [
            2.2135104553861313, 
            1.7989616106415058, 
            1.419468937597066, 
            1.111298708232194, 
            1.2267116864578151, 
            1.8352000290435622, 
            2.097860900610593, 
            2.3960605194145463, 
            3.02060840096489, 
            3.0531149959069395, 
            7.369518855072774, 
            0.0, 
            4.687110870540599
        ], 
        [
            0.8825505920470859, 
            0.4406317138832487, 
            0.40698585547257315, 
            0.551776695296637, 
            0.6752172513522277, 
            0.9055401556047914, 
            0.6361594667364184, 
            0.47349837627828867, 
            1.1859811529696902, 
            0.9815233808288966, 
            1.6286653664391757, 
            0.020833333333333332, 
            0.6025727653529327
        ], 
        [
            0.8760598260100836, 
            0.5975843140131413, 
            0.5868858551924017, 
            0.40733443854260726, 
            0.7173838855909475, 
            0.531587179298971, 
            0.4664213562373095, 
            0.31105940719633285, 
            0.48196763540760207, 
            0.21951219512195122, 
            0.7004441738241592, 
            0.0, 
            0.6596525158602733
        ], 
        [
            1.8036085031153495, 
            1.540944370448798, 
            1.2674244431855828, 
            1.3987091932882814, 
            1.9115093448842646, 
            2.319217758595568, 
            2.3048859739022522, 
            2.758747787150813, 
            3.3671816386480917, 
            3.565614045575728, 
            8.499422950264952, 
            0.23106601717798214, 
            5.561932782505731
        ], 
        [
            1.213906894780307, 
            0.9855416921501851, 
            1.0094550900307684, 
            1.0882796511578423, 
            1.5094751149294487, 
            1.2411757707891664, 
            0.9389087296526013, 
            0.7342907722902812, 
            1.0978708664619077, 
            0.7815616145447364, 
            1.3539939026602033, 
            0.0, 
            0.7040569415042095
        ], 
        [
            2.2620764461230625, 
            1.6311980817821738, 
            1.84517659811362, 
            1.476629728727454, 
            1.437036669751453, 
            1.8399861386521168, 
            1.8785628817460616, 
            1.4265906919036402, 
            1.152578926051567, 
            1.604113025063136, 
            3.468518237842036, 
            0.075, 
            0.8631461698469756
        ]
    ],