{"phase1": {"shift_vectors": [[-28, 11], [0, 1], [0, 1], [0, 1], [0, 1], [0, 1], [0, 1], [0, 1], [1, 2], [0, 1], [0, 1], [0, 1], [0, -1], [0, -1], [0, -1], [0, -1], [0, -1], [0, -1], [0, -1], [0, -1], [0, 1], [0, 1], [0, 1], [0, 1], [1, 2], [1, 2], [1, 2], [1, 2], [6, -5], [0, 1], [3, 4], [2, 3], [7, 6], [4, 5], [0, 1], [5, 0], [10, -3], [2, 3], [0, 1], [0, 1], [-2, -3], [-2, -3], [-3, -4], [-3, -4], [-1, -2], [1, 2], [2, 3], [1, 4], [-1, 2], [-2, -3], [-1, -2], [-2, -3], [-7, 4], [0, 1], [-2, -3], [-2, -3], [-2, -3], [0, 1], [1, 2], [1, 6], [2, 3], [0, -3], [0, 1], [0, -3], [0, -5], [1, 2], [1, 2], [0, 1], [2, 3], [2, 3], [0, 1], [0, -1], [-1, -2], [-2, -3]], "stand_dev": [83.50500974359925, 83.71276682634821, 83.72302562669744, 83.68034023634837, 83.1611656733288, 83.03650549988072, 82.93242624701823, 82.94077679472932, 82.39261315824848, 82.13016489155173, 82.18361447172921, 83.05546858859273, 83.24203598507177, 83.12594225998984, 83.19414963083423, 83.19315690666654, 83.46361339081513, 83.52000300177212, 83.42358235246324, 83.3116801016344, 83.15291091619196, 82.96325515833526, 82.90212324640333, 82.8792964286715, 82.92169483557048, 83.28738477333403, 83.47955420471806, 82.80427116232806, 80.03044687351573, 80.00034269817257, 79.23269236234215, 79.28088782840518, 80.33797827584917, 80.50011999182695, 80.5046144375856, 80.58876164555066, 79.62808562763551, 79.41917833375422, 79.51408060013625, 79.54943625111397, 79.87671600193117, 79.96594571414907, 79.92556057161116, 79.52611208245081, 79.00547259673023, 78.63715611503747, 79.01343625218315, 80.35596410045648, 81.16491402991502, 81.37126939585372, 81.39627211955757, 81.90364599389004, 81.60746338055203, 81.60393932308173, 81.39900103141505, 81.09838153001823, 80.29960099478672, 80.3287055592561, 80.8458345887043, 82.15698804458282, 82.74128146992953, 81.81077545070181, 81.81492832764721, 80.91070571034847, 79.24713836999537, 78.65232350612881, 78.32156034536149, 78.34842610786396, 78.21196969511553, 78.53043274003657, 78.46874132770044, 78.2179672432516, 77.9327722009995, 77.45037898502346], "rmsdiffs": [7.475734666121257, 4.590419260835626, 3.744721796086268, 4.16133340198202, 5.005810951278952, 4.569225830119313, 4.49935145047932, 3.6371656151045917, 5.412418212004295, 4.52487082180685, 4.455747086972517, 4.126015954909425, 4.14000920093712, 3.3052237186132447, 3.717789355919196, 3.604534125299091, 4.793657492851818, 4.837598022874495, 4.619671043498582, 4.342245573728261, 3.9148987124789523, 4.108042611959047, 4.332644153645322, 4.717803856057815, 4.929841487583445, 4.8573535592489945, 5.061851119080178, 5.461996271970483, 5.29049745384994, 3.853404872140364, 5.838461636067888, 5.066613680337901, 5.0789950462859705, 5.095602536017392, 3.543500194459386, 4.328526002905639, 5.4273681238813225, 5.430883789949371, 3.8307400219277326, 3.514753277100086, 5.778274456596703, 5.179510745194287, 5.034333464520737, 4.945788074504849, 4.005835873613349, 5.226804043402273, 4.707831428159769, 4.311384575845815, 4.308244615255083, 5.225945166621957, 5.29661624131549, 5.959202610030125, 5.8499863724384165, 3.84339988384385, 5.096704075954664, 4.618720879508274, 4.859280029771309, 3.7190593344109315, 4.085751694039014, 4.570285506960104, 5.048375083937344, 4.326666284965433, 3.502294189404495, 4.158471282017148, 5.42924559644145, 5.614364382400286, 5.152430772086077, 3.5967514261798827, 5.5611575039258465, 4.954588613895021, 4.401899497402998, 3.7185800709051016, 4.4751504178865, 4.761922323756066]}, "frame_states": [0, 0, 0, 0, 0, 0, 0, 1, 1, 1, 1, 1, 1, 1, 1, 1, 1, 1, 1, 1, 1, 1, 1, 1, 1, 1, 1, 1, 1, 1, 1, 1, 1, 1, 1, 1, 1, 1, 1, 1, 1, 1, 1, 1, 1, 1, 1, 1, 1, 1, 1, 1, 1, 1, 1, 1, 1, 1, 1, 1, 1, 1, 1, 1, 1, 1, 1, 1, 1, 1, 1, 1, 1, 1]}