{"phase1": {"shift_vectors": [[17, 4], [-1, 0], [-1, 0], [-3, 0], [-5, 0], [-5, 0], [-6, 1], [-6, 1], [-7, 0], [-4, -1], [-7, -6], [-1, 0], [-2, -1], [-3, 0], [1, 0], [1, 0], [-1, 0], [3, 0], [7, 0], [1, 0], [1, 0], [1, 0]], "stand_dev": [65.5322901782821, 65.31397210201479, 65.0668284967161, 65.07649296552992, 65.2426538392303, 65.67702851091026, 66.21765125282255, 66.92453349357571, 67.35742497767012, 67.49201213378659, 65.90098869481662, 65.9134870453072, 65.54137507755563, 65.69441449743438, 66.54938114046533, 66.7931170537054, 66.80451541244275, 66.87124731366731, 66.95265647332153, 66.93200273297447, 66.78837867498612, 66.94467705149422], "rmsdiffs": [8.589117843829188, 5.724229330297572, 5.20510630336037, 5.365876072438581, 5.418095712965547, 5.362375405662223, 5.576883696759025, 5.572031397640763, 5.598131223579809, 5.851343307012714, 6.5611641471170685, 4.042792961072804, 5.243939752811817, 5.404629583186021, 6.684467627236462, 5.405031241309067, 4.153453227005233, 5.001543456175141, 5.639500209406947, 4.7430159878240605, 4.619162136355524, 4.32353382145539]}, "horizontal_movement": [[0.16666666666666666, 0.0, 0.030303030303030304, -0.34285714285714286, -0.3055555555555556, 0.4594594594594595, 0.5945945945945946, 1.2432432432432432, 1.125, 0.0, 0.2972972972972973, 0.6153846153846154, 0.9411764705882353, 0.05405405405405406, 0.0, 0.972972972972973, 1.7142857142857142, 0.39473684210526316, 0.48717948717948717, 0.025, -1.0256410256410255, -0.39473684210526316, -0.5405405405405406], [0.21428571428571427, 0.11538461538461539, 1.037037037037037, 0.3, 1.0666666666666667, 1.16, 0.9285714285714286, 1.3928571428571428, 2.9545454545454546, 0.0, 0.3076923076923077, -0.16666666666666666, -0.2222222222222222, -1.0303030303030303, 0.0, 0.15151515151515152, -0.038461538461538464, 0.16666666666666666, 0.1935483870967742, 0.0, -1.7692307692307692, -0.6333333333333333, -0.41379310344827586], [-0.7391304347826086, -0.27586206896551724, -0.19047619047619047, 0.09375, -0.0625, 0.4444444444444444, 0.6206896551724138, -1.1304347826086956, 1.4705882352941178, 0.0, -0.3793103448275862, 0.3793103448275862, -0.2727272727272727, -0.6538461538461539, 0.0, 0.8571428571428571, 1.5714285714285714, 0.8666666666666667, 0.15151515151515152, -0.11764705882352941, -0.84, -0.41935483870967744, -0.3333333333333333], [0.5531914893617021, 0.0851063829787234, 0.22916666666666666, 0.4375, 0.5957446808510638, 1.0208333333333333, 1.6041666666666667, 1.7333333333333334, 3.9782608695652173, -0.041666666666666664, 0.6382978723404256, 1.6041666666666667, 4.266666666666667, 1.125, 0.0, 2.4782608695652173, 2.4761904761904763, 0.5833333333333334, 0.125, -0.22916666666666666, -1.6744186046511629, -0.8723404255319149, -0.8085106382978723], [0.5227272727272727, 0.5333333333333333, 1.1428571428571428, 1.7826086956521738, 1.9777777777777779, 2.6136363636363638, 3.7333333333333334, 4.021739130434782, 7.7631578947368425, 0.0, 2.022727272727273, 2.6222222222222222, 4.675, 0.9565217391304348, 0.0, 1.9111111111111112, 0.65, 0.22916666666666666, -0.3958333333333333, 0.0, -3.125, -1.425531914893617, -1.5333333333333334], [-1.2083333333333333, -1.2291666666666667, -1.75, -0.8541666666666666, -1.0416666666666667, -1.4375, -0.0625, -0.5319148936170213, 0.6086956521739131, -0.0625, -0.75, 0.4583333333333333, 2.2127659574468086, 0.4375, 0.0, 1.8541666666666667, 1.7446808510638299, 0.8541666666666666, 0.20833333333333334, 0.041666666666666664, -1.375, -0.5625, -0.6458333333333334], [0.75, 0.025, 0.5, 1.5, 1.605263157894737, 2.1578947368421053, 3.051282051282051, 3.3055555555555554, 6.875, 0.0, 1.5128205128205128, 2.9743589743589745, 7.0588235294117645, 2.1142857142857143, 0.0, 2.911764705882353, 2.28125, 0.3157894736842105, -0.5, 0.0, -3.2222222222222223, -1.3421052631578947, -1.6842105263157894], [0.9459459459459459, 0.7837837837837838, 1.7297297297297298, 2.6153846153846154, 2.1794871794871793, 3.6842105263157894, 5.027777777777778, 4.722222222222222, 8.416666666666666, 0.075, 2.8974358974358974, 3.7777777777777777, 7.27027027027027, 2.263157894736842, 0.05263157894736842, 2.473684210526316, 1.6451612903225807, 0.5641025641025641, -0.1282051282051282, -0.02631578947368421, -1.864864864864865, -0.5405405405405406, -0.631578947368421], [-0.8205128205128205, -1.8157894736842106, -0.9, -0.5128205128205128, -0.358974358974359, 0.05555555555555555, 1.2894736842105263, 1.2727272727272727, 4.714285714285714, 0.0, 1.1794871794871795, 1.8181818181818181, 4.611111111111111, 1.5263157894736843, 0.0, 2.736842105263158, 2.4871794871794872, 0.65, 0.46153846153846156, 0.125, -1.35, 0.425, 0.075]], "frame_states": [0, 0, 0, 0, 0, 0, 0, 0, 0, 1, 1, 1, 1, 1, 1, 1, 1, 1, 1, 1, 1, 1], "brightness": [121, 121, 120, 120, 119, 119, 120, 120, 119, 117, 117, 116, 116, 116, 116, 116, 116, 117, 117, 117, 117, 116, 116, 116],